id,source,origin,destination,travel_date,advance_purchase_days,base_fare,taxes_fees,fare_total,scraped_at,status
1,EaseMyTrip,DEL,BOM,2026-08-02,1,5651.88,1594.12,7246.0,2026-08-01 08:15:00,SIMULATED_BACKTEST
2,EaseMyTrip,DEL,BOM,2026-08-08,7,4451.46,1255.54,5707.0,2026-08-01 08:15:00,SIMULATED_BACKTEST
3,EaseMyTrip,DEL,BOM,2026-08-16,15,3731.52,1052.48,4784.0,2026-08-01 08:15:00,SIMULATED_BACKTEST
4,EaseMyTrip,DEL,BOM,2026-08-31,30,3304.86,932.14,4237.0,2026-08-01 08:15:00,SIMULATED_BACKTEST
5,EaseMyTrip,DEL,BOM,2026-09-15,45,3070.86,866.14,3937.0,2026-08-01 08:15:00,SIMULATED_BACKTEST
6,EaseMyTrip,BLR,DEL,2026-08-02,1,6537.96,1844.04,8382.0,2026-08-01 08:15:00,SIMULATED_BACKTEST
7,EaseMyTrip,BLR,DEL,2026-08-08,7,5158.61,1454.99,6613.6,2026-08-01 08:15:00,SIMULATED_BACKTEST
8,EaseMyTrip,BLR,DEL,2026-08-16,15,4372.68,1233.32,5606.0,2026-08-01 08:15:00,SIMULATED_BACKTEST
9,EaseMyTrip,BLR,DEL,2026-08-31,30,3878.63,1093.97,4972.6,2026-08-01 08:15:00,SIMULATED_BACKTEST
10,EaseMyTrip,BLR,DEL,2026-09-15,45,3519.36,992.64,4512.0,2026-08-01 08:15:00,SIMULATED_BACKTEST
11,EaseMyTrip,BLR,BOM,2026-08-02,1,4042.74,1140.26,5183.0,2026-08-01 08:15:00,SIMULATED_BACKTEST
12,EaseMyTrip,BLR,BOM,2026-08-08,7,3154.32,889.68,4044.0,2026-08-01 08:15:00,SIMULATED_BACKTEST
13,EaseMyTrip,BLR,BOM,2026-08-16,15,2650.44,747.56,3398.0,2026-08-01 08:15:00,SIMULATED_BACKTEST
14,EaseMyTrip,BLR,BOM,2026-08-31,30,2377.44,670.56,3048.0,2026-08-01 08:15:00,SIMULATED_BACKTEST
15,EaseMyTrip,BLR,BOM,2026-09-15,45,2102.88,593.12,2696.0,2026-08-01 08:15:00,SIMULATED_BACKTEST
16,EaseMyTrip,DEL,HYD,2026-08-02,1,4775.16,1346.84,6122.0,2026-08-01 08:15:00,SIMULATED_BACKTEST
17,EaseMyTrip,DEL,HYD,2026-08-08,7,3828.71,1079.89,4908.6,2026-08-01 08:15:00,SIMULATED_BACKTEST
18,EaseMyTrip,DEL,HYD,2026-08-16,15,3253.38,917.62,4171.0,2026-08-01 08:15:00,SIMULATED_BACKTEST
19,EaseMyTrip,DEL,HYD,2026-08-31,30,2853.71,804.89,3658.6,2026-08-01 08:15:00,SIMULATED_BACKTEST
20,EaseMyTrip,DEL,HYD,2026-09-15,45,2549.82,719.18,3269.0,2026-08-01 08:15:00,SIMULATED_BACKTEST
21,EaseMyTrip,DEL,PNQ,2026-08-02,1,4564.56,1287.44,5852.0,2026-08-01 08:15:00,SIMULATED_BACKTEST
22,EaseMyTrip,DEL,PNQ,2026-08-08,7,3535.9,997.3,4533.2,2026-08-01 08:15:00,SIMULATED_BACKTEST
23,EaseMyTrip,DEL,PNQ,2026-08-16,15,3024.84,853.16,3878.0,2026-08-01 08:15:00,SIMULATED_BACKTEST
24,EaseMyTrip,DEL,PNQ,2026-08-31,30,2713.0,765.2,3478.2,2026-08-01 08:15:00,SIMULATED_BACKTEST
25,EaseMyTrip,DEL,PNQ,2026-09-15,45,2476.5,698.5,3175.0,2026-08-01 08:15:00,SIMULATED_BACKTEST
26,EaseMyTrip,DEL,CCU,2026-08-02,1,5799.3,1635.7,7435.0,2026-08-01 08:15:00,SIMULATED_BACKTEST
27,EaseMyTrip,DEL,CCU,2026-08-08,7,4593.73,1295.67,5889.4,2026-08-01 08:15:00,SIMULATED_BACKTEST
28,EaseMyTrip,DEL,CCU,2026-08-16,15,3879.72,1094.28,4974.0,2026-08-01 08:15:00,SIMULATED_BACKTEST
29,EaseMyTrip,DEL,CCU,2026-08-31,30,3376.93,952.47,4329.4,2026-08-01 08:15:00,SIMULATED_BACKTEST
30,EaseMyTrip,DEL,CCU,2026-09-15,45,3141.84,886.16,4028.0,2026-08-01 08:15:00,SIMULATED_BACKTEST
31,EaseMyTrip,AMD,DEL,2026-08-02,1,4357.86,1229.14,5587.0,2026-08-01 08:15:00,SIMULATED_BACKTEST
32,EaseMyTrip,AMD,DEL,2026-08-08,7,3468.66,978.34,4447.0,2026-08-01 08:15:00,SIMULATED_BACKTEST
33,EaseMyTrip,AMD,DEL,2026-08-16,15,2948.4,831.6,3780.0,2026-08-01 08:15:00,SIMULATED_BACKTEST
34,EaseMyTrip,AMD,DEL,2026-08-31,30,2585.7,729.3,3315.0,2026-08-01 08:15:00,SIMULATED_BACKTEST
35,EaseMyTrip,AMD,DEL,2026-09-15,45,2342.34,660.66,3003.0,2026-08-01 08:15:00,SIMULATED_BACKTEST
36,EaseMyTrip,MAA,DEL,2026-08-02,1,6312.54,1780.46,8093.0,2026-08-01 08:15:00,SIMULATED_BACKTEST
37,EaseMyTrip,MAA,DEL,2026-08-08,7,4920.24,1387.76,6308.0,2026-08-01 08:15:00,SIMULATED_BACKTEST
38,EaseMyTrip,MAA,DEL,2026-08-16,15,4119.18,1161.82,5281.0,2026-08-01 08:15:00,SIMULATED_BACKTEST
39,EaseMyTrip,MAA,DEL,2026-08-31,30,3644.16,1027.84,4672.0,2026-08-01 08:15:00,SIMULATED_BACKTEST
40,EaseMyTrip,MAA,DEL,2026-09-15,45,3375.06,951.94,4327.0,2026-08-01 08:15:00,SIMULATED_BACKTEST
41,EaseMyTrip,HYD,BOM,2026-08-02,1,4321.98,1219.02,5541.0,2026-08-01 08:15:00,SIMULATED_BACKTEST
42,EaseMyTrip,HYD,BOM,2026-08-08,7,3338.4,941.6,4280.0,2026-08-01 08:15:00,SIMULATED_BACKTEST
43,EaseMyTrip,HYD,BOM,2026-08-16,15,2892.24,815.76,3708.0,2026-08-01 08:15:00,SIMULATED_BACKTEST
44,EaseMyTrip,HYD,BOM,2026-08-31,30,2549.04,718.96,3268.0,2026-08-01 08:15:00,SIMULATED_BACKTEST
45,EaseMyTrip,HYD,BOM,2026-09-15,45,2232.36,629.64,2862.0,2026-08-01 08:15:00,SIMULATED_BACKTEST
46,EaseMyTrip,BLR,CCU,2026-08-02,1,6112.08,1723.92,7836.0,2026-08-01 08:15:00,SIMULATED_BACKTEST
47,EaseMyTrip,BLR,CCU,2026-08-08,7,4768.45,1344.95,6113.4,2026-08-01 08:15:00,SIMULATED_BACKTEST
48,EaseMyTrip,BLR,CCU,2026-08-16,15,4091.88,1154.12,5246.0,2026-08-01 08:15:00,SIMULATED_BACKTEST
49,EaseMyTrip,BLR,CCU,2026-08-31,30,3500.95,987.45,4488.4,2026-08-01 08:15:00,SIMULATED_BACKTEST
50,EaseMyTrip,BLR,CCU,2026-09-15,45,3264.3,920.7,4185.0,2026-08-01 08:15:00,SIMULATED_BACKTEST
51,EaseMyTrip,DEL,BOM,2026-08-03,1,5763.58,1625.62,7389.2,2026-08-02 09:18:00,SIMULATED_BACKTEST
52,EaseMyTrip,DEL,BOM,2026-08-09,7,4482.49,1264.29,5746.78,2026-08-02 09:18:00,SIMULATED_BACKTEST
53,EaseMyTrip,DEL,BOM,2026-08-17,15,3786.74,1068.06,4854.8,2026-08-02 09:18:00,SIMULATED_BACKTEST
54,EaseMyTrip,DEL,BOM,2026-09-01,30,3404.81,960.33,4365.14,2026-08-02 09:18:00,SIMULATED_BACKTEST
55,EaseMyTrip,DEL,BOM,2026-09-16,45,3069.33,865.71,3935.04,2026-08-02 09:18:00,SIMULATED_BACKTEST
56,EaseMyTrip,BLR,DEL,2026-08-03,1,6673.24,1882.2,8555.44,2026-08-02 09:18:00,SIMULATED_BACKTEST
57,EaseMyTrip,BLR,DEL,2026-08-09,7,5248.35,1480.3,6728.65,2026-08-02 09:18:00,SIMULATED_BACKTEST
58,EaseMyTrip,BLR,DEL,2026-08-17,15,4374.21,1233.75,5607.96,2026-08-02 09:18:00,SIMULATED_BACKTEST
59,EaseMyTrip,BLR,DEL,2026-09-01,30,3848.64,1085.52,4934.16,2026-08-02 09:18:00,SIMULATED_BACKTEST
60,EaseMyTrip,BLR,DEL,2026-09-16,45,3539.62,998.35,4537.97,2026-08-02 09:18:00,SIMULATED_BACKTEST
61,EaseMyTrip,BLR,BOM,2026-08-03,1,4025.11,1135.29,5160.4,2026-08-02 09:18:00,SIMULATED_BACKTEST
62,EaseMyTrip,BLR,BOM,2026-08-09,7,3239.78,913.79,4153.57,2026-08-02 09:18:00,SIMULATED_BACKTEST
63,EaseMyTrip,BLR,BOM,2026-08-17,15,2685.23,757.37,3442.6,2026-08-02 09:18:00,SIMULATED_BACKTEST
64,EaseMyTrip,BLR,BOM,2026-09-01,30,2340.23,660.06,3000.29,2026-08-02 09:18:00,SIMULATED_BACKTEST
65,EaseMyTrip,BLR,BOM,2026-09-16,45,2185.62,616.46,2802.08,2026-08-02 09:18:00,SIMULATED_BACKTEST
66,EaseMyTrip,DEL,HYD,2026-08-03,1,4903.42,1383.02,6286.44,2026-08-02 09:18:00,SIMULATED_BACKTEST
67,EaseMyTrip,DEL,HYD,2026-08-09,7,3827.84,1079.65,4907.49,2026-08-02 09:18:00,SIMULATED_BACKTEST
68,EaseMyTrip,DEL,HYD,2026-08-17,15,3247.11,915.85,4162.96,2026-08-02 09:18:00,SIMULATED_BACKTEST
69,EaseMyTrip,DEL,HYD,2026-09-01,30,2815.49,794.11,3609.6,2026-08-02 09:18:00,SIMULATED_BACKTEST
70,EaseMyTrip,DEL,HYD,2026-09-16,45,2578.19,727.18,3305.37,2026-08-02 09:18:00,SIMULATED_BACKTEST
71,EaseMyTrip,DEL,PNQ,2026-08-03,1,4570.55,1289.13,5859.68,2026-08-02 09:18:00,SIMULATED_BACKTEST
72,EaseMyTrip,DEL,PNQ,2026-08-09,7,3588.72,1012.2,4600.92,2026-08-02 09:18:00,SIMULATED_BACKTEST
73,EaseMyTrip,DEL,PNQ,2026-08-17,15,3011.67,849.45,3861.12,2026-08-02 09:18:00,SIMULATED_BACKTEST
74,EaseMyTrip,DEL,PNQ,2026-09-01,30,2686.0,757.59,3443.59,2026-08-02 09:18:00,SIMULATED_BACKTEST
75,EaseMyTrip,DEL,PNQ,2026-09-16,45,2498.26,704.64,3202.9,2026-08-02 09:18:00,SIMULATED_BACKTEST
76,EaseMyTrip,DEL,CCU,2026-08-03,1,5830.31,1644.45,7474.76,2026-08-02 09:18:00,SIMULATED_BACKTEST
77,EaseMyTrip,DEL,CCU,2026-08-09,7,4583.6,1292.81,5876.41,2026-08-02 09:18:00,SIMULATED_BACKTEST
78,EaseMyTrip,DEL,CCU,2026-08-17,15,3876.48,1093.36,4969.84,2026-08-02 09:18:00,SIMULATED_BACKTEST
79,EaseMyTrip,DEL,CCU,2026-09-01,30,3485.4,983.06,4468.46,2026-08-02 09:18:00,SIMULATED_BACKTEST
80,EaseMyTrip,DEL,CCU,2026-09-16,45,3078.56,868.31,3946.87,2026-08-02 09:18:00,SIMULATED_BACKTEST
81,EaseMyTrip,AMD,DEL,2026-08-03,1,4460.82,1258.18,5719.0,2026-08-02 09:18:00,SIMULATED_BACKTEST
82,EaseMyTrip,AMD,DEL,2026-08-09,7,3458.05,975.35,4433.4,2026-08-02 09:18:00,SIMULATED_BACKTEST
83,EaseMyTrip,AMD,DEL,2026-08-17,15,2946.06,830.94,3777.0,2026-08-02 09:18:00,SIMULATED_BACKTEST
84,EaseMyTrip,AMD,DEL,2026-09-01,30,2613.31,737.09,3350.4,2026-08-02 09:18:00,SIMULATED_BACKTEST
85,EaseMyTrip,AMD,DEL,2026-09-16,45,2321.28,654.72,2976.0,2026-08-02 09:18:00,SIMULATED_BACKTEST
86,EaseMyTrip,MAA,DEL,2026-08-03,1,6304.12,1778.08,8082.2,2026-08-02 09:18:00,SIMULATED_BACKTEST
87,EaseMyTrip,MAA,DEL,2026-08-09,7,4988.49,1407.01,6395.5,2026-08-02 09:18:00,SIMULATED_BACKTEST
88,EaseMyTrip,MAA,DEL,2026-08-17,15,4154.12,1171.68,5325.8,2026-08-02 09:18:00,SIMULATED_BACKTEST
89,EaseMyTrip,MAA,DEL,2026-09-01,30,3649.35,1029.31,4678.66,2026-08-02 09:18:00,SIMULATED_BACKTEST
90,EaseMyTrip,MAA,DEL,2026-09-16,45,3379.93,953.31,4333.24,2026-08-02 09:18:00,SIMULATED_BACKTEST
91,EaseMyTrip,HYD,BOM,2026-08-03,1,4302.32,1213.48,5515.8,2026-08-02 09:18:00,SIMULATED_BACKTEST
92,EaseMyTrip,HYD,BOM,2026-08-09,7,3387.12,955.34,4342.46,2026-08-02 09:18:00,SIMULATED_BACKTEST
93,EaseMyTrip,HYD,BOM,2026-08-17,15,2816.74,794.46,3611.2,2026-08-02 09:18:00,SIMULATED_BACKTEST
94,EaseMyTrip,HYD,BOM,2026-09-01,30,2544.13,717.57,3261.7,2026-08-02 09:18:00,SIMULATED_BACKTEST
95,EaseMyTrip,HYD,BOM,2026-09-16,45,2291.92,646.44,2938.36,2026-08-02 09:18:00,SIMULATED_BACKTEST
96,EaseMyTrip,BLR,CCU,2026-08-03,1,6112.98,1724.18,7837.16,2026-08-02 09:18:00,SIMULATED_BACKTEST
97,EaseMyTrip,BLR,CCU,2026-08-09,7,4812.05,1357.25,6169.3,2026-08-02 09:18:00,SIMULATED_BACKTEST
98,EaseMyTrip,BLR,CCU,2026-08-17,15,4036.84,1138.6,5175.44,2026-08-02 09:18:00,SIMULATED_BACKTEST
99,EaseMyTrip,BLR,CCU,2026-09-01,30,3615.2,1019.67,4634.87,2026-08-02 09:18:00,SIMULATED_BACKTEST
100,EaseMyTrip,BLR,CCU,2026-09-16,45,3263.64,920.51,4184.15,2026-08-02 09:18:00,SIMULATED_BACKTEST
101,EaseMyTrip,DEL,BOM,2026-08-04,1,5717.71,1612.69,7330.4,2026-08-03 10:21:00,SIMULATED_BACKTEST
102,EaseMyTrip,DEL,BOM,2026-08-10,7,4558.76,1285.81,5844.57,2026-08-03 10:21:00,SIMULATED_BACKTEST
103,EaseMyTrip,DEL,BOM,2026-08-18,15,3797.51,1071.09,4868.6,2026-08-03 10:21:00,SIMULATED_BACKTEST
104,EaseMyTrip,DEL,BOM,2026-09-02,30,3425.99,966.3,4392.29,2026-08-03 10:21:00,SIMULATED_BACKTEST
105,EaseMyTrip,DEL,BOM,2026-09-17,45,3093.54,872.54,3966.08,2026-08-03 10:21:00,SIMULATED_BACKTEST
106,EaseMyTrip,BLR,DEL,2026-08-04,1,6709.47,1892.41,8601.88,2026-08-03 10:21:00,SIMULATED_BACKTEST
107,EaseMyTrip,BLR,DEL,2026-08-10,7,5292.85,1492.86,6785.71,2026-08-03 10:21:00,SIMULATED_BACKTEST
108,EaseMyTrip,BLR,DEL,2026-08-18,15,4507.56,1271.36,5778.92,2026-08-03 10:21:00,SIMULATED_BACKTEST
109,EaseMyTrip,BLR,DEL,2026-09-02,30,3898.23,1099.5,4997.73,2026-08-03 10:21:00,SIMULATED_BACKTEST
110,EaseMyTrip,BLR,DEL,2026-09-17,45,3584.83,1011.11,4595.94,2026-08-03 10:21:00,SIMULATED_BACKTEST
111,EaseMyTrip,BLR,BOM,2026-08-04,1,4079.24,1150.56,5229.8,2026-08-03 10:21:00,SIMULATED_BACKTEST
112,EaseMyTrip,BLR,BOM,2026-08-10,7,3180.17,896.97,4077.14,2026-08-03 10:21:00,SIMULATED_BACKTEST
113,EaseMyTrip,BLR,BOM,2026-08-18,15,2776.96,783.24,3560.2,2026-08-03 10:21:00,SIMULATED_BACKTEST
114,EaseMyTrip,BLR,BOM,2026-09-02,30,2392.71,674.87,3067.58,2026-08-03 10:21:00,SIMULATED_BACKTEST
115,EaseMyTrip,BLR,BOM,2026-09-17,45,2231.7,629.46,2861.16,2026-08-03 10:21:00,SIMULATED_BACKTEST
116,EaseMyTrip,DEL,HYD,2026-08-04,1,4922.49,1388.39,6310.88,2026-08-03 10:21:00,SIMULATED_BACKTEST
117,EaseMyTrip,DEL,HYD,2026-08-10,7,3902.64,1100.75,5003.39,2026-08-03 10:21:00,SIMULATED_BACKTEST
118,EaseMyTrip,DEL,HYD,2026-08-18,15,3243.96,914.96,4158.92,2026-08-03 10:21:00,SIMULATED_BACKTEST
119,EaseMyTrip,DEL,HYD,2026-09-02,30,2909.88,820.73,3730.61,2026-08-03 10:21:00,SIMULATED_BACKTEST
120,EaseMyTrip,DEL,HYD,2026-09-17,45,2647.12,746.62,3393.74,2026-08-03 10:21:00,SIMULATED_BACKTEST
121,EaseMyTrip,DEL,PNQ,2026-08-04,1,4656.88,1313.48,5970.36,2026-08-03 10:21:00,SIMULATED_BACKTEST
122,EaseMyTrip,DEL,PNQ,2026-08-10,7,3635.3,1025.34,4660.64,2026-08-03 10:21:00,SIMULATED_BACKTEST
123,EaseMyTrip,DEL,PNQ,2026-08-18,15,3096.01,873.23,3969.24,2026-08-03 10:21:00,SIMULATED_BACKTEST
124,EaseMyTrip,DEL,PNQ,2026-09-02,30,2709.7,764.27,3473.97,2026-08-03 10:21:00,SIMULATED_BACKTEST
125,EaseMyTrip,DEL,PNQ,2026-09-17,45,2415.5,681.29,3096.79,2026-08-03 10:21:00,SIMULATED_BACKTEST
126,EaseMyTrip,DEL,CCU,2026-08-04,1,5880.05,1658.47,7538.52,2026-08-03 10:21:00,SIMULATED_BACKTEST
127,EaseMyTrip,DEL,CCU,2026-08-10,7,4706.07,1327.35,6033.42,2026-08-03 10:21:00,SIMULATED_BACKTEST
128,EaseMyTrip,DEL,CCU,2026-08-18,15,3926.27,1107.41,5033.68,2026-08-03 10:21:00,SIMULATED_BACKTEST
129,EaseMyTrip,DEL,CCU,2026-09-02,30,3462.05,976.47,4438.52,2026-08-03 10:21:00,SIMULATED_BACKTEST
130,EaseMyTrip,DEL,CCU,2026-09-17,45,3114.34,878.4,3992.74,2026-08-03 10:21:00,SIMULATED_BACKTEST
131,EaseMyTrip,AMD,DEL,2026-08-04,1,4425.72,1248.28,5674.0,2026-08-03 10:21:00,SIMULATED_BACKTEST
132,EaseMyTrip,AMD,DEL,2026-08-10,7,3492.68,985.12,4477.8,2026-08-03 10:21:00,SIMULATED_BACKTEST
133,EaseMyTrip,AMD,DEL,2026-08-18,15,3006.9,848.1,3855.0,2026-08-03 10:21:00,SIMULATED_BACKTEST
134,EaseMyTrip,AMD,DEL,2026-09-02,30,2614.4,737.4,3351.8,2026-08-03 10:21:00,SIMULATED_BACKTEST
135,EaseMyTrip,AMD,DEL,2026-09-17,45,2410.2,679.8,3090.0,2026-08-03 10:21:00,SIMULATED_BACKTEST
136,EaseMyTrip,MAA,DEL,2026-08-04,1,6384.61,1800.79,8185.4,2026-08-03 10:21:00,SIMULATED_BACKTEST
137,EaseMyTrip,MAA,DEL,2026-08-10,7,4967.83,1401.18,6369.01,2026-08-03 10:21:00,SIMULATED_BACKTEST
138,EaseMyTrip,MAA,DEL,2026-08-18,15,4214.81,1188.79,5403.6,2026-08-03 10:21:00,SIMULATED_BACKTEST
139,EaseMyTrip,MAA,DEL,2026-09-02,30,3741.14,1055.19,4796.33,2026-08-03 10:21:00,SIMULATED_BACKTEST
140,EaseMyTrip,MAA,DEL,2026-09-17,45,3353.59,945.89,4299.48,2026-08-03 10:21:00,SIMULATED_BACKTEST
141,EaseMyTrip,HYD,BOM,2026-08-04,1,4390.31,1238.29,5628.6,2026-08-03 10:21:00,SIMULATED_BACKTEST
142,EaseMyTrip,HYD,BOM,2026-08-10,7,3403.85,960.06,4363.91,2026-08-03 10:21:00,SIMULATED_BACKTEST
143,EaseMyTrip,HYD,BOM,2026-08-18,15,2892.55,815.85,3708.4,2026-08-03 10:21:00,SIMULATED_BACKTEST
144,EaseMyTrip,HYD,BOM,2026-09-02,30,2513.46,708.93,3222.39,2026-08-03 10:21:00,SIMULATED_BACKTEST
145,EaseMyTrip,HYD,BOM,2026-09-17,45,2311.7,652.02,2963.72,2026-08-03 10:21:00,SIMULATED_BACKTEST
146,EaseMyTrip,BLR,CCU,2026-08-04,1,6174.73,1741.59,7916.32,2026-08-03 10:21:00,SIMULATED_BACKTEST
147,EaseMyTrip,BLR,CCU,2026-08-10,7,4885.3,1377.9,6263.2,2026-08-03 10:21:00,SIMULATED_BACKTEST
148,EaseMyTrip,BLR,CCU,2026-08-18,15,4101.93,1156.95,5258.88,2026-08-03 10:21:00,SIMULATED_BACKTEST
149,EaseMyTrip,BLR,CCU,2026-09-02,30,3651.44,1029.89,4681.33,2026-08-03 10:21:00,SIMULATED_BACKTEST
150,EaseMyTrip,BLR,CCU,2026-09-17,45,3294.95,929.35,4224.3,2026-08-03 10:21:00,SIMULATED_BACKTEST
151,EaseMyTrip,DEL,BOM,2026-08-05,1,5795.09,1634.51,7429.6,2026-08-04 11:24:00,SIMULATED_BACKTEST
152,EaseMyTrip,DEL,BOM,2026-08-11,7,4562.49,1286.86,5849.35,2026-08-04 11:24:00,SIMULATED_BACKTEST
153,EaseMyTrip,DEL,BOM,2026-08-19,15,3918.25,1105.15,5023.4,2026-08-04 11:24:00,SIMULATED_BACKTEST
154,EaseMyTrip,DEL,BOM,2026-09-03,30,3429.22,967.21,4396.43,2026-08-04 11:24:00,SIMULATED_BACKTEST
155,EaseMyTrip,DEL,BOM,2026-09-18,45,3152.85,889.27,4042.12,2026-08-04 11:24:00,SIMULATED_BACKTEST
156,EaseMyTrip,BLR,DEL,2026-08-05,1,6687.19,1886.13,8573.32,2026-08-04 11:24:00,SIMULATED_BACKTEST
157,EaseMyTrip,BLR,DEL,2026-08-11,7,5298.35,1494.41,6792.76,2026-08-04 11:24:00,SIMULATED_BACKTEST
158,EaseMyTrip,BLR,DEL,2026-08-19,15,4531.71,1278.17,5809.88,2026-08-04 11:24:00,SIMULATED_BACKTEST
159,EaseMyTrip,BLR,DEL,2026-09-03,30,3950.15,1114.14,5064.29,2026-08-04 11:24:00,SIMULATED_BACKTEST
160,EaseMyTrip,BLR,DEL,2026-09-18,45,3602.74,1016.16,4618.9,2026-08-04 11:24:00,SIMULATED_BACKTEST
161,EaseMyTrip,BLR,BOM,2026-08-05,1,4177.06,1178.14,5355.2,2026-08-04 11:24:00,SIMULATED_BACKTEST
162,EaseMyTrip,BLR,BOM,2026-08-11,7,3273.43,923.27,4196.7,2026-08-04 11:24:00,SIMULATED_BACKTEST
163,EaseMyTrip,BLR,BOM,2026-08-19,15,2767.28,780.52,3547.8,2026-08-04 11:24:00,SIMULATED_BACKTEST
164,EaseMyTrip,BLR,BOM,2026-09-03,30,2463.13,694.73,3157.86,2026-08-04 11:24:00,SIMULATED_BACKTEST
165,EaseMyTrip,BLR,BOM,2026-09-18,45,2251.27,634.97,2886.24,2026-08-04 11:24:00,SIMULATED_BACKTEST
166,EaseMyTrip,DEL,HYD,2026-08-05,1,4981.33,1404.99,6386.32,2026-08-04 11:24:00,SIMULATED_BACKTEST
167,EaseMyTrip,DEL,HYD,2026-08-11,7,3829.24,1080.04,4909.28,2026-08-04 11:24:00,SIMULATED_BACKTEST
168,EaseMyTrip,DEL,HYD,2026-08-19,15,3304.77,932.11,4236.88,2026-08-04 11:24:00,SIMULATED_BACKTEST
169,EaseMyTrip,DEL,HYD,2026-09-03,30,2879.46,812.15,3691.61,2026-08-04 11:24:00,SIMULATED_BACKTEST
170,EaseMyTrip,DEL,HYD,2026-09-18,45,2646.62,746.48,3393.1,2026-08-04 11:24:00,SIMULATED_BACKTEST
171,EaseMyTrip,DEL,PNQ,2026-08-05,1,4670.67,1317.37,5988.04,2026-08-04 11:24:00,SIMULATED_BACKTEST
172,EaseMyTrip,DEL,PNQ,2026-08-11,7,3713.86,1047.5,4761.36,2026-08-04 11:24:00,SIMULATED_BACKTEST
173,EaseMyTrip,DEL,PNQ,2026-08-19,15,3123.4,880.96,4004.36,2026-08-04 11:24:00,SIMULATED_BACKTEST
174,EaseMyTrip,DEL,PNQ,2026-09-03,30,2783.32,785.04,3568.36,2026-08-04 11:24:00,SIMULATED_BACKTEST
175,EaseMyTrip,DEL,PNQ,2026-09-18,45,2534.76,714.93,3249.69,2026-08-04 11:24:00,SIMULATED_BACKTEST
176,EaseMyTrip,DEL,CCU,2026-08-05,1,5960.2,1681.08,7641.28,2026-08-04 11:24:00,SIMULATED_BACKTEST
177,EaseMyTrip,DEL,CCU,2026-08-11,7,4723.24,1332.19,6055.43,2026-08-04 11:24:00,SIMULATED_BACKTEST
178,EaseMyTrip,DEL,CCU,2026-08-19,15,3953.45,1115.07,5068.52,2026-08-04 11:24:00,SIMULATED_BACKTEST
179,EaseMyTrip,DEL,CCU,2026-09-03,30,3494.85,985.73,4480.58,2026-08-04 11:24:00,SIMULATED_BACKTEST
180,EaseMyTrip,DEL,CCU,2026-09-18,45,3230.46,911.16,4141.62,2026-08-04 11:24:00,SIMULATED_BACKTEST
181,EaseMyTrip,AMD,DEL,2026-08-05,1,4537.26,1279.74,5817.0,2026-08-04 11:24:00,SIMULATED_BACKTEST
182,EaseMyTrip,AMD,DEL,2026-08-11,7,3520.3,992.9,4513.2,2026-08-04 11:24:00,SIMULATED_BACKTEST
183,EaseMyTrip,AMD,DEL,2026-08-19,15,2994.42,844.58,3839.0,2026-08-04 11:24:00,SIMULATED_BACKTEST
184,EaseMyTrip,AMD,DEL,2026-09-03,30,2658.4,749.8,3408.2,2026-08-04 11:24:00,SIMULATED_BACKTEST
185,EaseMyTrip,AMD,DEL,2026-09-18,45,2375.88,670.12,3046.0,2026-08-04 11:24:00,SIMULATED_BACKTEST
186,EaseMyTrip,MAA,DEL,2026-08-05,1,6441.71,1816.89,8258.6,2026-08-04 11:24:00,SIMULATED_BACKTEST
187,EaseMyTrip,MAA,DEL,2026-08-11,7,5090.68,1435.83,6526.51,2026-08-04 11:24:00,SIMULATED_BACKTEST
188,EaseMyTrip,MAA,DEL,2026-08-19,15,4241.17,1196.23,5437.4,2026-08-04 11:24:00,SIMULATED_BACKTEST
189,EaseMyTrip,MAA,DEL,2026-09-03,30,3768.17,1062.82,4830.99,2026-08-04 11:24:00,SIMULATED_BACKTEST
190,EaseMyTrip,MAA,DEL,2026-09-18,45,3370.94,950.78,4321.72,2026-08-04 11:24:00,SIMULATED_BACKTEST
191,EaseMyTrip,HYD,BOM,2026-08-05,1,4360.51,1229.89,5590.4,2026-08-04 11:24:00,SIMULATED_BACKTEST
192,EaseMyTrip,HYD,BOM,2026-08-11,7,3457.25,975.12,4432.37,2026-08-04 11:24:00,SIMULATED_BACKTEST
193,EaseMyTrip,HYD,BOM,2026-08-19,15,2934.83,827.77,3762.6,2026-08-04 11:24:00,SIMULATED_BACKTEST
194,EaseMyTrip,HYD,BOM,2026-09-03,30,2580.31,727.78,3308.09,2026-08-04 11:24:00,SIMULATED_BACKTEST
195,EaseMyTrip,HYD,BOM,2026-09-18,45,2379.06,671.02,3050.08,2026-08-04 11:24:00,SIMULATED_BACKTEST
196,EaseMyTrip,BLR,CCU,2026-08-05,1,6204.49,1749.99,7954.48,2026-08-04 11:24:00,SIMULATED_BACKTEST
197,EaseMyTrip,BLR,CCU,2026-08-11,7,4901.6,1382.5,6284.1,2026-08-04 11:24:00,SIMULATED_BACKTEST
198,EaseMyTrip,BLR,CCU,2026-08-19,15,4085.89,1152.43,5238.32,2026-08-04 11:24:00,SIMULATED_BACKTEST
199,EaseMyTrip,BLR,CCU,2026-09-03,30,3588.62,1012.18,4600.8,2026-08-04 11:24:00,SIMULATED_BACKTEST
200,EaseMyTrip,BLR,CCU,2026-09-18,45,3323.16,937.3,4260.46,2026-08-04 11:24:00,SIMULATED_BACKTEST
201,EaseMyTrip,DEL,BOM,2026-08-06,1,5865.44,1654.36,7519.8,2026-08-05 08:27:00,SIMULATED_BACKTEST
202,EaseMyTrip,DEL,BOM,2026-08-12,7,4641.89,1309.25,5951.14,2026-08-05 08:27:00,SIMULATED_BACKTEST
203,EaseMyTrip,DEL,BOM,2026-08-20,15,3895.48,1098.72,4994.2,2026-08-05 08:27:00,SIMULATED_BACKTEST
204,EaseMyTrip,DEL,BOM,2026-09-04,30,3387.21,955.37,4342.58,2026-08-05 08:27:00,SIMULATED_BACKTEST
205,EaseMyTrip,DEL,BOM,2026-09-19,45,3136.5,884.66,4021.16,2026-08-05 08:27:00,SIMULATED_BACKTEST
206,EaseMyTrip,BLR,DEL,2026-08-06,1,6836.51,1928.25,8764.76,2026-08-05 08:27:00,SIMULATED_BACKTEST
207,EaseMyTrip,BLR,DEL,2026-08-12,7,5386.53,1519.28,6905.81,2026-08-05 08:27:00,SIMULATED_BACKTEST
208,EaseMyTrip,BLR,DEL,2026-08-20,15,4472.4,1261.44,5733.84,2026-08-05 08:27:00,SIMULATED_BACKTEST
209,EaseMyTrip,BLR,DEL,2026-09-04,30,3937.33,1110.53,5047.86,2026-08-05 08:27:00,SIMULATED_BACKTEST
210,EaseMyTrip,BLR,DEL,2026-09-19,45,3645.62,1028.25,4673.87,2026-08-05 08:27:00,SIMULATED_BACKTEST
211,EaseMyTrip,BLR,BOM,2026-08-06,1,4153.19,1171.41,5324.6,2026-08-05 08:27:00,SIMULATED_BACKTEST
212,EaseMyTrip,BLR,BOM,2026-08-12,7,3257.49,918.78,4176.27,2026-08-05 08:27:00,SIMULATED_BACKTEST
213,EaseMyTrip,BLR,BOM,2026-08-20,15,2768.53,780.87,3549.4,2026-08-05 08:27:00,SIMULATED_BACKTEST
214,EaseMyTrip,BLR,BOM,2026-09-04,30,2493.78,703.37,3197.15,2026-08-05 08:27:00,SIMULATED_BACKTEST
215,EaseMyTrip,BLR,BOM,2026-09-19,45,2197.51,619.81,2817.32,2026-08-05 08:27:00,SIMULATED_BACKTEST
216,EaseMyTrip,DEL,HYD,2026-08-06,1,4989.47,1407.29,6396.76,2026-08-05 08:27:00,SIMULATED_BACKTEST
217,EaseMyTrip,DEL,HYD,2026-08-12,7,3948.49,1113.68,5062.17,2026-08-05 08:27:00,SIMULATED_BACKTEST
218,EaseMyTrip,DEL,HYD,2026-08-20,15,3351.54,945.3,4296.84,2026-08-05 08:27:00,SIMULATED_BACKTEST
219,EaseMyTrip,DEL,HYD,2026-09-04,30,2933.28,827.34,3760.62,2026-08-05 08:27:00,SIMULATED_BACKTEST
220,EaseMyTrip,DEL,HYD,2026-09-19,45,2696.05,760.42,3456.47,2026-08-05 08:27:00,SIMULATED_BACKTEST
221,EaseMyTrip,DEL,PNQ,2026-08-06,1,4727.36,1333.36,6060.72,2026-08-05 08:27:00,SIMULATED_BACKTEST
222,EaseMyTrip,DEL,PNQ,2026-08-12,7,3722.23,1049.86,4772.09,2026-08-05 08:27:00,SIMULATED_BACKTEST
223,EaseMyTrip,DEL,PNQ,2026-08-20,15,3153.13,889.35,4042.48,2026-08-05 08:27:00,SIMULATED_BACKTEST
224,EaseMyTrip,DEL,PNQ,2026-09-04,30,2760.22,778.52,3538.74,2026-08-05 08:27:00,SIMULATED_BACKTEST
225,EaseMyTrip,DEL,PNQ,2026-09-19,45,2512.83,708.75,3221.58,2026-08-05 08:27:00,SIMULATED_BACKTEST
226,EaseMyTrip,DEL,CCU,2026-08-06,1,6036.45,1702.59,7739.04,2026-08-05 08:27:00,SIMULATED_BACKTEST
227,EaseMyTrip,DEL,CCU,2026-08-12,7,4684.24,1321.2,6005.44,2026-08-05 08:27:00,SIMULATED_BACKTEST
228,EaseMyTrip,DEL,CCU,2026-08-20,15,3954.88,1115.48,5070.36,2026-08-05 08:27:00,SIMULATED_BACKTEST
229,EaseMyTrip,DEL,CCU,2026-09-04,30,3537.02,997.62,4534.64,2026-08-05 08:27:00,SIMULATED_BACKTEST
230,EaseMyTrip,DEL,CCU,2026-09-19,45,3180.44,897.05,4077.49,2026-08-05 08:27:00,SIMULATED_BACKTEST
231,EaseMyTrip,AMD,DEL,2026-08-06,1,4488.9,1266.1,5755.0,2026-08-05 08:27:00,SIMULATED_BACKTEST
232,EaseMyTrip,AMD,DEL,2026-08-12,7,3541.67,998.93,4540.6,2026-08-05 08:27:00,SIMULATED_BACKTEST
233,EaseMyTrip,AMD,DEL,2026-08-20,15,2975.7,839.3,3815.0,2026-08-05 08:27:00,SIMULATED_BACKTEST
234,EaseMyTrip,AMD,DEL,2026-09-04,30,2664.95,751.65,3416.6,2026-08-05 08:27:00,SIMULATED_BACKTEST
235,EaseMyTrip,AMD,DEL,2026-09-19,45,2446.08,689.92,3136.0,2026-08-05 08:27:00,SIMULATED_BACKTEST
236,EaseMyTrip,MAA,DEL,2026-08-06,1,6474.62,1826.18,8300.8,2026-08-05 08:27:00,SIMULATED_BACKTEST
237,EaseMyTrip,MAA,DEL,2026-08-12,7,5045.84,1423.18,6469.02,2026-08-05 08:27:00,SIMULATED_BACKTEST
238,EaseMyTrip,MAA,DEL,2026-08-20,15,4271.44,1204.76,5476.2,2026-08-05 08:27:00,SIMULATED_BACKTEST
239,EaseMyTrip,MAA,DEL,2026-09-04,30,3843.57,1084.09,4927.66,2026-08-05 08:27:00,SIMULATED_BACKTEST
240,EaseMyTrip,MAA,DEL,2026-09-19,45,3484.23,982.73,4466.96,2026-08-05 08:27:00,SIMULATED_BACKTEST
241,EaseMyTrip,HYD,BOM,2026-08-06,1,4447.72,1254.48,5702.2,2026-08-05 08:27:00,SIMULATED_BACKTEST
242,EaseMyTrip,HYD,BOM,2026-08-12,7,3496.6,986.22,4482.82,2026-08-05 08:27:00,SIMULATED_BACKTEST
243,EaseMyTrip,HYD,BOM,2026-08-20,15,2950.58,832.22,3782.8,2026-08-05 08:27:00,SIMULATED_BACKTEST
244,EaseMyTrip,HYD,BOM,2026-09-04,30,2617.51,738.27,3355.78,2026-08-05 08:27:00,SIMULATED_BACKTEST
245,EaseMyTrip,HYD,BOM,2026-09-19,45,2402.74,677.7,3080.44,2026-08-05 08:27:00,SIMULATED_BACKTEST
246,EaseMyTrip,BLR,CCU,2026-08-06,1,6239.72,1759.92,7999.64,2026-08-05 08:27:00,SIMULATED_BACKTEST
247,EaseMyTrip,BLR,CCU,2026-08-12,7,4921.02,1387.98,6309.0,2026-08-05 08:27:00,SIMULATED_BACKTEST
248,EaseMyTrip,BLR,CCU,2026-08-20,15,4168.91,1175.85,5344.76,2026-08-05 08:27:00,SIMULATED_BACKTEST
249,EaseMyTrip,BLR,CCU,2026-09-04,30,3666.21,1034.06,4700.27,2026-08-05 08:27:00,SIMULATED_BACKTEST
250,EaseMyTrip,BLR,CCU,2026-09-19,45,3328.74,938.87,4267.61,2026-08-05 08:27:00,SIMULATED_BACKTEST
251,EaseMyTrip,DEL,BOM,2026-08-07,1,5857.02,1651.98,7509.0,2026-08-06 09:30:00,SIMULATED_BACKTEST
252,EaseMyTrip,DEL,BOM,2026-08-13,7,4690.08,1322.84,6012.92,2026-08-06 09:30:00,SIMULATED_BACKTEST
253,EaseMyTrip,DEL,BOM,2026-08-21,15,3985.8,1124.2,5110.0,2026-08-06 09:30:00,SIMULATED_BACKTEST
254,EaseMyTrip,DEL,BOM,2026-09-05,30,3480.14,981.58,4461.72,2026-08-06 09:30:00,SIMULATED_BACKTEST
255,EaseMyTrip,DEL,BOM,2026-09-20,45,3119.38,879.82,3999.2,2026-08-06 09:30:00,SIMULATED_BACKTEST
256,EaseMyTrip,BLR,DEL,2026-08-07,1,6825.16,1925.04,8750.2,2026-08-06 09:30:00,SIMULATED_BACKTEST
257,EaseMyTrip,BLR,DEL,2026-08-13,7,5416.21,1527.65,6943.86,2026-08-06 09:30:00,SIMULATED_BACKTEST
258,EaseMyTrip,BLR,DEL,2026-08-21,15,4600.28,1297.52,5897.8,2026-08-06 09:30:00,SIMULATED_BACKTEST
259,EaseMyTrip,BLR,DEL,2026-09-05,30,4053.21,1143.21,5196.42,2026-08-06 09:30:00,SIMULATED_BACKTEST
260,EaseMyTrip,BLR,DEL,2026-09-20,45,3656.52,1031.32,4687.84,2026-08-06 09:30:00,SIMULATED_BACKTEST
261,EaseMyTrip,BLR,BOM,2026-08-07,1,4169.1,1175.9,5345.0,2026-08-06 09:30:00,SIMULATED_BACKTEST
262,EaseMyTrip,BLR,BOM,2026-08-13,7,3263.4,920.44,4183.84,2026-08-06 09:30:00,SIMULATED_BACKTEST
263,EaseMyTrip,BLR,BOM,2026-08-21,15,2756.52,777.48,3534.0,2026-08-06 09:30:00,SIMULATED_BACKTEST
264,EaseMyTrip,BLR,BOM,2026-09-05,30,2451.1,691.34,3142.44,2026-08-06 09:30:00,SIMULATED_BACKTEST
265,EaseMyTrip,BLR,BOM,2026-09-20,45,2280.25,643.15,2923.4,2026-08-06 09:30:00,SIMULATED_BACKTEST
266,EaseMyTrip,DEL,HYD,2026-08-07,1,5065.48,1428.72,6494.2,2026-08-06 09:30:00,SIMULATED_BACKTEST
267,EaseMyTrip,DEL,HYD,2026-08-13,7,3926.57,1107.49,5034.06,2026-08-06 09:30:00,SIMULATED_BACKTEST
268,EaseMyTrip,DEL,HYD,2026-08-21,15,3378.8,953.0,4331.8,2026-08-06 09:30:00,SIMULATED_BACKTEST
269,EaseMyTrip,DEL,HYD,2026-09-05,30,2983.98,841.64,3825.62,2026-08-06 09:30:00,SIMULATED_BACKTEST
270,EaseMyTrip,DEL,HYD,2026-09-20,45,2643.3,745.54,3388.84,2026-08-06 09:30:00,SIMULATED_BACKTEST
271,EaseMyTrip,DEL,PNQ,2026-08-07,1,4764.55,1343.85,6108.4,2026-08-06 09:30:00,SIMULATED_BACKTEST
272,EaseMyTrip,DEL,PNQ,2026-08-13,7,3766.47,1062.34,4828.81,2026-08-06 09:30:00,SIMULATED_BACKTEST
273,EaseMyTrip,DEL,PNQ,2026-08-21,15,3148.55,888.05,4036.6,2026-08-06 09:30:00,SIMULATED_BACKTEST
274,EaseMyTrip,DEL,PNQ,2026-09-05,30,2733.22,770.91,3504.13,2026-08-06 09:30:00,SIMULATED_BACKTEST
275,EaseMyTrip,DEL,PNQ,2026-09-20,45,2554.87,720.61,3275.48,2026-08-06 09:30:00,SIMULATED_BACKTEST
276,EaseMyTrip,DEL,CCU,2026-08-07,1,6065.12,1710.68,7775.8,2026-08-06 09:30:00,SIMULATED_BACKTEST
277,EaseMyTrip,DEL,CCU,2026-08-13,7,4728.72,1333.74,6062.46,2026-08-06 09:30:00,SIMULATED_BACKTEST
278,EaseMyTrip,DEL,CCU,2026-08-21,15,4090.48,1153.72,5244.2,2026-08-06 09:30:00,SIMULATED_BACKTEST
279,EaseMyTrip,DEL,CCU,2026-09-05,30,3578.41,1009.29,4587.7,2026-08-06 09:30:00,SIMULATED_BACKTEST
280,EaseMyTrip,DEL,CCU,2026-09-20,45,3275.5,923.86,4199.36,2026-08-06 09:30:00,SIMULATED_BACKTEST
281,EaseMyTrip,AMD,DEL,2026-08-07,1,4590.3,1294.7,5885.0,2026-08-06 09:30:00,SIMULATED_BACKTEST
282,EaseMyTrip,AMD,DEL,2026-08-13,7,3563.04,1004.96,4568.0,2026-08-06 09:30:00,SIMULATED_BACKTEST
283,EaseMyTrip,AMD,DEL,2026-08-21,15,3036.54,856.46,3893.0,2026-08-06 09:30:00,SIMULATED_BACKTEST
284,EaseMyTrip,AMD,DEL,2026-09-05,30,2625.48,740.52,3366.0,2026-08-06 09:30:00,SIMULATED_BACKTEST
285,EaseMyTrip,AMD,DEL,2026-09-20,45,2478.06,698.94,3177.0,2026-08-06 09:30:00,SIMULATED_BACKTEST
286,EaseMyTrip,MAA,DEL,2026-08-07,1,6460.74,1822.26,8283.0,2026-08-06 09:30:00,SIMULATED_BACKTEST
287,EaseMyTrip,MAA,DEL,2026-08-13,7,5076.65,1431.87,6508.52,2026-08-06 09:30:00,SIMULATED_BACKTEST
288,EaseMyTrip,MAA,DEL,2026-08-21,15,4376.58,1234.42,5611.0,2026-08-06 09:30:00,SIMULATED_BACKTEST
289,EaseMyTrip,MAA,DEL,2026-09-05,30,3767.65,1062.67,4830.32,2026-08-06 09:30:00,SIMULATED_BACKTEST
290,EaseMyTrip,MAA,DEL,2026-09-20,45,3496.12,986.08,4482.2,2026-08-06 09:30:00,SIMULATED_BACKTEST
291,EaseMyTrip,HYD,BOM,2026-08-07,1,4494.36,1267.64,5762.0,2026-08-06 09:30:00,SIMULATED_BACKTEST
292,EaseMyTrip,HYD,BOM,2026-08-13,7,3459.52,975.76,4435.28,2026-08-06 09:30:00,SIMULATED_BACKTEST
293,EaseMyTrip,HYD,BOM,2026-08-21,15,2984.28,841.72,3826.0,2026-08-06 09:30:00,SIMULATED_BACKTEST
294,EaseMyTrip,HYD,BOM,2026-09-05,30,2629.75,741.73,3371.48,2026-08-06 09:30:00,SIMULATED_BACKTEST
295,EaseMyTrip,HYD,BOM,2026-09-20,45,2350.76,663.04,3013.8,2026-08-06 09:30:00,SIMULATED_BACKTEST
296,EaseMyTrip,BLR,CCU,2026-08-07,1,6317.84,1781.96,8099.8,2026-08-06 09:30:00,SIMULATED_BACKTEST
297,EaseMyTrip,BLR,CCU,2026-08-13,7,4936.54,1392.36,6328.9,2026-08-06 09:30:00,SIMULATED_BACKTEST
298,EaseMyTrip,BLR,CCU,2026-08-21,15,4219.96,1190.24,5410.2,2026-08-06 09:30:00,SIMULATED_BACKTEST
299,EaseMyTrip,BLR,CCU,2026-09-05,30,3732.88,1052.86,4785.74,2026-08-06 09:30:00,SIMULATED_BACKTEST
300,EaseMyTrip,BLR,CCU,2026-09-20,45,3372.53,951.23,4323.76,2026-08-06 09:30:00,SIMULATED_BACKTEST
301,EaseMyTrip,DEL,BOM,2026-08-08,1,6000.7,1692.5,7693.2,2026-08-07 10:33:00,SIMULATED_BACKTEST
302,EaseMyTrip,DEL,BOM,2026-08-14,7,4655.59,1313.11,5968.7,2026-08-07 10:33:00,SIMULATED_BACKTEST
303,EaseMyTrip,DEL,BOM,2026-08-22,15,3971.6,1120.2,5091.8,2026-08-07 10:33:00,SIMULATED_BACKTEST
304,EaseMyTrip,DEL,BOM,2026-09-06,30,3504.43,988.43,4492.86,2026-08-07 10:33:00,SIMULATED_BACKTEST
305,EaseMyTrip,DEL,BOM,2026-09-21,45,3194.29,900.95,4095.24,2026-08-07 10:33:00,SIMULATED_BACKTEST
306,EaseMyTrip,BLR,DEL,2026-08-08,1,6923.78,1952.86,8876.64,2026-08-07 10:33:00,SIMULATED_BACKTEST
307,EaseMyTrip,BLR,DEL,2026-08-14,7,5406.12,1524.8,6930.92,2026-08-07 10:33:00,SIMULATED_BACKTEST
308,EaseMyTrip,BLR,DEL,2026-08-22,15,4540.19,1280.57,5820.76,2026-08-07 10:33:00,SIMULATED_BACKTEST
309,EaseMyTrip,BLR,DEL,2026-09-06,30,4045.85,1141.14,5186.99,2026-08-07 10:33:00,SIMULATED_BACKTEST
310,EaseMyTrip,BLR,DEL,2026-09-21,45,3680.67,1038.14,4718.81,2026-08-07 10:33:00,SIMULATED_BACKTEST
311,EaseMyTrip,BLR,BOM,2026-08-08,1,4177.99,1178.41,5356.4,2026-08-07 10:33:00,SIMULATED_BACKTEST
312,EaseMyTrip,BLR,BOM,2026-08-14,7,3314.54,934.87,4249.41,2026-08-07 10:33:00,SIMULATED_BACKTEST
313,EaseMyTrip,BLR,BOM,2026-08-22,15,2785.07,785.53,3570.6,2026-08-07 10:33:00,SIMULATED_BACKTEST
314,EaseMyTrip,BLR,BOM,2026-09-06,30,2527.77,712.96,3240.73,2026-08-07 10:33:00,SIMULATED_BACKTEST
315,EaseMyTrip,BLR,BOM,2026-09-21,45,2292.01,646.47,2938.48,2026-08-07 10:33:00,SIMULATED_BACKTEST
316,EaseMyTrip,DEL,HYD,2026-08-08,1,5046.32,1423.32,6469.64,2026-08-07 10:33:00,SIMULATED_BACKTEST
317,EaseMyTrip,DEL,HYD,2026-08-14,7,3935.85,1110.11,5045.96,2026-08-07 10:33:00,SIMULATED_BACKTEST
318,EaseMyTrip,DEL,HYD,2026-08-22,15,3313.25,934.51,4247.76,2026-08-07 10:33:00,SIMULATED_BACKTEST
319,EaseMyTrip,DEL,HYD,2026-09-06,30,2913.01,821.62,3734.63,2026-08-07 10:33:00,SIMULATED_BACKTEST
320,EaseMyTrip,DEL,HYD,2026-09-21,45,2732.5,770.71,3503.21,2026-08-07 10:33:00,SIMULATED_BACKTEST
321,EaseMyTrip,DEL,PNQ,2026-08-08,1,4735.44,1335.64,6071.08,2026-08-07 10:33:00,SIMULATED_BACKTEST
322,EaseMyTrip,DEL,PNQ,2026-08-14,7,3721.01,1049.52,4770.53,2026-08-07 10:33:00,SIMULATED_BACKTEST
323,EaseMyTrip,DEL,PNQ,2026-08-22,15,3217.28,907.44,4124.72,2026-08-07 10:33:00,SIMULATED_BACKTEST
324,EaseMyTrip,DEL,PNQ,2026-09-06,30,2847.4,803.11,3650.51,2026-08-07 10:33:00,SIMULATED_BACKTEST
325,EaseMyTrip,DEL,PNQ,2026-09-21,45,2577.42,726.96,3304.38,2026-08-07 10:33:00,SIMULATED_BACKTEST
326,EaseMyTrip,DEL,CCU,2026-08-08,1,6063.38,1710.18,7773.56,2026-08-07 10:33:00,SIMULATED_BACKTEST
327,EaseMyTrip,DEL,CCU,2026-08-14,7,4803.61,1354.86,6158.47,2026-08-07 10:33:00,SIMULATED_BACKTEST
328,EaseMyTrip,DEL,CCU,2026-08-22,15,4039.65,1139.39,5179.04,2026-08-07 10:33:00,SIMULATED_BACKTEST
329,EaseMyTrip,DEL,CCU,2026-09-06,30,3622.13,1021.63,4643.76,2026-08-07 10:33:00,SIMULATED_BACKTEST
330,EaseMyTrip,DEL,CCU,2026-09-21,45,3234.84,912.39,4147.23,2026-08-07 10:33:00,SIMULATED_BACKTEST
331,EaseMyTrip,AMD,DEL,2026-08-08,1,4650.36,1311.64,5962.0,2026-08-07 10:33:00,SIMULATED_BACKTEST
332,EaseMyTrip,AMD,DEL,2026-08-14,7,3598.45,1014.95,4613.4,2026-08-07 10:33:00,SIMULATED_BACKTEST
333,EaseMyTrip,AMD,DEL,2026-08-22,15,3012.36,849.64,3862.0,2026-08-07 10:33:00,SIMULATED_BACKTEST
334,EaseMyTrip,AMD,DEL,2026-09-06,30,2724.85,768.55,3493.4,2026-08-07 10:33:00,SIMULATED_BACKTEST
335,EaseMyTrip,AMD,DEL,2026-09-21,45,2402.4,677.6,3080.0,2026-08-07 10:33:00,SIMULATED_BACKTEST
336,EaseMyTrip,MAA,DEL,2026-08-08,1,6522.52,1839.68,8362.2,2026-08-07 10:33:00,SIMULATED_BACKTEST
337,EaseMyTrip,MAA,DEL,2026-08-14,7,5169.86,1458.16,6628.02,2026-08-07 10:33:00,SIMULATED_BACKTEST
338,EaseMyTrip,MAA,DEL,2026-08-22,15,4343.66,1225.14,5568.8,2026-08-07 10:33:00,SIMULATED_BACKTEST
339,EaseMyTrip,MAA,DEL,2026-09-06,30,3803.26,1072.72,4875.98,2026-08-07 10:33:00,SIMULATED_BACKTEST
340,EaseMyTrip,MAA,DEL,2026-09-21,45,3487.72,983.72,4471.44,2026-08-07 10:33:00,SIMULATED_BACKTEST
341,EaseMyTrip,HYD,BOM,2026-08-08,1,4498.88,1268.92,5767.8,2026-08-07 10:33:00,SIMULATED_BACKTEST
342,EaseMyTrip,HYD,BOM,2026-08-14,7,3532.42,996.32,4528.74,2026-08-07 10:33:00,SIMULATED_BACKTEST
343,EaseMyTrip,HYD,BOM,2026-08-22,15,2939.2,829.0,3768.2,2026-08-07 10:33:00,SIMULATED_BACKTEST
344,EaseMyTrip,HYD,BOM,2026-09-06,30,2622.5,739.68,3362.18,2026-08-07 10:33:00,SIMULATED_BACKTEST
345,EaseMyTrip,HYD,BOM,2026-09-21,45,2361.96,666.2,3028.16,2026-08-07 10:33:00,SIMULATED_BACKTEST
346,EaseMyTrip,BLR,CCU,2026-08-08,1,6300.81,1777.15,8077.96,2026-08-07 10:33:00,SIMULATED_BACKTEST
347,EaseMyTrip,BLR,CCU,2026-08-14,7,5048.78,1424.02,6472.8,2026-08-07 10:33:00,SIMULATED_BACKTEST
348,EaseMyTrip,BLR,CCU,2026-08-22,15,4272.56,1205.08,5477.64,2026-08-07 10:33:00,SIMULATED_BACKTEST
349,EaseMyTrip,BLR,CCU,2026-09-06,30,3748.06,1057.14,4805.2,2026-08-07 10:33:00,SIMULATED_BACKTEST
350,EaseMyTrip,BLR,CCU,2026-09-21,45,3389.81,956.1,4345.91,2026-08-07 10:33:00,SIMULATED_BACKTEST
351,EaseMyTrip,DEL,BOM,2026-08-09,1,6108.96,1723.04,7832.0,2026-08-08 11:36:00,SIMULATED_BACKTEST
352,EaseMyTrip,DEL,BOM,2026-08-15,7,4810.92,1356.92,6167.84,2026-08-08 11:36:00,SIMULATED_BACKTEST
353,EaseMyTrip,DEL,BOM,2026-08-23,15,4053.66,1143.34,5197.0,2026-08-08 11:36:00,SIMULATED_BACKTEST
354,EaseMyTrip,DEL,BOM,2026-09-07,30,3639.04,1026.4,4665.44,2026-08-08 11:36:00,SIMULATED_BACKTEST
355,EaseMyTrip,DEL,BOM,2026-09-22,45,3240.43,913.97,4154.4,2026-08-08 11:36:00,SIMULATED_BACKTEST
356,EaseMyTrip,BLR,DEL,2026-08-09,1,7063.99,1992.41,9056.4,2026-08-08 11:36:00,SIMULATED_BACKTEST
357,EaseMyTrip,BLR,DEL,2026-08-15,7,5639.5,1590.63,7230.13,2026-08-08 11:36:00,SIMULATED_BACKTEST
358,EaseMyTrip,BLR,DEL,2026-08-23,15,4759.25,1342.35,6101.6,2026-08-08 11:36:00,SIMULATED_BACKTEST
359,EaseMyTrip,BLR,DEL,2026-09-07,30,4124.06,1163.19,5287.25,2026-08-08 11:36:00,SIMULATED_BACKTEST
360,EaseMyTrip,BLR,DEL,2026-09-22,45,3796.01,1070.67,4866.68,2026-08-08 11:36:00,SIMULATED_BACKTEST
361,EaseMyTrip,BLR,BOM,2026-08-09,1,4397.64,1240.36,5638.0,2026-08-08 11:36:00,SIMULATED_BACKTEST
362,EaseMyTrip,BLR,BOM,2026-08-15,7,3471.53,979.15,4450.68,2026-08-08 11:36:00,SIMULATED_BACKTEST
363,EaseMyTrip,BLR,BOM,2026-08-23,15,2870.4,809.6,3680.0,2026-08-08 11:36:00,SIMULATED_BACKTEST
364,EaseMyTrip,BLR,BOM,2026-09-07,30,2560.65,722.23,3282.88,2026-08-08 11:36:00,SIMULATED_BACKTEST
365,EaseMyTrip,BLR,BOM,2026-09-22,45,2294.6,647.2,2941.8,2026-08-08 11:36:00,SIMULATED_BACKTEST
366,EaseMyTrip,DEL,HYD,2026-08-09,1,5184.19,1462.21,6646.4,2026-08-08 11:36:00,SIMULATED_BACKTEST
367,EaseMyTrip,DEL,HYD,2026-08-15,7,4078.25,1150.28,5228.53,2026-08-08 11:36:00,SIMULATED_BACKTEST
368,EaseMyTrip,DEL,HYD,2026-08-23,15,3430.91,967.69,4398.6,2026-08-08 11:36:00,SIMULATED_BACKTEST
369,EaseMyTrip,DEL,HYD,2026-09-07,30,3021.45,852.2,3873.65,2026-08-08 11:36:00,SIMULATED_BACKTEST
370,EaseMyTrip,DEL,HYD,2026-09-22,45,2799.95,789.73,3589.68,2026-08-08 11:36:00,SIMULATED_BACKTEST
371,EaseMyTrip,DEL,PNQ,2026-08-09,1,4886.54,1378.26,6264.8,2026-08-08 11:36:00,SIMULATED_BACKTEST
372,EaseMyTrip,DEL,PNQ,2026-08-15,7,3887.07,1096.35,4983.42,2026-08-08 11:36:00,SIMULATED_BACKTEST
373,EaseMyTrip,DEL,PNQ,2026-08-23,15,3233.26,911.94,4145.2,2026-08-08 11:36:00,SIMULATED_BACKTEST
374,EaseMyTrip,DEL,PNQ,2026-09-07,30,2888.39,814.67,3703.06,2026-08-08 11:36:00,SIMULATED_BACKTEST
375,EaseMyTrip,DEL,PNQ,2026-09-22,45,2573.19,725.77,3298.96,2026-08-08 11:36:00,SIMULATED_BACKTEST
376,EaseMyTrip,DEL,CCU,2026-08-09,1,6331.73,1785.87,8117.6,2026-08-08 11:36:00,SIMULATED_BACKTEST
377,EaseMyTrip,DEL,CCU,2026-08-15,7,4975.24,1403.27,6378.51,2026-08-08 11:36:00,SIMULATED_BACKTEST
378,EaseMyTrip,DEL,CCU,2026-08-23,15,4189.69,1181.71,5371.4,2026-08-08 11:36:00,SIMULATED_BACKTEST
379,EaseMyTrip,DEL,CCU,2026-09-07,30,3652.73,1030.26,4682.99,2026-08-08 11:36:00,SIMULATED_BACKTEST
380,EaseMyTrip,DEL,CCU,2026-09-22,45,3366.26,949.46,4315.72,2026-08-08 11:36:00,SIMULATED_BACKTEST
381,EaseMyTrip,AMD,DEL,2026-08-09,1,4739.28,1336.72,6076.0,2026-08-08 11:36:00,SIMULATED_BACKTEST
382,EaseMyTrip,AMD,DEL,2026-08-15,7,3758.04,1059.96,4818.0,2026-08-08 11:36:00,SIMULATED_BACKTEST
383,EaseMyTrip,AMD,DEL,2026-08-23,15,3137.16,884.84,4022.0,2026-08-08 11:36:00,SIMULATED_BACKTEST
384,EaseMyTrip,AMD,DEL,2026-09-07,30,2815.8,794.2,3610.0,2026-08-08 11:36:00,SIMULATED_BACKTEST
385,EaseMyTrip,AMD,DEL,2026-09-22,45,2548.26,718.74,3267.0,2026-08-08 11:36:00,SIMULATED_BACKTEST
386,EaseMyTrip,MAA,DEL,2026-08-09,1,6779.76,1912.24,8692.0,2026-08-08 11:36:00,SIMULATED_BACKTEST
387,EaseMyTrip,MAA,DEL,2026-08-15,7,5269.71,1486.33,6756.04,2026-08-08 11:36:00,SIMULATED_BACKTEST
388,EaseMyTrip,MAA,DEL,2026-08-23,15,4496.7,1268.3,5765.0,2026-08-08 11:36:00,SIMULATED_BACKTEST
389,EaseMyTrip,MAA,DEL,2026-09-07,30,4008.92,1130.72,5139.64,2026-08-08 11:36:00,SIMULATED_BACKTEST
390,EaseMyTrip,MAA,DEL,2026-09-22,45,3553.21,1002.19,4555.4,2026-08-08 11:36:00,SIMULATED_BACKTEST
391,EaseMyTrip,HYD,BOM,2026-08-09,1,4635.54,1307.46,5943.0,2026-08-08 11:36:00,SIMULATED_BACKTEST
392,EaseMyTrip,HYD,BOM,2026-08-15,7,3629.78,1023.78,4653.56,2026-08-08 11:36:00,SIMULATED_BACKTEST
393,EaseMyTrip,HYD,BOM,2026-08-23,15,3073.2,866.8,3940.0,2026-08-08 11:36:00,SIMULATED_BACKTEST
394,EaseMyTrip,HYD,BOM,2026-09-07,30,2665.23,751.73,3416.96,2026-08-08 11:36:00,SIMULATED_BACKTEST
395,EaseMyTrip,HYD,BOM,2026-09-22,45,2502.71,705.89,3208.6,2026-08-08 11:36:00,SIMULATED_BACKTEST
396,EaseMyTrip,BLR,CCU,2026-08-09,1,6544.67,1845.93,8390.6,2026-08-08 11:36:00,SIMULATED_BACKTEST
397,EaseMyTrip,BLR,CCU,2026-08-15,7,5145.96,1451.43,6597.39,2026-08-08 11:36:00,SIMULATED_BACKTEST
398,EaseMyTrip,BLR,CCU,2026-08-23,15,4362.07,1230.33,5592.4,2026-08-08 11:36:00,SIMULATED_BACKTEST
399,EaseMyTrip,BLR,CCU,2026-09-07,30,3825.17,1078.9,4904.07,2026-08-08 11:36:00,SIMULATED_BACKTEST
400,EaseMyTrip,BLR,CCU,2026-09-22,45,3478.43,981.09,4459.52,2026-08-08 11:36:00,SIMULATED_BACKTEST
401,EaseMyTrip,DEL,BOM,2026-08-10,1,6200.61,1748.89,7949.5,2026-08-09 08:39:00,SIMULATED_BACKTEST
402,EaseMyTrip,DEL,BOM,2026-08-16,7,4902.53,1382.77,6285.3,2026-08-09 08:39:00,SIMULATED_BACKTEST
403,EaseMyTrip,DEL,BOM,2026-08-24,15,4203.42,1185.58,5389.0,2026-08-09 08:39:00,SIMULATED_BACKTEST
404,EaseMyTrip,DEL,BOM,2026-09-08,30,3694.7,1042.1,4736.8,2026-08-09 08:39:00,SIMULATED_BACKTEST
405,EaseMyTrip,DEL,BOM,2026-09-23,45,3291.6,928.4,4220.0,2026-08-09 08:39:00,SIMULATED_BACKTEST
406,EaseMyTrip,BLR,DEL,2026-08-10,1,7222.02,2036.98,9259.0,2026-08-09 08:39:00,SIMULATED_BACKTEST
407,EaseMyTrip,BLR,DEL,2026-08-16,7,5649.35,1593.41,7242.76,2026-08-09 08:39:00,SIMULATED_BACKTEST
408,EaseMyTrip,BLR,DEL,2026-08-24,15,4778.28,1347.72,6126.0,2026-08-09 08:39:00,SIMULATED_BACKTEST
409,EaseMyTrip,BLR,DEL,2026-09-08,30,4213.68,1188.48,5402.16,2026-08-09 08:39:00,SIMULATED_BACKTEST
410,EaseMyTrip,BLR,DEL,2026-09-23,45,3839.63,1082.97,4922.6,2026-08-09 08:39:00,SIMULATED_BACKTEST
411,EaseMyTrip,BLR,BOM,2026-08-10,1,4420.65,1246.85,5667.5,2026-08-09 08:39:00,SIMULATED_BACKTEST
412,EaseMyTrip,BLR,BOM,2026-08-16,7,3499.94,987.16,4487.1,2026-08-09 08:39:00,SIMULATED_BACKTEST
413,EaseMyTrip,BLR,BOM,2026-08-24,15,2914.86,822.14,3737.0,2026-08-09 08:39:00,SIMULATED_BACKTEST
414,EaseMyTrip,BLR,BOM,2026-09-08,30,2640.77,744.83,3385.6,2026-08-09 08:39:00,SIMULATED_BACKTEST
415,EaseMyTrip,BLR,BOM,2026-09-23,45,2345.46,661.54,3007.0,2026-08-09 08:39:00,SIMULATED_BACKTEST
416,EaseMyTrip,DEL,HYD,2026-08-10,1,5314.92,1499.08,6814.0,2026-08-09 08:39:00,SIMULATED_BACKTEST
417,EaseMyTrip,DEL,HYD,2026-08-16,7,4149.41,1170.35,5319.76,2026-08-09 08:39:00,SIMULATED_BACKTEST
418,EaseMyTrip,DEL,HYD,2026-08-24,15,3543.54,999.46,4543.0,2026-08-09 08:39:00,SIMULATED_BACKTEST
419,EaseMyTrip,DEL,HYD,2026-09-08,30,3140.4,885.76,4026.16,2026-08-09 08:39:00,SIMULATED_BACKTEST
420,EaseMyTrip,DEL,HYD,2026-09-23,45,2862.29,807.31,3669.6,2026-08-09 08:39:00,SIMULATED_BACKTEST
421,EaseMyTrip,DEL,PNQ,2026-08-10,1,4983.81,1405.69,6389.5,2026-08-09 08:39:00,SIMULATED_BACKTEST
422,EaseMyTrip,DEL,PNQ,2026-08-16,7,3957.11,1116.11,5073.22,2026-08-09 08:39:00,SIMULATED_BACKTEST
423,EaseMyTrip,DEL,PNQ,2026-08-24,15,3283.02,925.98,4209.0,2026-08-09 08:39:00,SIMULATED_BACKTEST
424,EaseMyTrip,DEL,PNQ,2026-09-08,30,2920.73,823.79,3744.52,2026-08-09 08:39:00,SIMULATED_BACKTEST
425,EaseMyTrip,DEL,PNQ,2026-09-23,45,2631.88,742.32,3374.2,2026-08-09 08:39:00,SIMULATED_BACKTEST
426,EaseMyTrip,DEL,CCU,2026-08-10,1,6438.9,1816.1,8255.0,2026-08-09 08:39:00,SIMULATED_BACKTEST
427,EaseMyTrip,DEL,CCU,2026-08-16,7,4990.47,1407.57,6398.04,2026-08-09 08:39:00,SIMULATED_BACKTEST
428,EaseMyTrip,DEL,CCU,2026-08-24,15,4301.7,1213.3,5515.0,2026-08-09 08:39:00,SIMULATED_BACKTEST
429,EaseMyTrip,DEL,CCU,2026-09-08,30,3788.18,1068.46,4856.64,2026-08-09 08:39:00,SIMULATED_BACKTEST
430,EaseMyTrip,DEL,CCU,2026-09-23,45,3448.69,972.71,4421.4,2026-08-09 08:39:00,SIMULATED_BACKTEST
431,EaseMyTrip,AMD,DEL,2026-08-10,1,4808.31,1356.19,6164.5,2026-08-09 08:39:00,SIMULATED_BACKTEST
432,EaseMyTrip,AMD,DEL,2026-08-16,7,3745.17,1056.33,4801.5,2026-08-09 08:39:00,SIMULATED_BACKTEST
433,EaseMyTrip,AMD,DEL,2026-08-24,15,3258.84,919.16,4178.0,2026-08-09 08:39:00,SIMULATED_BACKTEST
434,EaseMyTrip,AMD,DEL,2026-09-08,30,2853.24,804.76,3658.0,2026-08-09 08:39:00,SIMULATED_BACKTEST
435,EaseMyTrip,AMD,DEL,2026-09-23,45,2531.1,713.9,3245.0,2026-08-09 08:39:00,SIMULATED_BACKTEST
436,EaseMyTrip,MAA,DEL,2026-08-10,1,6922.11,1952.39,8874.5,2026-08-09 08:39:00,SIMULATED_BACKTEST
437,EaseMyTrip,MAA,DEL,2026-08-16,7,5434.49,1532.81,6967.3,2026-08-09 08:39:00,SIMULATED_BACKTEST
438,EaseMyTrip,MAA,DEL,2026-08-24,15,4594.98,1296.02,5891.0,2026-08-09 08:39:00,SIMULATED_BACKTEST
439,EaseMyTrip,MAA,DEL,2026-09-08,30,3989.54,1125.26,5114.8,2026-08-09 08:39:00,SIMULATED_BACKTEST
440,EaseMyTrip,MAA,DEL,2026-09-23,45,3659.76,1032.24,4692.0,2026-08-09 08:39:00,SIMULATED_BACKTEST
441,EaseMyTrip,HYD,BOM,2026-08-10,1,4699.89,1325.61,6025.5,2026-08-09 08:39:00,SIMULATED_BACKTEST
442,EaseMyTrip,HYD,BOM,2026-08-16,7,3645.49,1028.21,4673.7,2026-08-09 08:39:00,SIMULATED_BACKTEST
443,EaseMyTrip,HYD,BOM,2026-08-24,15,3134.82,884.18,4019.0,2026-08-09 08:39:00,SIMULATED_BACKTEST
444,EaseMyTrip,HYD,BOM,2026-09-08,30,2710.66,764.54,3475.2,2026-08-09 08:39:00,SIMULATED_BACKTEST
445,EaseMyTrip,HYD,BOM,2026-09-23,45,2517.06,709.94,3227.0,2026-08-09 08:39:00,SIMULATED_BACKTEST
446,EaseMyTrip,BLR,CCU,2026-08-10,1,6645.6,1874.4,8520.0,2026-08-09 08:39:00,SIMULATED_BACKTEST
447,EaseMyTrip,BLR,CCU,2026-08-16,7,5231.18,1475.46,6706.64,2026-08-09 08:39:00,SIMULATED_BACKTEST
448,EaseMyTrip,BLR,CCU,2026-08-24,15,4485.0,1265.0,5750.0,2026-08-09 08:39:00,SIMULATED_BACKTEST
449,EaseMyTrip,BLR,CCU,2026-09-08,30,3957.91,1116.33,5074.24,2026-08-09 08:39:00,SIMULATED_BACKTEST
450,EaseMyTrip,BLR,CCU,2026-09-23,45,3516.55,991.85,4508.4,2026-08-09 08:39:00,SIMULATED_BACKTEST
451,EaseMyTrip,DEL,BOM,2026-08-11,1,6318.0,1782.0,8100.0,2026-08-10 09:42:00,SIMULATED_BACKTEST
452,EaseMyTrip,DEL,BOM,2026-08-17,7,5021.45,1416.31,6437.76,2026-08-10 09:42:00,SIMULATED_BACKTEST
453,EaseMyTrip,DEL,BOM,2026-08-25,15,4193.28,1182.72,5376.0,2026-08-10 09:42:00,SIMULATED_BACKTEST
454,EaseMyTrip,DEL,BOM,2026-09-09,30,3748.8,1057.36,4806.16,2026-08-10 09:42:00,SIMULATED_BACKTEST
455,EaseMyTrip,DEL,BOM,2026-09-24,45,3372.41,951.19,4323.6,2026-08-10 09:42:00,SIMULATED_BACKTEST
456,EaseMyTrip,BLR,DEL,2026-08-11,1,7378.49,2081.11,9459.6,2026-08-10 09:42:00,SIMULATED_BACKTEST
457,EaseMyTrip,BLR,DEL,2026-08-17,7,5800.38,1636.01,7436.39,2026-08-10 09:42:00,SIMULATED_BACKTEST
458,EaseMyTrip,BLR,DEL,2026-08-25,15,4928.35,1390.05,6318.4,2026-08-10 09:42:00,SIMULATED_BACKTEST
459,EaseMyTrip,BLR,DEL,2026-09-09,30,4345.43,1225.64,5571.07,2026-08-10 09:42:00,SIMULATED_BACKTEST
460,EaseMyTrip,BLR,DEL,2026-09-24,45,3880.13,1094.39,4974.52,2026-08-10 09:42:00,SIMULATED_BACKTEST
461,EaseMyTrip,BLR,BOM,2026-08-11,1,4518.54,1274.46,5793.0,2026-08-10 09:42:00,SIMULATED_BACKTEST
462,EaseMyTrip,BLR,BOM,2026-08-17,7,3507.29,989.23,4496.52,2026-08-10 09:42:00,SIMULATED_BACKTEST
463,EaseMyTrip,BLR,BOM,2026-08-25,15,3067.74,865.26,3933.0,2026-08-10 09:42:00,SIMULATED_BACKTEST
464,EaseMyTrip,BLR,BOM,2026-09-09,30,2642.11,745.21,3387.32,2026-08-10 09:42:00,SIMULATED_BACKTEST
465,EaseMyTrip,BLR,BOM,2026-09-24,45,2450.92,691.28,3142.2,2026-08-10 09:42:00,SIMULATED_BACKTEST
466,EaseMyTrip,DEL,HYD,2026-08-11,1,5421.47,1529.13,6950.6,2026-08-10 09:42:00,SIMULATED_BACKTEST
467,EaseMyTrip,DEL,HYD,2026-08-17,7,4286.09,1208.9,5494.99,2026-08-10 09:42:00,SIMULATED_BACKTEST
468,EaseMyTrip,DEL,HYD,2026-08-25,15,3572.71,1007.69,4580.4,2026-08-10 09:42:00,SIMULATED_BACKTEST
469,EaseMyTrip,DEL,HYD,2026-09-09,30,3212.56,906.11,4118.67,2026-08-10 09:42:00,SIMULATED_BACKTEST
470,EaseMyTrip,DEL,HYD,2026-09-24,45,2912.15,821.37,3733.52,2026-08-10 09:42:00,SIMULATED_BACKTEST
471,EaseMyTrip,DEL,PNQ,2026-08-11,1,5105.26,1439.94,6545.2,2026-08-10 09:42:00,SIMULATED_BACKTEST
472,EaseMyTrip,DEL,PNQ,2026-08-17,7,4024.82,1135.2,5160.02,2026-08-10 09:42:00,SIMULATED_BACKTEST
473,EaseMyTrip,DEL,PNQ,2026-08-25,15,3402.98,959.82,4362.8,2026-08-10 09:42:00,SIMULATED_BACKTEST
474,EaseMyTrip,DEL,PNQ,2026-09-09,30,2965.54,836.44,3801.98,2026-08-10 09:42:00,SIMULATED_BACKTEST
475,EaseMyTrip,DEL,PNQ,2026-09-24,45,2706.94,763.5,3470.44,2026-08-10 09:42:00,SIMULATED_BACKTEST
476,EaseMyTrip,DEL,CCU,2026-08-11,1,6573.37,1854.03,8427.4,2026-08-10 09:42:00,SIMULATED_BACKTEST
477,EaseMyTrip,DEL,CCU,2026-08-17,7,5079.8,1432.77,6512.57,2026-08-10 09:42:00,SIMULATED_BACKTEST
478,EaseMyTrip,DEL,CCU,2026-08-25,15,4383.29,1236.31,5619.6,2026-08-10 09:42:00,SIMULATED_BACKTEST
479,EaseMyTrip,DEL,CCU,2026-09-09,30,3873.71,1092.58,4966.29,2026-08-10 09:42:00,SIMULATED_BACKTEST
480,EaseMyTrip,DEL,CCU,2026-09-24,45,3503.82,988.26,4492.08,2026-08-10 09:42:00,SIMULATED_BACKTEST
481,EaseMyTrip,AMD,DEL,2026-08-11,1,4933.5,1391.5,6325.0,2026-08-10 09:42:00,SIMULATED_BACKTEST
482,EaseMyTrip,AMD,DEL,2026-08-17,7,3893.76,1098.24,4992.0,2026-08-10 09:42:00,SIMULATED_BACKTEST
483,EaseMyTrip,AMD,DEL,2026-08-25,15,3328.26,938.74,4267.0,2026-08-10 09:42:00,SIMULATED_BACKTEST
484,EaseMyTrip,AMD,DEL,2026-09-09,30,2924.22,824.78,3749.0,2026-08-10 09:42:00,SIMULATED_BACKTEST
485,EaseMyTrip,AMD,DEL,2026-09-24,45,2577.9,727.1,3305.0,2026-08-10 09:42:00,SIMULATED_BACKTEST
486,EaseMyTrip,MAA,DEL,2026-08-11,1,6973.2,1966.8,8940.0,2026-08-10 09:42:00,SIMULATED_BACKTEST
487,EaseMyTrip,MAA,DEL,2026-08-17,7,5521.28,1557.28,7078.56,2026-08-10 09:42:00,SIMULATED_BACKTEST
488,EaseMyTrip,MAA,DEL,2026-08-25,15,4671.42,1317.58,5989.0,2026-08-10 09:42:00,SIMULATED_BACKTEST
489,EaseMyTrip,MAA,DEL,2026-09-09,30,4099.65,1156.31,5255.96,2026-08-10 09:42:00,SIMULATED_BACKTEST
490,EaseMyTrip,MAA,DEL,2026-09-24,45,3726.53,1051.07,4777.6,2026-08-10 09:42:00,SIMULATED_BACKTEST
491,EaseMyTrip,HYD,BOM,2026-08-11,1,4736.16,1335.84,6072.0,2026-08-10 09:42:00,SIMULATED_BACKTEST
492,EaseMyTrip,HYD,BOM,2026-08-17,7,3768.84,1063.0,4831.84,2026-08-10 09:42:00,SIMULATED_BACKTEST
493,EaseMyTrip,HYD,BOM,2026-08-25,15,3179.28,896.72,4076.0,2026-08-10 09:42:00,SIMULATED_BACKTEST
494,EaseMyTrip,HYD,BOM,2026-09-09,30,2829.4,798.04,3627.44,2026-08-10 09:42:00,SIMULATED_BACKTEST
495,EaseMyTrip,HYD,BOM,2026-09-24,45,2604.73,734.67,3339.4,2026-08-10 09:42:00,SIMULATED_BACKTEST
496,EaseMyTrip,BLR,CCU,2026-08-11,1,6736.39,1900.01,8636.4,2026-08-10 09:42:00,SIMULATED_BACKTEST
497,EaseMyTrip,BLR,CCU,2026-08-17,7,5296.89,1494.0,6790.89,2026-08-10 09:42:00,SIMULATED_BACKTEST
498,EaseMyTrip,BLR,CCU,2026-08-25,15,4572.05,1289.55,5861.6,2026-08-10 09:42:00,SIMULATED_BACKTEST
499,EaseMyTrip,BLR,CCU,2026-09-09,30,4016.54,1132.87,5149.41,2026-08-10 09:42:00,SIMULATED_BACKTEST
500,EaseMyTrip,BLR,CCU,2026-09-24,45,3656.86,1031.42,4688.28,2026-08-10 09:42:00,SIMULATED_BACKTEST
501,EaseMyTrip,DEL,BOM,2026-08-12,1,6476.73,1826.77,8303.5,2026-08-11 10:45:00,SIMULATED_BACKTEST
502,EaseMyTrip,DEL,BOM,2026-08-18,7,5095.13,1437.09,6532.22,2026-08-11 10:45:00,SIMULATED_BACKTEST
503,EaseMyTrip,DEL,BOM,2026-08-26,15,4290.78,1210.22,5501.0,2026-08-11 10:45:00,SIMULATED_BACKTEST
504,EaseMyTrip,DEL,BOM,2026-09-10,30,3749.87,1057.65,4807.52,2026-08-11 10:45:00,SIMULATED_BACKTEST
505,EaseMyTrip,DEL,BOM,2026-09-25,45,3480.52,981.68,4462.2,2026-08-11 10:45:00,SIMULATED_BACKTEST
506,EaseMyTrip,BLR,DEL,2026-08-12,1,7487.38,2111.82,9599.2,2026-08-11 10:45:00,SIMULATED_BACKTEST
507,EaseMyTrip,BLR,DEL,2026-08-18,7,5910.86,1667.16,7578.02,2026-08-11 10:45:00,SIMULATED_BACKTEST
508,EaseMyTrip,BLR,DEL,2026-08-26,15,5021.48,1416.32,6437.8,2026-08-11 10:45:00,SIMULATED_BACKTEST
509,EaseMyTrip,BLR,DEL,2026-09-10,30,4371.88,1233.1,5604.98,2026-08-11 10:45:00,SIMULATED_BACKTEST
510,EaseMyTrip,BLR,DEL,2026-09-25,45,3953.38,1115.06,5068.44,2026-08-11 10:45:00,SIMULATED_BACKTEST
511,EaseMyTrip,BLR,BOM,2026-08-12,1,4576.65,1290.85,5867.5,2026-08-11 10:45:00,SIMULATED_BACKTEST
512,EaseMyTrip,BLR,BOM,2026-08-18,7,3668.29,1034.65,4702.94,2026-08-11 10:45:00,SIMULATED_BACKTEST
513,EaseMyTrip,BLR,BOM,2026-08-26,15,3096.6,873.4,3970.0,2026-08-11 10:45:00,SIMULATED_BACKTEST
514,EaseMyTrip,BLR,BOM,2026-09-10,30,2656.71,749.33,3406.04,2026-08-11 10:45:00,SIMULATED_BACKTEST
515,EaseMyTrip,BLR,BOM,2026-09-25,45,2503.33,706.07,3209.4,2026-08-11 10:45:00,SIMULATED_BACKTEST
516,EaseMyTrip,DEL,HYD,2026-08-12,1,5524.12,1558.08,7082.2,2026-08-11 10:45:00,SIMULATED_BACKTEST
517,EaseMyTrip,DEL,HYD,2026-08-18,7,4306.55,1214.67,5521.22,2026-08-11 10:45:00,SIMULATED_BACKTEST
518,EaseMyTrip,DEL,HYD,2026-08-26,15,3652.58,1030.22,4682.8,2026-08-11 10:45:00,SIMULATED_BACKTEST
519,EaseMyTrip,DEL,HYD,2026-09-10,30,3173.96,895.22,4069.18,2026-08-11 10:45:00,SIMULATED_BACKTEST
520,EaseMyTrip,DEL,HYD,2026-09-25,45,2884.78,813.66,3698.44,2026-08-11 10:45:00,SIMULATED_BACKTEST
521,EaseMyTrip,DEL,PNQ,2026-08-12,1,5217.34,1471.56,6688.9,2026-08-11 10:45:00,SIMULATED_BACKTEST
522,EaseMyTrip,DEL,PNQ,2026-08-18,7,4097.21,1155.62,5252.83,2026-08-11 10:45:00,SIMULATED_BACKTEST
523,EaseMyTrip,DEL,PNQ,2026-08-26,15,3412.19,962.41,4374.6,2026-08-11 10:45:00,SIMULATED_BACKTEST
524,EaseMyTrip,DEL,PNQ,2026-09-10,30,3068.09,865.36,3933.45,2026-08-11 10:45:00,SIMULATED_BACKTEST
525,EaseMyTrip,DEL,PNQ,2026-09-25,45,2773.43,782.25,3555.68,2026-08-11 10:45:00,SIMULATED_BACKTEST
526,EaseMyTrip,DEL,CCU,2026-08-12,1,6660.26,1878.54,8538.8,2026-08-11 10:45:00,SIMULATED_BACKTEST
527,EaseMyTrip,DEL,CCU,2026-08-18,7,5223.74,1473.36,6697.1,2026-08-11 10:45:00,SIMULATED_BACKTEST
528,EaseMyTrip,DEL,CCU,2026-08-26,15,4379.86,1235.34,5615.2,2026-08-11 10:45:00,SIMULATED_BACKTEST
529,EaseMyTrip,DEL,CCU,2026-09-10,30,3848.47,1085.47,4933.94,2026-08-11 10:45:00,SIMULATED_BACKTEST
530,EaseMyTrip,DEL,CCU,2026-09-25,45,3491.87,984.89,4476.76,2026-08-11 10:45:00,SIMULATED_BACKTEST
531,EaseMyTrip,AMD,DEL,2026-08-12,1,4993.17,1408.33,6401.5,2026-08-11 10:45:00,SIMULATED_BACKTEST
532,EaseMyTrip,AMD,DEL,2026-08-18,7,3953.43,1115.07,5068.5,2026-08-11 10:45:00,SIMULATED_BACKTEST
533,EaseMyTrip,AMD,DEL,2026-08-26,15,3286.92,927.08,4214.0,2026-08-11 10:45:00,SIMULATED_BACKTEST
534,EaseMyTrip,AMD,DEL,2026-09-10,30,2914.08,821.92,3736.0,2026-08-11 10:45:00,SIMULATED_BACKTEST
535,EaseMyTrip,AMD,DEL,2026-09-25,45,2627.82,741.18,3369.0,2026-08-11 10:45:00,SIMULATED_BACKTEST
536,EaseMyTrip,MAA,DEL,2026-08-12,1,7184.19,2026.31,9210.5,2026-08-11 10:45:00,SIMULATED_BACKTEST
537,EaseMyTrip,MAA,DEL,2026-08-18,7,5576.86,1572.96,7149.82,2026-08-11 10:45:00,SIMULATED_BACKTEST
538,EaseMyTrip,MAA,DEL,2026-08-26,15,4740.06,1336.94,6077.0,2026-08-11 10:45:00,SIMULATED_BACKTEST
539,EaseMyTrip,MAA,DEL,2026-09-10,30,4214.43,1188.69,5403.12,2026-08-11 10:45:00,SIMULATED_BACKTEST
540,EaseMyTrip,MAA,DEL,2026-09-25,45,3822.94,1078.26,4901.2,2026-08-11 10:45:00,SIMULATED_BACKTEST
541,EaseMyTrip,HYD,BOM,2026-08-12,1,4830.15,1362.35,6192.5,2026-08-11 10:45:00,SIMULATED_BACKTEST
542,EaseMyTrip,HYD,BOM,2026-08-18,7,3829.0,1079.98,4908.98,2026-08-11 10:45:00,SIMULATED_BACKTEST
543,EaseMyTrip,HYD,BOM,2026-08-26,15,3239.34,913.66,4153.0,2026-08-11 10:45:00,SIMULATED_BACKTEST
544,EaseMyTrip,HYD,BOM,2026-09-10,30,2856.89,805.79,3662.68,2026-08-11 10:45:00,SIMULATED_BACKTEST
545,EaseMyTrip,HYD,BOM,2026-09-25,45,2610.5,736.3,3346.8,2026-08-11 10:45:00,SIMULATED_BACKTEST
546,EaseMyTrip,BLR,CCU,2026-08-12,1,6948.08,1959.72,8907.8,2026-08-11 10:45:00,SIMULATED_BACKTEST
547,EaseMyTrip,BLR,CCU,2026-08-18,7,5433.59,1532.55,6966.14,2026-08-11 10:45:00,SIMULATED_BACKTEST
548,EaseMyTrip,BLR,CCU,2026-08-26,15,4641.94,1309.26,5951.2,2026-08-11 10:45:00,SIMULATED_BACKTEST
549,EaseMyTrip,BLR,CCU,2026-09-10,30,4048.65,1141.93,5190.58,2026-08-11 10:45:00,SIMULATED_BACKTEST
550,EaseMyTrip,BLR,CCU,2026-09-25,45,3726.96,1051.2,4778.16,2026-08-11 10:45:00,SIMULATED_BACKTEST
551,EaseMyTrip,DEL,BOM,2026-08-13,1,6609.72,1864.28,8474.0,2026-08-12 11:48:00,SIMULATED_BACKTEST
552,EaseMyTrip,DEL,BOM,2026-08-19,7,5216.39,1471.29,6687.68,2026-08-12 11:48:00,SIMULATED_BACKTEST
553,EaseMyTrip,DEL,BOM,2026-08-27,15,4410.12,1243.88,5654.0,2026-08-12 11:48:00,SIMULATED_BACKTEST
554,EaseMyTrip,DEL,BOM,2026-09-11,30,3833.61,1081.27,4914.88,2026-08-12 11:48:00,SIMULATED_BACKTEST
555,EaseMyTrip,DEL,BOM,2026-09-26,45,3463.04,976.76,4439.8,2026-08-12 11:48:00,SIMULATED_BACKTEST
556,EaseMyTrip,BLR,DEL,2026-08-13,1,7646.96,2156.84,9803.8,2026-08-12 11:48:00,SIMULATED_BACKTEST
557,EaseMyTrip,BLR,DEL,2026-08-19,7,5977.65,1686.01,7663.66,2026-08-12 11:48:00,SIMULATED_BACKTEST
558,EaseMyTrip,BLR,DEL,2026-08-27,15,5100.58,1438.62,6539.2,2026-08-12 11:48:00,SIMULATED_BACKTEST
559,EaseMyTrip,BLR,DEL,2026-09-11,30,4520.02,1274.88,5794.9,2026-08-12 11:48:00,SIMULATED_BACKTEST
560,EaseMyTrip,BLR,DEL,2026-09-26,45,4060.96,1145.4,5206.36,2026-08-12 11:48:00,SIMULATED_BACKTEST
561,EaseMyTrip,BLR,BOM,2026-08-13,1,4644.9,1310.1,5955.0,2026-08-12 11:48:00,SIMULATED_BACKTEST
562,EaseMyTrip,BLR,BOM,2026-08-19,7,3685.0,1039.36,4724.36,2026-08-12 11:48:00,SIMULATED_BACKTEST
563,EaseMyTrip,BLR,BOM,2026-08-27,15,3132.48,883.52,4016.0,2026-08-12 11:48:00,SIMULATED_BACKTEST
564,EaseMyTrip,BLR,BOM,2026-09-11,30,2800.01,789.75,3589.76,2026-08-12 11:48:00,SIMULATED_BACKTEST
565,EaseMyTrip,BLR,BOM,2026-09-26,45,2549.51,719.09,3268.6,2026-08-12 11:48:00,SIMULATED_BACKTEST
566,EaseMyTrip,DEL,HYD,2026-08-13,1,5585.42,1575.38,7160.8,2026-08-12 11:48:00,SIMULATED_BACKTEST
567,EaseMyTrip,DEL,HYD,2026-08-19,7,4404.24,1242.22,5646.46,2026-08-12 11:48:00,SIMULATED_BACKTEST
568,EaseMyTrip,DEL,HYD,2026-08-27,15,3712.96,1047.24,4760.2,2026-08-12 11:48:00,SIMULATED_BACKTEST
569,EaseMyTrip,DEL,HYD,2026-09-11,30,3235.99,912.71,4148.7,2026-08-12 11:48:00,SIMULATED_BACKTEST
570,EaseMyTrip,DEL,HYD,2026-09-26,45,3007.96,848.4,3856.36,2026-08-12 11:48:00,SIMULATED_BACKTEST
571,EaseMyTrip,DEL,PNQ,2026-08-13,1,5263.91,1484.69,6748.6,2026-08-12 11:48:00,SIMULATED_BACKTEST
572,EaseMyTrip,DEL,PNQ,2026-08-19,7,4177.39,1178.24,5355.63,2026-08-12 11:48:00,SIMULATED_BACKTEST
573,EaseMyTrip,DEL,PNQ,2026-08-27,15,3519.67,992.73,4512.4,2026-08-12 11:48:00,SIMULATED_BACKTEST
574,EaseMyTrip,DEL,PNQ,2026-09-11,30,3137.87,885.04,4022.91,2026-08-12 11:48:00,SIMULATED_BACKTEST
575,EaseMyTrip,DEL,PNQ,2026-09-26,45,2793.9,788.02,3581.92,2026-08-12 11:48:00,SIMULATED_BACKTEST
576,EaseMyTrip,DEL,CCU,2026-08-13,1,6788.5,1914.7,8703.2,2026-08-12 11:48:00,SIMULATED_BACKTEST
577,EaseMyTrip,DEL,CCU,2026-08-19,7,5326.32,1502.3,6828.62,2026-08-12 11:48:00,SIMULATED_BACKTEST
578,EaseMyTrip,DEL,CCU,2026-08-27,15,4531.64,1278.16,5809.8,2026-08-12 11:48:00,SIMULATED_BACKTEST
579,EaseMyTrip,DEL,CCU,2026-09-11,30,3923.07,1106.51,5029.58,2026-08-12 11:48:00,SIMULATED_BACKTEST
580,EaseMyTrip,DEL,CCU,2026-09-26,45,3628.9,1023.54,4652.44,2026-08-12 11:48:00,SIMULATED_BACKTEST
581,EaseMyTrip,AMD,DEL,2026-08-13,1,5041.14,1421.86,6463.0,2026-08-12 11:48:00,SIMULATED_BACKTEST
582,EaseMyTrip,AMD,DEL,2026-08-19,7,4021.68,1134.32,5156.0,2026-08-12 11:48:00,SIMULATED_BACKTEST
583,EaseMyTrip,AMD,DEL,2026-08-27,15,3445.26,971.74,4417.0,2026-08-12 11:48:00,SIMULATED_BACKTEST
584,EaseMyTrip,AMD,DEL,2026-09-11,30,3001.44,846.56,3848.0,2026-08-12 11:48:00,SIMULATED_BACKTEST
585,EaseMyTrip,AMD,DEL,2026-09-26,45,2669.16,752.84,3422.0,2026-08-12 11:48:00,SIMULATED_BACKTEST
586,EaseMyTrip,MAA,DEL,2026-08-13,1,7250.1,2044.9,9295.0,2026-08-12 11:48:00,SIMULATED_BACKTEST
587,EaseMyTrip,MAA,DEL,2026-08-19,7,5712.0,1611.08,7323.08,2026-08-12 11:48:00,SIMULATED_BACKTEST
588,EaseMyTrip,MAA,DEL,2026-08-27,15,4847.7,1367.3,6215.0,2026-08-12 11:48:00,SIMULATED_BACKTEST
589,EaseMyTrip,MAA,DEL,2026-09-11,30,4205.2,1186.08,5391.28,2026-08-12 11:48:00,SIMULATED_BACKTEST
590,EaseMyTrip,MAA,DEL,2026-09-26,45,3924.8,1107.0,5031.8,2026-08-12 11:48:00,SIMULATED_BACKTEST
591,EaseMyTrip,HYD,BOM,2026-08-13,1,4940.52,1393.48,6334.0,2026-08-12 11:48:00,SIMULATED_BACKTEST
592,EaseMyTrip,HYD,BOM,2026-08-19,7,3855.63,1087.49,4943.12,2026-08-12 11:48:00,SIMULATED_BACKTEST
593,EaseMyTrip,HYD,BOM,2026-08-27,15,3266.64,921.36,4188.0,2026-08-12 11:48:00,SIMULATED_BACKTEST
594,EaseMyTrip,HYD,BOM,2026-09-11,30,2906.22,819.7,3725.92,2026-08-12 11:48:00,SIMULATED_BACKTEST
595,EaseMyTrip,HYD,BOM,2026-09-26,45,2631.1,742.1,3373.2,2026-08-12 11:48:00,SIMULATED_BACKTEST
596,EaseMyTrip,BLR,CCU,2026-08-13,1,7066.96,1993.24,9060.2,2026-08-12 11:48:00,SIMULATED_BACKTEST
597,EaseMyTrip,BLR,CCU,2026-08-19,7,5519.58,1556.8,7076.38,2026-08-12 11:48:00,SIMULATED_BACKTEST
598,EaseMyTrip,BLR,CCU,2026-08-27,15,4672.04,1317.76,5989.8,2026-08-12 11:48:00,SIMULATED_BACKTEST
599,EaseMyTrip,BLR,CCU,2026-09-11,30,4100.26,1156.48,5256.74,2026-08-12 11:48:00,SIMULATED_BACKTEST
600,EaseMyTrip,BLR,CCU,2026-09-26,45,3775.23,1064.81,4840.04,2026-08-12 11:48:00,SIMULATED_BACKTEST
601,EaseMyTrip,DEL,BOM,2026-08-14,1,7845.63,2212.87,10058.5,2026-08-13 08:51:00,SIMULATED_BACKTEST
602,EaseMyTrip,DEL,BOM,2026-08-20,7,6157.9,1736.84,7894.74,2026-08-13 08:51:00,SIMULATED_BACKTEST
603,EaseMyTrip,DEL,BOM,2026-08-28,15,5272.02,1486.98,6759.0,2026-08-13 08:51:00,SIMULATED_BACKTEST
604,EaseMyTrip,DEL,BOM,2026-09-12,30,4569.12,1288.72,5857.84,2026-08-13 08:51:00,SIMULATED_BACKTEST
605,EaseMyTrip,DEL,BOM,2026-09-27,45,4220.11,1190.29,5410.4,2026-08-13 08:51:00,SIMULATED_BACKTEST
606,EaseMyTrip,BLR,DEL,2026-08-14,1,7609.52,2146.28,9755.8,2026-08-13 08:51:00,SIMULATED_BACKTEST
607,EaseMyTrip,BLR,DEL,2026-08-20,7,5945.67,1676.99,7622.66,2026-08-13 08:51:00,SIMULATED_BACKTEST
608,EaseMyTrip,BLR,DEL,2026-08-28,15,5089.66,1435.54,6525.2,2026-08-13 08:51:00,SIMULATED_BACKTEST
609,EaseMyTrip,BLR,DEL,2026-09-12,30,4420.18,1246.72,5666.9,2026-08-13 08:51:00,SIMULATED_BACKTEST
610,EaseMyTrip,BLR,DEL,2026-09-27,45,4090.6,1153.76,5244.36,2026-08-13 08:51:00,SIMULATED_BACKTEST
611,EaseMyTrip,BLR,BOM,2026-08-14,1,4558.71,1285.79,5844.5,2026-08-13 08:51:00,SIMULATED_BACKTEST
612,EaseMyTrip,BLR,BOM,2026-08-20,7,3570.79,1007.15,4577.94,2026-08-13 08:51:00,SIMULATED_BACKTEST
613,EaseMyTrip,BLR,BOM,2026-08-28,15,3092.7,872.3,3965.0,2026-08-13 08:51:00,SIMULATED_BACKTEST
614,EaseMyTrip,BLR,BOM,2026-09-12,30,2723.01,768.03,3491.04,2026-08-13 08:51:00,SIMULATED_BACKTEST
615,EaseMyTrip,BLR,BOM,2026-09-27,45,2463.55,694.85,3158.4,2026-08-13 08:51:00,SIMULATED_BACKTEST
616,EaseMyTrip,DEL,HYD,2026-08-14,1,5535.82,1561.38,7097.2,2026-08-13 08:51:00,SIMULATED_BACKTEST
617,EaseMyTrip,DEL,HYD,2026-08-20,7,4367.39,1231.83,5599.22,2026-08-13 08:51:00,SIMULATED_BACKTEST
618,EaseMyTrip,DEL,HYD,2026-08-28,15,3660.38,1032.42,4692.8,2026-08-13 08:51:00,SIMULATED_BACKTEST
619,EaseMyTrip,DEL,HYD,2026-09-12,30,3178.64,896.54,4075.18,2026-08-13 08:51:00,SIMULATED_BACKTEST
620,EaseMyTrip,DEL,HYD,2026-09-27,45,2948.74,831.7,3780.44,2026-08-13 08:51:00,SIMULATED_BACKTEST
621,EaseMyTrip,DEL,PNQ,2026-08-14,1,5162.74,1456.16,6618.9,2026-08-13 08:51:00,SIMULATED_BACKTEST
622,EaseMyTrip,DEL,PNQ,2026-08-20,7,4030.13,1136.7,5166.83,2026-08-13 08:51:00,SIMULATED_BACKTEST
623,EaseMyTrip,DEL,PNQ,2026-08-28,15,3502.67,987.93,4490.6,2026-08-13 08:51:00,SIMULATED_BACKTEST
624,EaseMyTrip,DEL,PNQ,2026-09-12,30,2997.11,845.34,3842.45,2026-08-13 08:51:00,SIMULATED_BACKTEST
625,EaseMyTrip,DEL,PNQ,2026-09-27,45,2804.63,791.05,3595.68,2026-08-13 08:51:00,SIMULATED_BACKTEST
626,EaseMyTrip,DEL,CCU,2026-08-14,1,7497.05,2114.55,9611.6,2026-08-13 08:51:00,SIMULATED_BACKTEST
627,EaseMyTrip,DEL,CCU,2026-08-20,7,5920.04,1669.75,7589.79,2026-08-13 08:51:00,SIMULATED_BACKTEST
628,EaseMyTrip,DEL,CCU,2026-08-28,15,5005.57,1411.83,6417.4,2026-08-13 08:51:00,SIMULATED_BACKTEST
629,EaseMyTrip,DEL,CCU,2026-09-12,30,4403.47,1242.0,5645.47,2026-08-13 08:51:00,SIMULATED_BACKTEST
630,EaseMyTrip,DEL,CCU,2026-09-27,45,3944.09,1112.43,5056.52,2026-08-13 08:51:00,SIMULATED_BACKTEST
631,EaseMyTrip,AMD,DEL,2026-08-14,1,5033.73,1419.77,6453.5,2026-08-13 08:51:00,SIMULATED_BACKTEST
632,EaseMyTrip,AMD,DEL,2026-08-20,7,3937.05,1110.45,5047.5,2026-08-13 08:51:00,SIMULATED_BACKTEST
633,EaseMyTrip,AMD,DEL,2026-08-28,15,3329.04,938.96,4268.0,2026-08-13 08:51:00,SIMULATED_BACKTEST
634,EaseMyTrip,AMD,DEL,2026-09-12,30,2981.94,841.06,3823.0,2026-08-13 08:51:00,SIMULATED_BACKTEST
635,EaseMyTrip,AMD,DEL,2026-09-27,45,2614.56,737.44,3352.0,2026-08-13 08:51:00,SIMULATED_BACKTEST
636,EaseMyTrip,MAA,DEL,2026-08-14,1,7122.57,2008.93,9131.5,2026-08-13 08:51:00,SIMULATED_BACKTEST
637,EaseMyTrip,MAA,DEL,2026-08-20,7,5651.74,1594.08,7245.82,2026-08-13 08:51:00,SIMULATED_BACKTEST
638,EaseMyTrip,MAA,DEL,2026-08-28,15,4786.08,1349.92,6136.0,2026-08-13 08:51:00,SIMULATED_BACKTEST
639,EaseMyTrip,MAA,DEL,2026-09-12,30,4198.83,1184.29,5383.12,2026-08-13 08:51:00,SIMULATED_BACKTEST
640,EaseMyTrip,MAA,DEL,2026-09-27,45,3766.0,1062.2,4828.2,2026-08-13 08:51:00,SIMULATED_BACKTEST
641,EaseMyTrip,HYD,BOM,2026-08-14,1,4815.33,1358.17,6173.5,2026-08-13 08:51:00,SIMULATED_BACKTEST
642,EaseMyTrip,HYD,BOM,2026-08-20,7,3824.32,1078.66,4902.98,2026-08-13 08:51:00,SIMULATED_BACKTEST
643,EaseMyTrip,HYD,BOM,2026-08-28,15,3268.2,921.8,4190.0,2026-08-13 08:51:00,SIMULATED_BACKTEST
644,EaseMyTrip,HYD,BOM,2026-09-12,30,2830.37,798.31,3628.68,2026-08-13 08:51:00,SIMULATED_BACKTEST
645,EaseMyTrip,HYD,BOM,2026-09-27,45,2550.44,719.36,3269.8,2026-08-13 08:51:00,SIMULATED_BACKTEST
646,EaseMyTrip,BLR,CCU,2026-08-14,1,6920.78,1952.02,8872.8,2026-08-13 08:51:00,SIMULATED_BACKTEST
647,EaseMyTrip,BLR,CCU,2026-08-20,7,5391.47,1520.67,6912.14,2026-08-13 08:51:00,SIMULATED_BACKTEST
648,EaseMyTrip,BLR,CCU,2026-08-28,15,4621.66,1303.54,5925.2,2026-08-13 08:51:00,SIMULATED_BACKTEST
649,EaseMyTrip,BLR,CCU,2026-09-12,30,4047.87,1141.71,5189.58,2026-08-13 08:51:00,SIMULATED_BACKTEST
650,EaseMyTrip,BLR,CCU,2026-09-27,45,3675.48,1036.68,4712.16,2026-08-13 08:51:00,SIMULATED_BACKTEST
651,EaseMyTrip,DEL,BOM,2026-08-15,1,7869.81,2219.69,10089.5,2026-08-14 09:54:00,SIMULATED_BACKTEST
652,EaseMyTrip,DEL,BOM,2026-08-21,7,6169.6,1740.14,7909.74,2026-08-14 09:54:00,SIMULATED_BACKTEST
653,EaseMyTrip,DEL,BOM,2026-08-29,15,5256.42,1482.58,6739.0,2026-08-14 09:54:00,SIMULATED_BACKTEST
654,EaseMyTrip,DEL,BOM,2026-09-13,30,4570.68,1289.16,5859.84,2026-08-14 09:54:00,SIMULATED_BACKTEST
655,EaseMyTrip,DEL,BOM,2026-09-28,45,4152.25,1171.15,5323.4,2026-08-14 09:54:00,SIMULATED_BACKTEST
656,EaseMyTrip,BLR,DEL,2026-08-15,1,7615.76,2148.04,9763.8,2026-08-14 09:54:00,SIMULATED_BACKTEST
657,EaseMyTrip,BLR,DEL,2026-08-21,7,6040.83,1703.83,7744.66,2026-08-14 09:54:00,SIMULATED_BACKTEST
658,EaseMyTrip,BLR,DEL,2026-08-29,15,5090.44,1435.76,6526.2,2026-08-14 09:54:00,SIMULATED_BACKTEST
659,EaseMyTrip,BLR,DEL,2026-09-13,30,4439.68,1252.22,5691.9,2026-08-14 09:54:00,SIMULATED_BACKTEST
660,EaseMyTrip,BLR,DEL,2026-09-28,45,4106.2,1158.16,5264.36,2026-08-14 09:54:00,SIMULATED_BACKTEST
661,EaseMyTrip,BLR,BOM,2026-08-15,1,4574.31,1290.19,5864.5,2026-08-14 09:54:00,SIMULATED_BACKTEST
662,EaseMyTrip,BLR,BOM,2026-08-21,7,3668.29,1034.65,4702.94,2026-08-14 09:54:00,SIMULATED_BACKTEST
663,EaseMyTrip,BLR,BOM,2026-08-29,15,3054.48,861.52,3916.0,2026-08-14 09:54:00,SIMULATED_BACKTEST
664,EaseMyTrip,BLR,BOM,2026-09-13,30,2738.61,772.43,3511.04,2026-08-14 09:54:00,SIMULATED_BACKTEST
665,EaseMyTrip,BLR,BOM,2026-09-28,45,2439.37,688.03,3127.4,2026-08-14 09:54:00,SIMULATED_BACKTEST
666,EaseMyTrip,DEL,HYD,2026-08-15,1,5542.84,1563.36,7106.2,2026-08-14 09:54:00,SIMULATED_BACKTEST
667,EaseMyTrip,DEL,HYD,2026-08-21,7,4286.27,1208.95,5495.22,2026-08-14 09:54:00,SIMULATED_BACKTEST
668,EaseMyTrip,DEL,HYD,2026-08-29,15,3661.16,1032.64,4693.8,2026-08-14 09:54:00,SIMULATED_BACKTEST
669,EaseMyTrip,DEL,HYD,2026-09-13,30,3244.16,915.02,4159.18,2026-08-14 09:54:00,SIMULATED_BACKTEST
670,EaseMyTrip,DEL,HYD,2026-09-28,45,2905.84,819.6,3725.44,2026-08-14 09:54:00,SIMULATED_BACKTEST
671,EaseMyTrip,DEL,PNQ,2026-08-15,1,5212.66,1470.24,6682.9,2026-08-14 09:54:00,SIMULATED_BACKTEST
672,EaseMyTrip,DEL,PNQ,2026-08-21,7,4102.67,1157.16,5259.83,2026-08-14 09:54:00,SIMULATED_BACKTEST
673,EaseMyTrip,DEL,PNQ,2026-08-29,15,3448.07,972.53,4420.6,2026-08-14 09:54:00,SIMULATED_BACKTEST
674,EaseMyTrip,DEL,PNQ,2026-09-13,30,3043.13,858.32,3901.45,2026-08-14 09:54:00,SIMULATED_BACKTEST
675,EaseMyTrip,DEL,PNQ,2026-09-28,45,2759.39,778.29,3537.68,2026-08-14 09:54:00,SIMULATED_BACKTEST
676,EaseMyTrip,DEL,CCU,2026-08-15,1,7492.37,2113.23,9605.6,2026-08-14 09:54:00,SIMULATED_BACKTEST
677,EaseMyTrip,DEL,CCU,2026-08-21,7,5911.46,1667.33,7578.79,2026-08-14 09:54:00,SIMULATED_BACKTEST
678,EaseMyTrip,DEL,CCU,2026-08-29,15,5006.35,1412.05,6418.4,2026-08-14 09:54:00,SIMULATED_BACKTEST
679,EaseMyTrip,DEL,CCU,2026-09-13,30,4378.51,1234.96,5613.47,2026-08-14 09:54:00,SIMULATED_BACKTEST
680,EaseMyTrip,DEL,CCU,2026-09-28,45,3973.73,1120.79,5094.52,2026-08-14 09:54:00,SIMULATED_BACKTEST
681,EaseMyTrip,AMD,DEL,2026-08-15,1,5015.01,1414.49,6429.5,2026-08-14 09:54:00,SIMULATED_BACKTEST
682,EaseMyTrip,AMD,DEL,2026-08-21,7,3970.59,1119.91,5090.5,2026-08-14 09:54:00,SIMULATED_BACKTEST
683,EaseMyTrip,AMD,DEL,2026-08-29,15,3366.48,949.52,4316.0,2026-08-14 09:54:00,SIMULATED_BACKTEST
684,EaseMyTrip,AMD,DEL,2026-09-13,30,2904.72,819.28,3724.0,2026-08-14 09:54:00,SIMULATED_BACKTEST
685,EaseMyTrip,AMD,DEL,2026-09-28,45,2644.98,746.02,3391.0,2026-08-14 09:54:00,SIMULATED_BACKTEST
686,EaseMyTrip,MAA,DEL,2026-08-15,1,7185.75,2026.75,9212.5,2026-08-14 09:54:00,SIMULATED_BACKTEST
687,EaseMyTrip,MAA,DEL,2026-08-21,7,5645.5,1592.32,7237.82,2026-08-14 09:54:00,SIMULATED_BACKTEST
688,EaseMyTrip,MAA,DEL,2026-08-29,15,4724.46,1332.54,6057.0,2026-08-14 09:54:00,SIMULATED_BACKTEST
689,EaseMyTrip,MAA,DEL,2026-09-13,30,4174.65,1177.47,5352.12,2026-08-14 09:54:00,SIMULATED_BACKTEST
690,EaseMyTrip,MAA,DEL,2026-09-28,45,3846.34,1084.86,4931.2,2026-08-14 09:54:00,SIMULATED_BACKTEST
691,EaseMyTrip,HYD,BOM,2026-08-15,1,4827.03,1361.47,6188.5,2026-08-14 09:54:00,SIMULATED_BACKTEST
692,EaseMyTrip,HYD,BOM,2026-08-21,7,3871.12,1091.86,4962.98,2026-08-14 09:54:00,SIMULATED_BACKTEST
693,EaseMyTrip,HYD,BOM,2026-08-29,15,3265.86,921.14,4187.0,2026-08-14 09:54:00,SIMULATED_BACKTEST
694,EaseMyTrip,HYD,BOM,2026-09-13,30,2899.01,817.67,3716.68,2026-08-14 09:54:00,SIMULATED_BACKTEST
695,EaseMyTrip,HYD,BOM,2026-09-28,45,2642.48,745.32,3387.8,2026-08-14 09:54:00,SIMULATED_BACKTEST
696,EaseMyTrip,BLR,CCU,2026-08-15,1,6862.28,1935.52,8797.8,2026-08-14 09:54:00,SIMULATED_BACKTEST
697,EaseMyTrip,BLR,CCU,2026-08-21,7,5458.55,1539.59,6998.14,2026-08-14 09:54:00,SIMULATED_BACKTEST
698,EaseMyTrip,BLR,CCU,2026-08-29,15,4578.76,1291.44,5870.2,2026-08-14 09:54:00,SIMULATED_BACKTEST
699,EaseMyTrip,BLR,CCU,2026-09-13,30,4044.75,1140.83,5185.58,2026-08-14 09:54:00,SIMULATED_BACKTEST
700,EaseMyTrip,BLR,CCU,2026-09-28,45,3733.98,1053.18,4787.16,2026-08-14 09:54:00,SIMULATED_BACKTEST
701,EaseMyTrip,DEL,BOM,2026-08-16,1,7877.61,2221.89,10099.5,2026-08-15 10:57:00,SIMULATED_BACKTEST
702,EaseMyTrip,DEL,BOM,2026-08-22,7,6152.44,1735.3,7887.74,2026-08-15 10:57:00,SIMULATED_BACKTEST
703,EaseMyTrip,DEL,BOM,2026-08-30,15,5169.84,1458.16,6628.0,2026-08-15 10:57:00,SIMULATED_BACKTEST
704,EaseMyTrip,DEL,BOM,2026-09-14,30,4540.26,1280.58,5820.84,2026-08-15 10:57:00,SIMULATED_BACKTEST
705,EaseMyTrip,DEL,BOM,2026-09-29,45,4187.35,1181.05,5368.4,2026-08-15 10:57:00,SIMULATED_BACKTEST
706,EaseMyTrip,BLR,DEL,2026-08-16,1,7597.04,2142.76,9739.8,2026-08-15 10:57:00,SIMULATED_BACKTEST
707,EaseMyTrip,BLR,DEL,2026-08-22,7,5965.17,1682.49,7647.66,2026-08-15 10:57:00,SIMULATED_BACKTEST
708,EaseMyTrip,BLR,DEL,2026-08-30,15,5089.66,1435.54,6525.2,2026-08-15 10:57:00,SIMULATED_BACKTEST
709,EaseMyTrip,BLR,DEL,2026-09-14,30,4510.66,1272.24,5782.9,2026-08-15 10:57:00,SIMULATED_BACKTEST
710,EaseMyTrip,BLR,DEL,2026-09-29,45,4069.54,1147.82,5217.36,2026-08-15 10:57:00,SIMULATED_BACKTEST
711,EaseMyTrip,BLR,BOM,2026-08-16,1,4553.25,1284.25,5837.5,2026-08-15 10:57:00,SIMULATED_BACKTEST
712,EaseMyTrip,BLR,BOM,2026-08-22,7,3579.37,1009.57,4588.94,2026-08-15 10:57:00,SIMULATED_BACKTEST
713,EaseMyTrip,BLR,BOM,2026-08-30,15,3024.06,852.94,3877.0,2026-08-15 10:57:00,SIMULATED_BACKTEST
714,EaseMyTrip,BLR,BOM,2026-09-14,30,2676.99,755.05,3432.04,2026-08-15 10:57:00,SIMULATED_BACKTEST
715,EaseMyTrip,BLR,BOM,2026-09-29,45,2415.97,681.43,3097.4,2026-08-15 10:57:00,SIMULATED_BACKTEST
716,EaseMyTrip,DEL,HYD,2026-08-16,1,5493.7,1549.5,7043.2,2026-08-15 10:57:00,SIMULATED_BACKTEST
717,EaseMyTrip,DEL,HYD,2026-08-22,7,4283.15,1208.07,5491.22,2026-08-15 10:57:00,SIMULATED_BACKTEST
718,EaseMyTrip,DEL,HYD,2026-08-30,15,3634.64,1025.16,4659.8,2026-08-15 10:57:00,SIMULATED_BACKTEST
719,EaseMyTrip,DEL,HYD,2026-09-14,30,3269.12,922.06,4191.18,2026-08-15 10:57:00,SIMULATED_BACKTEST
720,EaseMyTrip,DEL,HYD,2026-09-29,45,2970.58,837.86,3808.44,2026-08-15 10:57:00,SIMULATED_BACKTEST
721,EaseMyTrip,DEL,PNQ,2026-08-16,1,5185.36,1462.54,6647.9,2026-08-15 10:57:00,SIMULATED_BACKTEST
722,EaseMyTrip,DEL,PNQ,2026-08-22,7,4027.01,1135.82,5162.83,2026-08-15 10:57:00,SIMULATED_BACKTEST
723,EaseMyTrip,DEL,PNQ,2026-08-30,15,3476.15,980.45,4456.6,2026-08-15 10:57:00,SIMULATED_BACKTEST
724,EaseMyTrip,DEL,PNQ,2026-09-14,30,3066.53,864.92,3931.45,2026-08-15 10:57:00,SIMULATED_BACKTEST
725,EaseMyTrip,DEL,PNQ,2026-09-29,45,2773.43,782.25,3555.68,2026-08-15 10:57:00,SIMULATED_BACKTEST
726,EaseMyTrip,DEL,CCU,2026-08-16,1,7442.45,2099.15,9541.6,2026-08-15 10:57:00,SIMULATED_BACKTEST
727,EaseMyTrip,DEL,CCU,2026-08-22,7,5816.3,1640.49,7456.79,2026-08-15 10:57:00,SIMULATED_BACKTEST
728,EaseMyTrip,DEL,CCU,2026-08-30,15,4963.45,1399.95,6363.4,2026-08-15 10:57:00,SIMULATED_BACKTEST
729,EaseMyTrip,DEL,CCU,2026-09-14,30,4376.95,1234.52,5611.47,2026-08-15 10:57:00,SIMULATED_BACKTEST
730,EaseMyTrip,DEL,CCU,2026-09-29,45,3997.91,1127.61,5125.52,2026-08-15 10:57:00,SIMULATED_BACKTEST
731,EaseMyTrip,AMD,DEL,2026-08-16,1,5035.29,1420.21,6455.5,2026-08-15 10:57:00,SIMULATED_BACKTEST
732,EaseMyTrip,AMD,DEL,2026-08-22,7,3965.13,1118.37,5083.5,2026-08-15 10:57:00,SIMULATED_BACKTEST
733,EaseMyTrip,AMD,DEL,2026-08-30,15,3378.96,953.04,4332.0,2026-08-15 10:57:00,SIMULATED_BACKTEST
734,EaseMyTrip,AMD,DEL,2026-09-14,30,2956.2,833.8,3790.0,2026-08-15 10:57:00,SIMULATED_BACKTEST
735,EaseMyTrip,AMD,DEL,2026-09-29,45,2721.42,767.58,3489.0,2026-08-15 10:57:00,SIMULATED_BACKTEST
736,EaseMyTrip,MAA,DEL,2026-08-16,1,7158.45,2019.05,9177.5,2026-08-15 10:57:00,SIMULATED_BACKTEST
737,EaseMyTrip,MAA,DEL,2026-08-22,7,5667.34,1598.48,7265.82,2026-08-15 10:57:00,SIMULATED_BACKTEST
738,EaseMyTrip,MAA,DEL,2026-08-30,15,4781.4,1348.6,6130.0,2026-08-15 10:57:00,SIMULATED_BACKTEST
739,EaseMyTrip,MAA,DEL,2026-09-14,30,4193.37,1182.75,5376.12,2026-08-15 10:57:00,SIMULATED_BACKTEST
740,EaseMyTrip,MAA,DEL,2026-09-29,45,3752.74,1058.46,4811.2,2026-08-15 10:57:00,SIMULATED_BACKTEST
741,EaseMyTrip,HYD,BOM,2026-08-16,1,4896.45,1381.05,6277.5,2026-08-15 10:57:00,SIMULATED_BACKTEST
742,EaseMyTrip,HYD,BOM,2026-08-22,7,3783.76,1067.22,4850.98,2026-08-15 10:57:00,SIMULATED_BACKTEST
743,EaseMyTrip,HYD,BOM,2026-08-30,15,3292.38,928.62,4221.0,2026-08-15 10:57:00,SIMULATED_BACKTEST
744,EaseMyTrip,HYD,BOM,2026-09-14,30,2890.43,815.25,3705.68,2026-08-15 10:57:00,SIMULATED_BACKTEST
745,EaseMyTrip,HYD,BOM,2026-09-29,45,2630.0,741.8,3371.8,2026-08-15 10:57:00,SIMULATED_BACKTEST
746,EaseMyTrip,BLR,CCU,2026-08-16,1,6871.64,1938.16,8809.8,2026-08-15 10:57:00,SIMULATED_BACKTEST
747,EaseMyTrip,BLR,CCU,2026-08-22,7,5464.79,1541.35,7006.14,2026-08-15 10:57:00,SIMULATED_BACKTEST
748,EaseMyTrip,BLR,CCU,2026-08-30,15,4579.54,1291.66,5871.2,2026-08-15 10:57:00,SIMULATED_BACKTEST
749,EaseMyTrip,BLR,CCU,2026-09-14,30,4022.13,1134.45,5156.58,2026-08-15 10:57:00,SIMULATED_BACKTEST
750,EaseMyTrip,BLR,CCU,2026-09-29,45,3699.66,1043.5,4743.16,2026-08-15 10:57:00,SIMULATED_BACKTEST
751,EaseMyTrip,DEL,BOM,2026-08-17,1,7840.95,2211.55,10052.5,2026-08-16 11:15:00,SIMULATED_BACKTEST
752,EaseMyTrip,DEL,BOM,2026-08-23,7,6139.18,1731.56,7870.74,2026-08-16 11:15:00,SIMULATED_BACKTEST
753,EaseMyTrip,DEL,BOM,2026-08-31,15,5173.74,1459.26,6633.0,2026-08-16 11:15:00,SIMULATED_BACKTEST
754,EaseMyTrip,DEL,BOM,2026-09-15,30,4593.3,1295.54,5888.84,2026-08-16 11:15:00,SIMULATED_BACKTEST
755,EaseMyTrip,DEL,BOM,2026-09-30,45,4216.21,1189.19,5405.4,2026-08-16 11:15:00,SIMULATED_BACKTEST
756,EaseMyTrip,BLR,DEL,2026-08-17,1,7618.88,2148.92,9767.8,2026-08-16 11:15:00,SIMULATED_BACKTEST
757,EaseMyTrip,BLR,DEL,2026-08-23,7,5970.63,1684.03,7654.66,2026-08-16 11:15:00,SIMULATED_BACKTEST
758,EaseMyTrip,BLR,DEL,2026-08-31,15,5086.54,1434.66,6521.2,2026-08-16 11:15:00,SIMULATED_BACKTEST
759,EaseMyTrip,BLR,DEL,2026-09-15,30,4436.56,1251.34,5687.9,2026-08-16 11:15:00,SIMULATED_BACKTEST
760,EaseMyTrip,BLR,DEL,2026-09-30,45,4018.06,1133.3,5151.36,2026-08-16 11:15:00,SIMULATED_BACKTEST
761,EaseMyTrip,BLR,BOM,2026-08-17,1,4556.37,1285.13,5841.5,2026-08-16 11:15:00,SIMULATED_BACKTEST
762,EaseMyTrip,BLR,BOM,2026-08-23,7,3623.05,1021.89,4644.94,2026-08-16 11:15:00,SIMULATED_BACKTEST
763,EaseMyTrip,BLR,BOM,2026-08-31,15,3093.48,872.52,3966.0,2026-08-16 11:15:00,SIMULATED_BACKTEST
764,EaseMyTrip,BLR,BOM,2026-09-15,30,2708.97,764.07,3473.04,2026-08-16 11:15:00,SIMULATED_BACKTEST
765,EaseMyTrip,BLR,BOM,2026-09-30,45,2428.45,684.95,3113.4,2026-08-16 11:15:00,SIMULATED_BACKTEST
766,EaseMyTrip,DEL,HYD,2026-08-17,1,5539.72,1562.48,7102.2,2026-08-16 11:15:00,SIMULATED_BACKTEST
767,EaseMyTrip,DEL,HYD,2026-08-23,7,4278.47,1206.75,5485.22,2026-08-16 11:15:00,SIMULATED_BACKTEST
768,EaseMyTrip,DEL,HYD,2026-08-31,15,3661.94,1032.86,4694.8,2026-08-16 11:15:00,SIMULATED_BACKTEST
769,EaseMyTrip,DEL,HYD,2026-09-15,30,3190.34,899.84,4090.18,2026-08-16 11:15:00,SIMULATED_BACKTEST
770,EaseMyTrip,DEL,HYD,2026-09-30,45,2965.9,836.54,3802.44,2026-08-16 11:15:00,SIMULATED_BACKTEST
771,EaseMyTrip,DEL,PNQ,2026-08-17,1,5164.3,1456.6,6620.9,2026-08-16 11:15:00,SIMULATED_BACKTEST
772,EaseMyTrip,DEL,PNQ,2026-08-23,7,4103.45,1157.38,5260.83,2026-08-16 11:15:00,SIMULATED_BACKTEST
773,EaseMyTrip,DEL,PNQ,2026-08-31,15,3473.81,979.79,4453.6,2026-08-16 11:15:00,SIMULATED_BACKTEST
774,EaseMyTrip,DEL,PNQ,2026-09-15,30,3010.37,849.08,3859.45,2026-08-16 11:15:00,SIMULATED_BACKTEST
775,EaseMyTrip,DEL,PNQ,2026-09-30,45,2817.11,794.57,3611.68,2026-08-16 11:15:00,SIMULATED_BACKTEST
776,EaseMyTrip,DEL,CCU,2026-08-17,1,7507.19,2117.41,9624.6,2026-08-16 11:15:00,SIMULATED_BACKTEST
777,EaseMyTrip,DEL,CCU,2026-08-23,7,5849.84,1649.95,7499.79,2026-08-16 11:15:00,SIMULATED_BACKTEST
778,EaseMyTrip,DEL,CCU,2026-08-31,15,5018.05,1415.35,6433.4,2026-08-16 11:15:00,SIMULATED_BACKTEST
779,EaseMyTrip,DEL,CCU,2026-09-15,30,4411.27,1244.2,5655.47,2026-08-16 11:15:00,SIMULATED_BACKTEST
780,EaseMyTrip,DEL,CCU,2026-09-30,45,4018.97,1133.55,5152.52,2026-08-16 11:15:00,SIMULATED_BACKTEST
781,EaseMyTrip,AMD,DEL,2026-08-17,1,5054.79,1425.71,6480.5,2026-08-16 11:15:00,SIMULATED_BACKTEST
782,EaseMyTrip,AMD,DEL,2026-08-23,7,3947.19,1113.31,5060.5,2026-08-16 11:15:00,SIMULATED_BACKTEST
783,EaseMyTrip,AMD,DEL,2026-08-31,15,3368.04,949.96,4318.0,2026-08-16 11:15:00,SIMULATED_BACKTEST
784,EaseMyTrip,AMD,DEL,2026-09-15,30,2959.32,834.68,3794.0,2026-08-16 11:15:00,SIMULATED_BACKTEST
785,EaseMyTrip,AMD,DEL,2026-09-30,45,2708.16,763.84,3472.0,2026-08-16 11:15:00,SIMULATED_BACKTEST
786,EaseMyTrip,MAA,DEL,2026-08-17,1,7113.21,2006.29,9119.5,2026-08-16 11:15:00,SIMULATED_BACKTEST
787,EaseMyTrip,MAA,DEL,2026-08-23,7,5643.16,1591.66,7234.82,2026-08-16 11:15:00,SIMULATED_BACKTEST
788,EaseMyTrip,MAA,DEL,2026-08-31,15,4762.68,1343.32,6106.0,2026-08-16 11:15:00,SIMULATED_BACKTEST
789,EaseMyTrip,MAA,DEL,2026-09-15,30,4139.55,1167.57,5307.12,2026-08-16 11:15:00,SIMULATED_BACKTEST
790,EaseMyTrip,MAA,DEL,2026-09-30,45,3858.82,1088.38,4947.2,2026-08-16 11:15:00,SIMULATED_BACKTEST
791,EaseMyTrip,HYD,BOM,2026-08-17,1,4905.03,1383.47,6288.5,2026-08-16 11:15:00,SIMULATED_BACKTEST
792,EaseMyTrip,HYD,BOM,2026-08-23,7,3791.56,1069.42,4860.98,2026-08-16 11:15:00,SIMULATED_BACKTEST
793,EaseMyTrip,HYD,BOM,2026-08-31,15,3264.3,920.7,4185.0,2026-08-16 11:15:00,SIMULATED_BACKTEST
794,EaseMyTrip,HYD,BOM,2026-09-15,30,2859.23,806.45,3665.68,2026-08-16 11:15:00,SIMULATED_BACKTEST
795,EaseMyTrip,HYD,BOM,2026-09-30,45,2554.34,720.46,3274.8,2026-08-16 11:15:00,SIMULATED_BACKTEST
796,EaseMyTrip,BLR,CCU,2026-08-17,1,6934.04,1955.76,8889.8,2026-08-16 11:15:00,SIMULATED_BACKTEST
797,EaseMyTrip,BLR,CCU,2026-08-23,7,5472.59,1543.55,7016.14,2026-08-16 11:15:00,SIMULATED_BACKTEST
798,EaseMyTrip,BLR,CCU,2026-08-31,15,4629.46,1305.74,5935.2,2026-08-16 11:15:00,SIMULATED_BACKTEST
799,EaseMyTrip,BLR,CCU,2026-09-15,30,4024.47,1135.11,5159.58,2026-08-16 11:15:00,SIMULATED_BACKTEST
800,EaseMyTrip,BLR,CCU,2026-09-30,45,3630.24,1023.92,4654.16,2026-08-16 11:15:00,SIMULATED_BACKTEST
801,EaseMyTrip,DEL,BOM,2026-08-18,1,5986.11,1688.39,7674.5,2026-08-17 08:18:00,SIMULATED_BACKTEST
802,EaseMyTrip,DEL,BOM,2026-08-24,7,4690.44,1322.94,6013.38,2026-08-17 08:18:00,SIMULATED_BACKTEST
803,EaseMyTrip,DEL,BOM,2026-09-01,15,3964.74,1118.26,5083.0,2026-08-17 08:18:00,SIMULATED_BACKTEST
804,EaseMyTrip,DEL,BOM,2026-09-16,30,3506.94,989.14,4496.08,2026-08-17 08:18:00,SIMULATED_BACKTEST
805,EaseMyTrip,DEL,BOM,2026-10-01,45,3188.48,899.32,4087.8,2026-08-17 08:18:00,SIMULATED_BACKTEST
806,EaseMyTrip,BLR,DEL,2026-08-18,1,7015.16,1978.64,8993.8,2026-08-17 08:18:00,SIMULATED_BACKTEST
807,EaseMyTrip,BLR,DEL,2026-08-24,7,5516.55,1555.95,7072.5,2026-08-17 08:18:00,SIMULATED_BACKTEST
808,EaseMyTrip,BLR,DEL,2026-09-01,15,4594.36,1295.84,5890.2,2026-08-17 08:18:00,SIMULATED_BACKTEST
809,EaseMyTrip,BLR,DEL,2026-09-16,30,4087.47,1152.87,5240.34,2026-08-17 08:18:00,SIMULATED_BACKTEST
810,EaseMyTrip,BLR,DEL,2026-10-01,45,3760.19,1060.57,4820.76,2026-08-17 08:18:00,SIMULATED_BACKTEST
811,EaseMyTrip,BLR,BOM,2026-08-18,1,4283.37,1208.13,5491.5,2026-08-17 08:18:00,SIMULATED_BACKTEST
812,EaseMyTrip,BLR,BOM,2026-08-24,7,3316.76,935.5,4252.26,2026-08-17 08:18:00,SIMULATED_BACKTEST
813,EaseMyTrip,BLR,BOM,2026-09-01,15,2805.66,791.34,3597.0,2026-08-17 08:18:00,SIMULATED_BACKTEST
814,EaseMyTrip,BLR,BOM,2026-09-16,30,2490.66,702.5,3193.16,2026-08-17 08:18:00,SIMULATED_BACKTEST
815,EaseMyTrip,BLR,BOM,2026-10-01,45,2235.17,630.43,2865.6,2026-08-17 08:18:00,SIMULATED_BACKTEST
816,EaseMyTrip,DEL,HYD,2026-08-18,1,5108.84,1440.96,6549.8,2026-08-17 08:18:00,SIMULATED_BACKTEST
817,EaseMyTrip,DEL,HYD,2026-08-24,7,4048.43,1141.87,5190.3,2026-08-17 08:18:00,SIMULATED_BACKTEST
818,EaseMyTrip,DEL,HYD,2026-09-01,15,3456.34,974.86,4431.2,2026-08-17 08:18:00,SIMULATED_BACKTEST
819,EaseMyTrip,DEL,HYD,2026-09-16,30,2962.55,835.59,3798.14,2026-08-17 08:18:00,SIMULATED_BACKTEST
820,EaseMyTrip,DEL,HYD,2026-10-01,45,2674.43,754.33,3428.76,2026-08-17 08:18:00,SIMULATED_BACKTEST
821,EaseMyTrip,DEL,PNQ,2026-08-18,1,4789.28,1350.82,6140.1,2026-08-17 08:18:00,SIMULATED_BACKTEST
822,EaseMyTrip,DEL,PNQ,2026-08-24,7,3818.58,1077.03,4895.61,2026-08-17 08:18:00,SIMULATED_BACKTEST
823,EaseMyTrip,DEL,PNQ,2026-09-01,15,3241.21,914.19,4155.4,2026-08-17 08:18:00,SIMULATED_BACKTEST
824,EaseMyTrip,DEL,PNQ,2026-09-16,30,2792.86,787.73,3580.59,2026-08-17 08:18:00,SIMULATED_BACKTEST
825,EaseMyTrip,DEL,PNQ,2026-10-01,45,2601.08,733.64,3334.72,2026-08-17 08:18:00,SIMULATED_BACKTEST
826,EaseMyTrip,DEL,CCU,2026-08-18,1,6144.22,1732.98,7877.2,2026-08-17 08:18:00,SIMULATED_BACKTEST
827,EaseMyTrip,DEL,CCU,2026-08-24,7,4888.24,1378.74,6266.98,2026-08-17 08:18:00,SIMULATED_BACKTEST
828,EaseMyTrip,DEL,CCU,2026-09-01,15,4092.5,1154.3,5246.8,2026-08-17 08:18:00,SIMULATED_BACKTEST
829,EaseMyTrip,DEL,CCU,2026-09-16,30,3605.43,1016.91,4622.34,2026-08-17 08:18:00,SIMULATED_BACKTEST
830,EaseMyTrip,DEL,CCU,2026-10-01,45,3247.17,915.87,4163.04,2026-08-17 08:18:00,SIMULATED_BACKTEST
831,EaseMyTrip,AMD,DEL,2026-08-18,1,4639.05,1308.45,5947.5,2026-08-17 08:18:00,SIMULATED_BACKTEST
832,EaseMyTrip,AMD,DEL,2026-08-24,7,3649.23,1029.27,4678.5,2026-08-17 08:18:00,SIMULATED_BACKTEST
833,EaseMyTrip,AMD,DEL,2026-09-01,15,3112.2,877.8,3990.0,2026-08-17 08:18:00,SIMULATED_BACKTEST
834,EaseMyTrip,AMD,DEL,2026-09-16,30,2682.42,756.58,3439.0,2026-08-17 08:18:00,SIMULATED_BACKTEST
835,EaseMyTrip,AMD,DEL,2026-10-01,45,2508.48,707.52,3216.0,2026-08-17 08:18:00,SIMULATED_BACKTEST
836,EaseMyTrip,MAA,DEL,2026-08-18,1,6610.89,1864.61,8475.5,2026-08-17 08:18:00,SIMULATED_BACKTEST
837,EaseMyTrip,MAA,DEL,2026-08-24,7,5265.61,1485.17,6750.78,2026-08-17 08:18:00,SIMULATED_BACKTEST
838,EaseMyTrip,MAA,DEL,2026-09-01,15,4463.94,1259.06,5723.0,2026-08-17 08:18:00,SIMULATED_BACKTEST
839,EaseMyTrip,MAA,DEL,2026-09-16,30,3935.47,1110.01,5045.48,2026-08-17 08:18:00,SIMULATED_BACKTEST
840,EaseMyTrip,MAA,DEL,2026-10-01,45,3516.08,991.72,4507.8,2026-08-17 08:18:00,SIMULATED_BACKTEST
841,EaseMyTrip,HYD,BOM,2026-08-18,1,4540.77,1280.73,5821.5,2026-08-17 08:18:00,SIMULATED_BACKTEST
842,EaseMyTrip,HYD,BOM,2026-08-24,7,3593.01,1013.41,4606.42,2026-08-17 08:18:00,SIMULATED_BACKTEST
843,EaseMyTrip,HYD,BOM,2026-09-01,15,3061.5,863.5,3925.0,2026-08-17 08:18:00,SIMULATED_BACKTEST
844,EaseMyTrip,HYD,BOM,2026-09-16,30,2650.22,747.5,3397.72,2026-08-17 08:18:00,SIMULATED_BACKTEST
845,EaseMyTrip,HYD,BOM,2026-10-01,45,2465.74,695.46,3161.2,2026-08-17 08:18:00,SIMULATED_BACKTEST
846,EaseMyTrip,BLR,CCU,2026-08-18,1,6383.68,1800.52,8184.2,2026-08-17 08:18:00,SIMULATED_BACKTEST
847,EaseMyTrip,BLR,CCU,2026-08-24,7,5098.19,1437.95,6536.14,2026-08-17 08:18:00,SIMULATED_BACKTEST
848,EaseMyTrip,BLR,CCU,2026-09-01,15,4257.86,1200.94,5458.8,2026-08-17 08:18:00,SIMULATED_BACKTEST
849,EaseMyTrip,BLR,CCU,2026-09-16,30,3739.24,1054.66,4793.9,2026-08-17 08:18:00,SIMULATED_BACKTEST
850,EaseMyTrip,BLR,CCU,2026-10-01,45,3387.26,955.38,4342.64,2026-08-17 08:18:00,SIMULATED_BACKTEST
851,EaseMyTrip,DEL,BOM,2026-08-19,1,6005.81,1693.94,7699.75,2026-08-18 09:21:00,SIMULATED_BACKTEST
852,EaseMyTrip,DEL,BOM,2026-08-25,7,4654.38,1312.77,5967.15,2026-08-18 09:21:00,SIMULATED_BACKTEST
853,EaseMyTrip,DEL,BOM,2026-09-02,15,3926.91,1107.59,5034.5,2026-08-18 09:21:00,SIMULATED_BACKTEST
854,EaseMyTrip,DEL,BOM,2026-09-17,30,3515.77,991.63,4507.4,2026-08-18 09:21:00,SIMULATED_BACKTEST
855,EaseMyTrip,DEL,BOM,2026-10-02,45,3187.86,899.14,4087.0,2026-08-18 09:21:00,SIMULATED_BACKTEST
856,EaseMyTrip,BLR,DEL,2026-08-19,1,6898.71,1945.79,8844.5,2026-08-18 09:21:00,SIMULATED_BACKTEST
857,EaseMyTrip,BLR,DEL,2026-08-25,7,5456.24,1538.94,6995.18,2026-08-18 09:21:00,SIMULATED_BACKTEST
858,EaseMyTrip,BLR,DEL,2026-09-02,15,4595.76,1296.24,5892.0,2026-08-18 09:21:00,SIMULATED_BACKTEST
859,EaseMyTrip,BLR,DEL,2026-09-17,30,4044.99,1140.89,5185.88,2026-08-18 09:21:00,SIMULATED_BACKTEST
860,EaseMyTrip,BLR,DEL,2026-10-02,45,3627.62,1023.18,4650.8,2026-08-18 09:21:00,SIMULATED_BACKTEST
861,EaseMyTrip,BLR,BOM,2026-08-19,1,4206.35,1186.4,5392.75,2026-08-18 09:21:00,SIMULATED_BACKTEST
862,EaseMyTrip,BLR,BOM,2026-08-25,7,3306.07,932.48,4238.55,2026-08-18 09:21:00,SIMULATED_BACKTEST
863,EaseMyTrip,BLR,BOM,2026-09-02,15,2798.25,789.25,3587.5,2026-08-18 09:21:00,SIMULATED_BACKTEST
864,EaseMyTrip,BLR,BOM,2026-09-17,30,2433.44,686.36,3119.8,2026-08-18 09:21:00,SIMULATED_BACKTEST
865,EaseMyTrip,BLR,BOM,2026-10-02,45,2248.74,634.26,2883.0,2026-08-18 09:21:00,SIMULATED_BACKTEST
866,EaseMyTrip,DEL,HYD,2026-08-19,1,5031.0,1419.0,6450.0,2026-08-18 09:21:00,SIMULATED_BACKTEST
867,EaseMyTrip,DEL,HYD,2026-08-25,7,4010.51,1131.17,5141.68,2026-08-18 09:21:00,SIMULATED_BACKTEST
868,EaseMyTrip,DEL,HYD,2026-09-02,15,3400.8,959.2,4360.0,2026-08-18 09:21:00,SIMULATED_BACKTEST
869,EaseMyTrip,DEL,HYD,2026-09-17,30,2921.01,823.87,3744.88,2026-08-18 09:21:00,SIMULATED_BACKTEST
870,EaseMyTrip,DEL,HYD,2026-10-02,45,2718.92,766.88,3485.8,2026-08-18 09:21:00,SIMULATED_BACKTEST
871,EaseMyTrip,DEL,PNQ,2026-08-19,1,4828.78,1361.97,6190.75,2026-08-18 09:21:00,SIMULATED_BACKTEST
872,EaseMyTrip,DEL,PNQ,2026-08-25,7,3812.41,1075.3,4887.71,2026-08-18 09:21:00,SIMULATED_BACKTEST
873,EaseMyTrip,DEL,PNQ,2026-09-02,15,3203.85,903.65,4107.5,2026-08-18 09:21:00,SIMULATED_BACKTEST
874,EaseMyTrip,DEL,PNQ,2026-09-17,30,2753.68,776.68,3530.36,2026-08-18 09:21:00,SIMULATED_BACKTEST
875,EaseMyTrip,DEL,PNQ,2026-10-02,45,2549.51,719.09,3268.6,2026-08-18 09:21:00,SIMULATED_BACKTEST
876,EaseMyTrip,DEL,CCU,2026-08-19,1,6130.41,1729.09,7859.5,2026-08-18 09:21:00,SIMULATED_BACKTEST
877,EaseMyTrip,DEL,CCU,2026-08-25,7,4789.37,1350.85,6140.22,2026-08-18 09:21:00,SIMULATED_BACKTEST
878,EaseMyTrip,DEL,CCU,2026-09-02,15,4087.2,1152.8,5240.0,2026-08-18 09:21:00,SIMULATED_BACKTEST
879,EaseMyTrip,DEL,CCU,2026-09-17,30,3630.53,1023.99,4654.52,2026-08-18 09:21:00,SIMULATED_BACKTEST
880,EaseMyTrip,DEL,CCU,2026-10-02,45,3281.62,925.58,4207.2,2026-08-18 09:21:00,SIMULATED_BACKTEST
881,EaseMyTrip,AMD,DEL,2026-08-19,1,4635.74,1307.51,5943.25,2026-08-18 09:21:00,SIMULATED_BACKTEST
882,EaseMyTrip,AMD,DEL,2026-08-25,7,3670.88,1035.37,4706.25,2026-08-18 09:21:00,SIMULATED_BACKTEST
883,EaseMyTrip,AMD,DEL,2026-09-02,15,3022.11,852.39,3874.5,2026-08-18 09:21:00,SIMULATED_BACKTEST
884,EaseMyTrip,AMD,DEL,2026-09-17,30,2662.14,750.86,3413.0,2026-08-18 09:21:00,SIMULATED_BACKTEST
885,EaseMyTrip,AMD,DEL,2026-10-02,45,2485.08,700.92,3186.0,2026-08-18 09:21:00,SIMULATED_BACKTEST
886,EaseMyTrip,MAA,DEL,2026-08-19,1,6592.76,1859.49,8452.25,2026-08-18 09:21:00,SIMULATED_BACKTEST
887,EaseMyTrip,MAA,DEL,2026-08-25,7,5121.99,1444.66,6566.65,2026-08-18 09:21:00,SIMULATED_BACKTEST
888,EaseMyTrip,MAA,DEL,2026-09-02,15,4368.39,1232.11,5600.5,2026-08-18 09:21:00,SIMULATED_BACKTEST
889,EaseMyTrip,MAA,DEL,2026-09-17,30,3865.21,1090.19,4955.4,2026-08-18 09:21:00,SIMULATED_BACKTEST
890,EaseMyTrip,MAA,DEL,2026-10-02,45,3462.42,976.58,4439.0,2026-08-18 09:21:00,SIMULATED_BACKTEST
891,EaseMyTrip,HYD,BOM,2026-08-19,1,4512.89,1272.86,5785.75,2026-08-18 09:21:00,SIMULATED_BACKTEST
892,EaseMyTrip,HYD,BOM,2026-08-25,7,3543.03,999.32,4542.35,2026-08-18 09:21:00,SIMULATED_BACKTEST
893,EaseMyTrip,HYD,BOM,2026-09-02,15,2962.05,835.45,3797.5,2026-08-18 09:21:00,SIMULATED_BACKTEST
894,EaseMyTrip,HYD,BOM,2026-09-17,30,2625.95,740.65,3366.6,2026-08-18 09:21:00,SIMULATED_BACKTEST
895,EaseMyTrip,HYD,BOM,2026-10-02,45,2351.7,663.3,3015.0,2026-08-18 09:21:00,SIMULATED_BACKTEST
896,EaseMyTrip,BLR,CCU,2026-08-19,1,6344.91,1789.59,8134.5,2026-08-18 09:21:00,SIMULATED_BACKTEST
897,EaseMyTrip,BLR,CCU,2026-08-25,7,4979.54,1404.48,6384.02,2026-08-18 09:21:00,SIMULATED_BACKTEST
898,EaseMyTrip,BLR,CCU,2026-09-02,15,4257.24,1200.76,5458.0,2026-08-18 09:21:00,SIMULATED_BACKTEST
899,EaseMyTrip,BLR,CCU,2026-09-17,30,3737.23,1054.09,4791.32,2026-08-18 09:21:00,SIMULATED_BACKTEST
900,EaseMyTrip,BLR,CCU,2026-10-02,45,3347.14,944.06,4291.2,2026-08-18 09:21:00,SIMULATED_BACKTEST
901,EaseMyTrip,DEL,BOM,2026-08-20,1,5881.2,1658.8,7540.0,2026-08-19 10:24:00,SIMULATED_BACKTEST
902,EaseMyTrip,DEL,BOM,2026-08-26,7,4656.54,1313.38,5969.92,2026-08-19 10:24:00,SIMULATED_BACKTEST
903,EaseMyTrip,DEL,BOM,2026-09-03,15,3960.84,1117.16,5078.0,2026-08-19 10:24:00,SIMULATED_BACKTEST
904,EaseMyTrip,DEL,BOM,2026-09-18,30,3416.18,963.54,4379.72,2026-08-19 10:24:00,SIMULATED_BACKTEST
905,EaseMyTrip,DEL,BOM,2026-10-03,45,3094.42,872.78,3967.2,2026-08-19 10:24:00,SIMULATED_BACKTEST
906,EaseMyTrip,BLR,DEL,2026-08-20,1,6832.96,1927.24,8760.2,2026-08-19 10:24:00,SIMULATED_BACKTEST
907,EaseMyTrip,BLR,DEL,2026-08-26,7,5378.77,1517.09,6895.86,2026-08-19 10:24:00,SIMULATED_BACKTEST
908,EaseMyTrip,BLR,DEL,2026-09-03,15,4605.74,1299.06,5904.8,2026-08-19 10:24:00,SIMULATED_BACKTEST
909,EaseMyTrip,BLR,DEL,2026-09-18,30,3970.53,1119.89,5090.42,2026-08-19 10:24:00,SIMULATED_BACKTEST
910,EaseMyTrip,BLR,DEL,2026-10-03,45,3630.0,1023.84,4653.84,2026-08-19 10:24:00,SIMULATED_BACKTEST
911,EaseMyTrip,BLR,BOM,2026-08-20,1,4197.18,1183.82,5381.0,2026-08-19 10:24:00,SIMULATED_BACKTEST
912,EaseMyTrip,BLR,BOM,2026-08-26,7,3353.88,945.96,4299.84,2026-08-19 10:24:00,SIMULATED_BACKTEST
913,EaseMyTrip,BLR,BOM,2026-09-03,15,2744.82,774.18,3519.0,2026-08-19 10:24:00,SIMULATED_BACKTEST
914,EaseMyTrip,BLR,BOM,2026-09-18,30,2447.2,690.24,3137.44,2026-08-19 10:24:00,SIMULATED_BACKTEST
915,EaseMyTrip,BLR,BOM,2026-10-03,45,2217.85,625.55,2843.4,2026-08-19 10:24:00,SIMULATED_BACKTEST
916,EaseMyTrip,DEL,HYD,2026-08-20,1,4986.7,1406.5,6393.2,2026-08-19 10:24:00,SIMULATED_BACKTEST
917,EaseMyTrip,DEL,HYD,2026-08-26,7,3988.97,1125.09,5114.06,2026-08-19 10:24:00,SIMULATED_BACKTEST
918,EaseMyTrip,DEL,HYD,2026-09-03,15,3300.02,930.78,4230.8,2026-08-19 10:24:00,SIMULATED_BACKTEST
919,EaseMyTrip,DEL,HYD,2026-09-18,30,2951.22,832.4,3783.62,2026-08-19 10:24:00,SIMULATED_BACKTEST
920,EaseMyTrip,DEL,HYD,2026-10-03,45,2708.82,764.02,3472.84,2026-08-19 10:24:00,SIMULATED_BACKTEST
921,EaseMyTrip,DEL,PNQ,2026-08-20,1,4715.41,1329.99,6045.4,2026-08-19 10:24:00,SIMULATED_BACKTEST
922,EaseMyTrip,DEL,PNQ,2026-08-26,7,3704.07,1044.74,4748.81,2026-08-19 10:24:00,SIMULATED_BACKTEST
923,EaseMyTrip,DEL,PNQ,2026-09-03,15,3172.73,894.87,4067.6,2026-08-19 10:24:00,SIMULATED_BACKTEST
924,EaseMyTrip,DEL,PNQ,2026-09-18,30,2769.88,781.25,3551.13,2026-08-19 10:24:00,SIMULATED_BACKTEST
925,EaseMyTrip,DEL,PNQ,2026-10-03,45,2544.73,717.75,3262.48,2026-08-19 10:24:00,SIMULATED_BACKTEST
926,EaseMyTrip,DEL,CCU,2026-08-20,1,6099.44,1720.36,7819.8,2026-08-19 10:24:00,SIMULATED_BACKTEST
927,EaseMyTrip,DEL,CCU,2026-08-26,7,4756.02,1341.44,6097.46,2026-08-19 10:24:00,SIMULATED_BACKTEST
928,EaseMyTrip,DEL,CCU,2026-09-03,15,4030.42,1136.78,5167.2,2026-08-19 10:24:00,SIMULATED_BACKTEST
929,EaseMyTrip,DEL,CCU,2026-09-18,30,3560.47,1004.23,4564.7,2026-08-19 10:24:00,SIMULATED_BACKTEST
930,EaseMyTrip,DEL,CCU,2026-10-03,45,3184.24,898.12,4082.36,2026-08-19 10:24:00,SIMULATED_BACKTEST
931,EaseMyTrip,AMD,DEL,2026-08-20,1,4563.78,1287.22,5851.0,2026-08-19 10:24:00,SIMULATED_BACKTEST
932,EaseMyTrip,AMD,DEL,2026-08-26,7,3604.38,1016.62,4621.0,2026-08-19 10:24:00,SIMULATED_BACKTEST
933,EaseMyTrip,AMD,DEL,2026-09-03,15,3037.32,856.68,3894.0,2026-08-19 10:24:00,SIMULATED_BACKTEST
934,EaseMyTrip,AMD,DEL,2026-09-18,30,2626.26,740.74,3367.0,2026-08-19 10:24:00,SIMULATED_BACKTEST
935,EaseMyTrip,AMD,DEL,2026-10-03,45,2430.48,685.52,3116.0,2026-08-19 10:24:00,SIMULATED_BACKTEST
936,EaseMyTrip,MAA,DEL,2026-08-20,1,6553.56,1848.44,8402.0,2026-08-19 10:24:00,SIMULATED_BACKTEST
937,EaseMyTrip,MAA,DEL,2026-08-26,7,5091.47,1436.05,6527.52,2026-08-19 10:24:00,SIMULATED_BACKTEST
938,EaseMyTrip,MAA,DEL,2026-09-03,15,4301.7,1213.3,5515.0,2026-08-19 10:24:00,SIMULATED_BACKTEST
939,EaseMyTrip,MAA,DEL,2026-09-18,30,3796.51,1070.81,4867.32,2026-08-19 10:24:00,SIMULATED_BACKTEST
940,EaseMyTrip,MAA,DEL,2026-10-03,45,3496.12,986.08,4482.2,2026-08-19 10:24:00,SIMULATED_BACKTEST
941,EaseMyTrip,HYD,BOM,2026-08-20,1,4438.2,1251.8,5690.0,2026-08-19 10:24:00,SIMULATED_BACKTEST
942,EaseMyTrip,HYD,BOM,2026-08-26,7,3441.58,970.7,4412.28,2026-08-19 10:24:00,SIMULATED_BACKTEST
943,EaseMyTrip,HYD,BOM,2026-09-03,15,2928.9,826.1,3755.0,2026-08-19 10:24:00,SIMULATED_BACKTEST
944,EaseMyTrip,HYD,BOM,2026-09-18,30,2643.01,745.47,3388.48,2026-08-19 10:24:00,SIMULATED_BACKTEST
945,EaseMyTrip,HYD,BOM,2026-10-03,45,2332.82,657.98,2990.8,2026-08-19 10:24:00,SIMULATED_BACKTEST
946,EaseMyTrip,BLR,CCU,2026-08-20,1,6342.8,1789.0,8131.8,2026-08-19 10:24:00,SIMULATED_BACKTEST
947,EaseMyTrip,BLR,CCU,2026-08-26,7,4908.46,1384.44,6292.9,2026-08-19 10:24:00,SIMULATED_BACKTEST
948,EaseMyTrip,BLR,CCU,2026-09-03,15,4155.22,1171.98,5327.2,2026-08-19 10:24:00,SIMULATED_BACKTEST
949,EaseMyTrip,BLR,CCU,2026-09-18,30,3686.08,1039.66,4725.74,2026-08-19 10:24:00,SIMULATED_BACKTEST
950,EaseMyTrip,BLR,CCU,2026-10-03,45,3366.29,949.47,4315.76,2026-08-19 10:24:00,SIMULATED_BACKTEST
951,EaseMyTrip,DEL,BOM,2026-08-21,1,5819.78,1641.47,7461.25,2026-08-20 11:27:00,SIMULATED_BACKTEST
952,EaseMyTrip,DEL,BOM,2026-08-27,7,4629.84,1305.85,5935.69,2026-08-20 11:27:00,SIMULATED_BACKTEST
953,EaseMyTrip,DEL,BOM,2026-09-04,15,3893.37,1098.13,4991.5,2026-08-20 11:27:00,SIMULATED_BACKTEST
954,EaseMyTrip,DEL,BOM,2026-09-19,30,3385.23,954.81,4340.04,2026-08-20 11:27:00,SIMULATED_BACKTEST
955,EaseMyTrip,DEL,BOM,2026-10-04,45,3131.23,883.17,4014.4,2026-08-20 11:27:00,SIMULATED_BACKTEST
956,EaseMyTrip,BLR,DEL,2026-08-21,1,6743.8,1902.1,8645.9,2026-08-20 11:27:00,SIMULATED_BACKTEST
957,EaseMyTrip,BLR,DEL,2026-08-27,7,5310.67,1497.88,6808.55,2026-08-20 11:27:00,SIMULATED_BACKTEST
958,EaseMyTrip,BLR,DEL,2026-09-04,15,4470.65,1260.95,5731.6,2026-08-20 11:27:00,SIMULATED_BACKTEST
959,EaseMyTrip,BLR,DEL,2026-09-19,30,3938.2,1110.77,5048.97,2026-08-20 11:27:00,SIMULATED_BACKTEST
960,EaseMyTrip,BLR,DEL,2026-10-04,45,3613.65,1019.23,4632.88,2026-08-20 11:27:00,SIMULATED_BACKTEST
961,EaseMyTrip,BLR,BOM,2026-08-21,1,4149.8,1170.45,5320.25,2026-08-20 11:27:00,SIMULATED_BACKTEST
962,EaseMyTrip,BLR,BOM,2026-08-27,7,3263.62,920.51,4184.13,2026-08-20 11:27:00,SIMULATED_BACKTEST
963,EaseMyTrip,BLR,BOM,2026-09-04,15,2725.71,768.79,3494.5,2026-08-20 11:27:00,SIMULATED_BACKTEST
964,EaseMyTrip,BLR,BOM,2026-09-19,30,2489.82,702.26,3192.08,2026-08-20 11:27:00,SIMULATED_BACKTEST
965,EaseMyTrip,BLR,BOM,2026-10-04,45,2183.06,615.74,2798.8,2026-08-20 11:27:00,SIMULATED_BACKTEST
966,EaseMyTrip,DEL,HYD,2026-08-21,1,4990.75,1407.65,6398.4,2026-08-20 11:27:00,SIMULATED_BACKTEST
967,EaseMyTrip,DEL,HYD,2026-08-27,7,3911.27,1103.18,5014.45,2026-08-20 11:27:00,SIMULATED_BACKTEST
968,EaseMyTrip,DEL,HYD,2026-09-04,15,3305.33,932.27,4237.6,2026-08-20 11:27:00,SIMULATED_BACKTEST
969,EaseMyTrip,DEL,HYD,2026-09-19,30,2862.89,807.48,3670.37,2026-08-20 11:27:00,SIMULATED_BACKTEST
970,EaseMyTrip,DEL,HYD,2026-10-04,45,2641.77,745.11,3386.88,2026-08-20 11:27:00,SIMULATED_BACKTEST
971,EaseMyTrip,DEL,PNQ,2026-08-21,1,4684.72,1321.33,6006.05,2026-08-20 11:27:00,SIMULATED_BACKTEST
972,EaseMyTrip,DEL,PNQ,2026-08-27,7,3644.87,1028.04,4672.91,2026-08-20 11:27:00,SIMULATED_BACKTEST
973,EaseMyTrip,DEL,PNQ,2026-09-04,15,3132.25,883.45,4015.7,2026-08-20 11:27:00,SIMULATED_BACKTEST
974,EaseMyTrip,DEL,PNQ,2026-09-19,30,2779.06,783.84,3562.9,2026-08-20 11:27:00,SIMULATED_BACKTEST
975,EaseMyTrip,DEL,PNQ,2026-10-04,45,2470.54,696.82,3167.36,2026-08-20 11:27:00,SIMULATED_BACKTEST
976,EaseMyTrip,DEL,CCU,2026-08-21,1,6049.76,1706.34,7756.1,2026-08-20 11:27:00,SIMULATED_BACKTEST
977,EaseMyTrip,DEL,CCU,2026-08-27,7,4753.08,1340.61,6093.69,2026-08-20 11:27:00,SIMULATED_BACKTEST
978,EaseMyTrip,DEL,CCU,2026-09-04,15,3948.67,1113.73,5062.4,2026-08-20 11:27:00,SIMULATED_BACKTEST
979,EaseMyTrip,DEL,CCU,2026-09-19,30,3502.1,987.77,4489.87,2026-08-20 11:27:00,SIMULATED_BACKTEST
980,EaseMyTrip,DEL,CCU,2026-10-04,45,3206.99,904.53,4111.52,2026-08-20 11:27:00,SIMULATED_BACKTEST
981,EaseMyTrip,AMD,DEL,2026-08-21,1,4558.12,1285.63,5843.75,2026-08-20 11:27:00,SIMULATED_BACKTEST
982,EaseMyTrip,AMD,DEL,2026-08-27,7,3531.64,996.11,4527.75,2026-08-20 11:27:00,SIMULATED_BACKTEST
983,EaseMyTrip,AMD,DEL,2026-09-04,15,3063.45,864.05,3927.5,2026-08-20 11:27:00,SIMULATED_BACKTEST
984,EaseMyTrip,AMD,DEL,2026-09-19,30,2704.26,762.74,3467.0,2026-08-20 11:27:00,SIMULATED_BACKTEST
985,EaseMyTrip,AMD,DEL,2026-10-04,45,2387.58,673.42,3061.0,2026-08-20 11:27:00,SIMULATED_BACKTEST
986,EaseMyTrip,MAA,DEL,2026-08-21,1,6437.15,1815.6,8252.75,2026-08-20 11:27:00,SIMULATED_BACKTEST
987,EaseMyTrip,MAA,DEL,2026-08-27,7,5046.9,1423.49,6470.39,2026-08-20 11:27:00,SIMULATED_BACKTEST
988,EaseMyTrip,MAA,DEL,2026-09-04,15,4329.39,1221.11,5550.5,2026-08-20 11:27:00,SIMULATED_BACKTEST
989,EaseMyTrip,MAA,DEL,2026-09-19,30,3766.03,1062.21,4828.24,2026-08-20 11:27:00,SIMULATED_BACKTEST
990,EaseMyTrip,MAA,DEL,2026-10-04,45,3485.35,983.05,4468.4,2026-08-20 11:27:00,SIMULATED_BACKTEST
991,EaseMyTrip,HYD,BOM,2026-08-21,1,4377.56,1234.69,5612.25,2026-08-20 11:27:00,SIMULATED_BACKTEST
992,EaseMyTrip,HYD,BOM,2026-08-27,7,3477.4,980.81,4458.21,2026-08-20 11:27:00,SIMULATED_BACKTEST
993,EaseMyTrip,HYD,BOM,2026-09-04,15,2916.81,822.69,3739.5,2026-08-20 11:27:00,SIMULATED_BACKTEST
994,EaseMyTrip,HYD,BOM,2026-09-19,30,2550.88,719.48,3270.36,2026-08-20 11:27:00,SIMULATED_BACKTEST
995,EaseMyTrip,HYD,BOM,2026-10-04,45,2293.67,646.93,2940.6,2026-08-20 11:27:00,SIMULATED_BACKTEST
996,EaseMyTrip,BLR,CCU,2026-08-21,1,6228.38,1756.72,7985.1,2026-08-20 11:27:00,SIMULATED_BACKTEST
997,EaseMyTrip,BLR,CCU,2026-08-27,7,4917.72,1387.05,6304.77,2026-08-20 11:27:00,SIMULATED_BACKTEST
998,EaseMyTrip,BLR,CCU,2026-09-04,15,4214.65,1188.75,5403.4,2026-08-20 11:27:00,SIMULATED_BACKTEST
999,EaseMyTrip,BLR,CCU,2026-09-19,30,3639.6,1026.55,4666.15,2026-08-20 11:27:00,SIMULATED_BACKTEST
1000,EaseMyTrip,BLR,CCU,2026-10-04,45,3316.03,935.29,4251.32,2026-08-20 11:27:00,SIMULATED_BACKTEST
1001,EaseMyTrip,DEL,BOM,2026-08-22,1,5791.89,1633.61,7425.5,2026-08-21 08:30:00,SIMULATED_BACKTEST
1002,EaseMyTrip,DEL,BOM,2026-08-28,7,4498.62,1268.84,5767.46,2026-08-21 08:30:00,SIMULATED_BACKTEST
1003,EaseMyTrip,DEL,BOM,2026-09-05,15,3833.7,1081.3,4915.0,2026-08-21 08:30:00,SIMULATED_BACKTEST
1004,EaseMyTrip,DEL,BOM,2026-09-20,30,3409.66,961.7,4371.36,2026-08-21 08:30:00,SIMULATED_BACKTEST
1005,EaseMyTrip,DEL,BOM,2026-10-05,45,3060.41,863.19,3923.6,2026-08-21 08:30:00,SIMULATED_BACKTEST
1006,EaseMyTrip,BLR,DEL,2026-08-22,1,6688.97,1886.63,8575.6,2026-08-21 08:30:00,SIMULATED_BACKTEST
1007,EaseMyTrip,BLR,DEL,2026-08-28,7,5315.1,1499.13,6814.23,2026-08-21 08:30:00,SIMULATED_BACKTEST
1008,EaseMyTrip,BLR,DEL,2026-09-05,15,4487.65,1265.75,5753.4,2026-08-21 08:30:00,SIMULATED_BACKTEST
1009,EaseMyTrip,BLR,DEL,2026-09-20,30,3905.86,1101.65,5007.51,2026-08-21 08:30:00,SIMULATED_BACKTEST
1010,EaseMyTrip,BLR,DEL,2026-10-05,45,3562.98,1004.94,4567.92,2026-08-21 08:30:00,SIMULATED_BACKTEST
1011,EaseMyTrip,BLR,BOM,2026-08-22,1,4167.15,1175.35,5342.5,2026-08-21 08:30:00,SIMULATED_BACKTEST
1012,EaseMyTrip,BLR,BOM,2026-08-28,7,3220.95,908.47,4129.42,2026-08-21 08:30:00,SIMULATED_BACKTEST
1013,EaseMyTrip,BLR,BOM,2026-09-05,15,2708.94,764.06,3473.0,2026-08-21 08:30:00,SIMULATED_BACKTEST
1014,EaseMyTrip,BLR,BOM,2026-09-20,30,2403.74,677.98,3081.72,2026-08-21 08:30:00,SIMULATED_BACKTEST
1015,EaseMyTrip,BLR,BOM,2026-10-05,45,2156.08,608.12,2764.2,2026-08-21 08:30:00,SIMULATED_BACKTEST
1016,EaseMyTrip,DEL,HYD,2026-08-22,1,4934.75,1391.85,6326.6,2026-08-21 08:30:00,SIMULATED_BACKTEST
1017,EaseMyTrip,DEL,HYD,2026-08-28,7,3873.35,1092.48,4965.83,2026-08-21 08:30:00,SIMULATED_BACKTEST
1018,EaseMyTrip,DEL,HYD,2026-09-05,15,3328.57,938.83,4267.4,2026-08-21 08:30:00,SIMULATED_BACKTEST
1019,EaseMyTrip,DEL,HYD,2026-09-20,30,2911.83,821.28,3733.11,2026-08-21 08:30:00,SIMULATED_BACKTEST
1020,EaseMyTrip,DEL,HYD,2026-10-05,45,2595.0,731.92,3326.92,2026-08-21 08:30:00,SIMULATED_BACKTEST
1021,EaseMyTrip,DEL,PNQ,2026-08-22,1,4606.45,1299.25,5905.7,2026-08-21 08:30:00,SIMULATED_BACKTEST
1022,EaseMyTrip,DEL,PNQ,2026-08-28,7,3640.26,1026.74,4667.0,2026-08-21 08:30:00,SIMULATED_BACKTEST
1023,EaseMyTrip,DEL,PNQ,2026-09-05,15,3049.64,860.16,3909.8,2026-08-21 08:30:00,SIMULATED_BACKTEST
1024,EaseMyTrip,DEL,PNQ,2026-09-20,30,2724.27,768.39,3492.66,2026-08-21 08:30:00,SIMULATED_BACKTEST
1025,EaseMyTrip,DEL,PNQ,2026-10-05,45,2503.99,706.25,3210.24,2026-08-21 08:30:00,SIMULATED_BACKTEST
1026,EaseMyTrip,DEL,CCU,2026-08-22,1,5971.99,1684.41,7656.4,2026-08-21 08:30:00,SIMULATED_BACKTEST
1027,EaseMyTrip,DEL,CCU,2026-08-28,7,4727.53,1333.4,6060.93,2026-08-21 08:30:00,SIMULATED_BACKTEST
1028,EaseMyTrip,DEL,CCU,2026-09-05,15,3909.83,1102.77,5012.6,2026-08-21 08:30:00,SIMULATED_BACKTEST
1029,EaseMyTrip,DEL,CCU,2026-09-20,30,3533.44,996.61,4530.05,2026-08-21 08:30:00,SIMULATED_BACKTEST
1030,EaseMyTrip,DEL,CCU,2026-10-05,45,3144.71,886.97,4031.68,2026-08-21 08:30:00,SIMULATED_BACKTEST
1031,EaseMyTrip,AMD,DEL,2026-08-22,1,4504.11,1270.39,5774.5,2026-08-21 08:30:00,SIMULATED_BACKTEST
1032,EaseMyTrip,AMD,DEL,2026-08-28,7,3560.31,1004.19,4564.5,2026-08-21 08:30:00,SIMULATED_BACKTEST
1033,EaseMyTrip,AMD,DEL,2026-09-05,15,2971.02,837.98,3809.0,2026-08-21 08:30:00,SIMULATED_BACKTEST
1034,EaseMyTrip,AMD,DEL,2026-09-20,30,2607.54,735.46,3343.0,2026-08-21 08:30:00,SIMULATED_BACKTEST
1035,EaseMyTrip,AMD,DEL,2026-10-05,45,2364.18,666.82,3031.0,2026-08-21 08:30:00,SIMULATED_BACKTEST
1036,EaseMyTrip,MAA,DEL,2026-08-22,1,6380.01,1799.49,8179.5,2026-08-21 08:30:00,SIMULATED_BACKTEST
1037,EaseMyTrip,MAA,DEL,2026-08-28,7,4970.36,1401.9,6372.26,2026-08-21 08:30:00,SIMULATED_BACKTEST
1038,EaseMyTrip,MAA,DEL,2026-09-05,15,4295.46,1211.54,5507.0,2026-08-21 08:30:00,SIMULATED_BACKTEST
1039,EaseMyTrip,MAA,DEL,2026-09-20,30,3717.6,1048.56,4766.16,2026-08-21 08:30:00,SIMULATED_BACKTEST
1040,EaseMyTrip,MAA,DEL,2026-10-05,45,3431.69,967.91,4399.6,2026-08-21 08:30:00,SIMULATED_BACKTEST
1041,EaseMyTrip,HYD,BOM,2026-08-22,1,4391.01,1238.49,5629.5,2026-08-21 08:30:00,SIMULATED_BACKTEST
1042,EaseMyTrip,HYD,BOM,2026-08-28,7,3478.91,981.23,4460.14,2026-08-21 08:30:00,SIMULATED_BACKTEST
1043,EaseMyTrip,HYD,BOM,2026-09-05,15,2897.7,817.3,3715.0,2026-08-21 08:30:00,SIMULATED_BACKTEST
1044,EaseMyTrip,HYD,BOM,2026-09-20,30,2565.61,723.63,3289.24,2026-08-21 08:30:00,SIMULATED_BACKTEST
1045,EaseMyTrip,HYD,BOM,2026-10-05,45,2362.15,666.25,3028.4,2026-08-21 08:30:00,SIMULATED_BACKTEST
1046,EaseMyTrip,BLR,CCU,2026-08-22,1,6181.03,1743.37,7924.4,2026-08-21 08:30:00,SIMULATED_BACKTEST
1047,EaseMyTrip,BLR,CCU,2026-08-28,7,4832.61,1363.04,6195.65,2026-08-21 08:30:00,SIMULATED_BACKTEST
1048,EaseMyTrip,BLR,CCU,2026-09-05,15,4147.73,1169.87,5317.6,2026-08-21 08:30:00,SIMULATED_BACKTEST
1049,EaseMyTrip,BLR,CCU,2026-09-20,30,3638.36,1026.21,4664.57,2026-08-21 08:30:00,SIMULATED_BACKTEST
1050,EaseMyTrip,BLR,CCU,2026-10-05,45,3350.79,945.09,4295.88,2026-08-21 08:30:00,SIMULATED_BACKTEST
1051,EaseMyTrip,DEL,BOM,2026-08-23,1,7287.54,2055.46,9343.0,2026-08-22 09:33:00,SIMULATED_BACKTEST
1052,EaseMyTrip,DEL,BOM,2026-08-29,7,5690.44,1605.0,7295.44,2026-08-22 09:33:00,SIMULATED_BACKTEST
1053,EaseMyTrip,DEL,BOM,2026-09-06,15,4879.68,1376.32,6256.0,2026-08-22 09:33:00,SIMULATED_BACKTEST
1054,EaseMyTrip,DEL,BOM,2026-09-21,30,4239.33,1195.71,5435.04,2026-08-22 09:33:00,SIMULATED_BACKTEST
1055,EaseMyTrip,DEL,BOM,2026-10-06,45,3919.03,1105.37,5024.4,2026-08-22 09:33:00,SIMULATED_BACKTEST
1056,EaseMyTrip,BLR,DEL,2026-08-23,1,7937.28,2238.72,10176.0,2026-08-22 09:33:00,SIMULATED_BACKTEST
1057,EaseMyTrip,BLR,DEL,2026-08-29,7,6190.02,1745.9,7935.92,2026-08-22 09:33:00,SIMULATED_BACKTEST
1058,EaseMyTrip,BLR,DEL,2026-09-06,15,5289.96,1492.04,6782.0,2026-08-22 09:33:00,SIMULATED_BACKTEST
1059,EaseMyTrip,BLR,DEL,2026-09-21,30,4590.86,1294.86,5885.72,2026-08-22 09:33:00,SIMULATED_BACKTEST
1060,EaseMyTrip,BLR,DEL,2026-10-06,45,4192.66,1182.54,5375.2,2026-08-22 09:33:00,SIMULATED_BACKTEST
1061,EaseMyTrip,BLR,BOM,2026-08-23,1,4606.1,1299.15,5905.25,2026-08-22 09:33:00,SIMULATED_BACKTEST
1062,EaseMyTrip,BLR,BOM,2026-08-29,7,3653.25,1030.4,4683.65,2026-08-22 09:33:00,SIMULATED_BACKTEST
1063,EaseMyTrip,BLR,BOM,2026-09-06,15,3092.31,872.19,3964.5,2026-08-22 09:33:00,SIMULATED_BACKTEST
1064,EaseMyTrip,BLR,BOM,2026-09-21,30,2699.11,761.29,3460.4,2026-08-22 09:33:00,SIMULATED_BACKTEST
1065,EaseMyTrip,BLR,BOM,2026-10-06,45,2446.08,689.92,3136.0,2026-08-22 09:33:00,SIMULATED_BACKTEST
1066,EaseMyTrip,DEL,HYD,2026-08-23,1,5891.03,1661.57,7552.6,2026-08-22 09:33:00,SIMULATED_BACKTEST
1067,EaseMyTrip,DEL,HYD,2026-08-29,7,4584.96,1293.19,5878.15,2026-08-22 09:33:00,SIMULATED_BACKTEST
1068,EaseMyTrip,DEL,HYD,2026-09-06,15,3951.79,1114.61,5066.4,2026-08-22 09:33:00,SIMULATED_BACKTEST
1069,EaseMyTrip,DEL,HYD,2026-09-21,30,3475.08,980.15,4455.23,2026-08-22 09:33:00,SIMULATED_BACKTEST
1070,EaseMyTrip,DEL,HYD,2026-10-06,45,3146.61,887.51,4034.12,2026-08-22 09:33:00,SIMULATED_BACKTEST
1071,EaseMyTrip,DEL,PNQ,2026-08-23,1,5220.74,1472.51,6693.25,2026-08-22 09:33:00,SIMULATED_BACKTEST
1072,EaseMyTrip,DEL,PNQ,2026-08-29,7,4146.27,1169.46,5315.73,2026-08-22 09:33:00,SIMULATED_BACKTEST
1073,EaseMyTrip,DEL,PNQ,2026-09-06,15,3527.55,994.95,4522.5,2026-08-22 09:33:00,SIMULATED_BACKTEST
1074,EaseMyTrip,DEL,PNQ,2026-09-21,30,3083.09,869.59,3952.68,2026-08-22 09:33:00,SIMULATED_BACKTEST
1075,EaseMyTrip,DEL,PNQ,2026-10-06,45,2822.66,796.14,3618.8,2026-08-22 09:33:00,SIMULATED_BACKTEST
1076,EaseMyTrip,DEL,CCU,2026-08-23,1,6692.01,1887.49,8579.5,2026-08-22 09:33:00,SIMULATED_BACKTEST
1077,EaseMyTrip,DEL,CCU,2026-08-29,7,5286.73,1491.13,6777.86,2026-08-22 09:33:00,SIMULATED_BACKTEST
1078,EaseMyTrip,DEL,CCU,2026-09-06,15,4486.56,1265.44,5752.0,2026-08-22 09:33:00,SIMULATED_BACKTEST
1079,EaseMyTrip,DEL,CCU,2026-09-21,30,3952.85,1114.91,5067.76,2026-08-22 09:33:00,SIMULATED_BACKTEST
1080,EaseMyTrip,DEL,CCU,2026-10-06,45,3566.63,1005.97,4572.6,2026-08-22 09:33:00,SIMULATED_BACKTEST
1081,EaseMyTrip,AMD,DEL,2026-08-23,1,5072.15,1430.6,6502.75,2026-08-22 09:33:00,SIMULATED_BACKTEST
1082,EaseMyTrip,AMD,DEL,2026-08-29,7,3931.01,1108.74,5039.75,2026-08-22 09:33:00,SIMULATED_BACKTEST
1083,EaseMyTrip,AMD,DEL,2026-09-06,15,3356.73,946.77,4303.5,2026-08-22 09:33:00,SIMULATED_BACKTEST
1084,EaseMyTrip,AMD,DEL,2026-09-21,30,2905.5,819.5,3725.0,2026-08-22 09:33:00,SIMULATED_BACKTEST
1085,EaseMyTrip,AMD,DEL,2026-10-06,45,2673.84,754.16,3428.0,2026-08-22 09:33:00,SIMULATED_BACKTEST
1086,EaseMyTrip,MAA,DEL,2026-08-23,1,7170.35,2022.4,9192.75,2026-08-22 09:33:00,SIMULATED_BACKTEST
1087,EaseMyTrip,MAA,DEL,2026-08-29,7,5652.62,1594.33,7246.95,2026-08-22 09:33:00,SIMULATED_BACKTEST
1088,EaseMyTrip,MAA,DEL,2026-09-06,15,4806.75,1355.75,6162.5,2026-08-22 09:33:00,SIMULATED_BACKTEST
1089,EaseMyTrip,MAA,DEL,2026-09-21,30,4205.92,1186.28,5392.2,2026-08-22 09:33:00,SIMULATED_BACKTEST
1090,EaseMyTrip,MAA,DEL,2026-10-06,45,3832.92,1081.08,4914.0,2026-08-22 09:33:00,SIMULATED_BACKTEST
1091,EaseMyTrip,HYD,BOM,2026-08-23,1,4933.7,1391.55,6325.25,2026-08-22 09:33:00,SIMULATED_BACKTEST
1092,EaseMyTrip,HYD,BOM,2026-08-29,7,3871.96,1092.09,4964.05,2026-08-22 09:33:00,SIMULATED_BACKTEST
1093,EaseMyTrip,HYD,BOM,2026-09-06,15,3259.23,919.27,4178.5,2026-08-22 09:33:00,SIMULATED_BACKTEST
1094,EaseMyTrip,HYD,BOM,2026-09-21,30,2863.22,807.58,3670.8,2026-08-22 09:33:00,SIMULATED_BACKTEST
1095,EaseMyTrip,HYD,BOM,2026-10-06,45,2602.08,733.92,3336.0,2026-08-22 09:33:00,SIMULATED_BACKTEST
1096,EaseMyTrip,BLR,CCU,2026-08-23,1,6969.69,1965.81,8935.5,2026-08-22 09:33:00,SIMULATED_BACKTEST
1097,EaseMyTrip,BLR,CCU,2026-08-29,7,5464.1,1541.16,7005.26,2026-08-22 09:33:00,SIMULATED_BACKTEST
1098,EaseMyTrip,BLR,CCU,2026-09-06,15,4674.54,1318.46,5993.0,2026-08-22 09:33:00,SIMULATED_BACKTEST
1099,EaseMyTrip,BLR,CCU,2026-09-21,30,4135.68,1166.48,5302.16,2026-08-22 09:33:00,SIMULATED_BACKTEST
1100,EaseMyTrip,BLR,CCU,2026-10-06,45,3766.31,1062.29,4828.6,2026-08-22 09:33:00,SIMULATED_BACKTEST
1101,EaseMyTrip,DEL,BOM,2026-08-24,1,7276.62,2052.38,9329.0,2026-08-23 10:36:00,SIMULATED_BACKTEST
1102,EaseMyTrip,DEL,BOM,2026-08-30,7,5762.98,1625.46,7388.44,2026-08-23 10:36:00,SIMULATED_BACKTEST
1103,EaseMyTrip,DEL,BOM,2026-09-07,15,4877.34,1375.66,6253.0,2026-08-23 10:36:00,SIMULATED_BACKTEST
1104,EaseMyTrip,DEL,BOM,2026-09-22,30,4293.15,1210.89,5504.04,2026-08-23 10:36:00,SIMULATED_BACKTEST
1105,EaseMyTrip,DEL,BOM,2026-10-07,45,3911.23,1103.17,5014.4,2026-08-23 10:36:00,SIMULATED_BACKTEST
1106,EaseMyTrip,BLR,DEL,2026-08-24,1,7901.4,2228.6,10130.0,2026-08-23 10:36:00,SIMULATED_BACKTEST
1107,EaseMyTrip,BLR,DEL,2026-08-30,7,6197.04,1747.88,7944.92,2026-08-23 10:36:00,SIMULATED_BACKTEST
1108,EaseMyTrip,BLR,DEL,2026-09-07,15,5215.86,1471.14,6687.0,2026-08-23 10:36:00,SIMULATED_BACKTEST
1109,EaseMyTrip,BLR,DEL,2026-09-22,30,4628.3,1305.42,5933.72,2026-08-23 10:36:00,SIMULATED_BACKTEST
1110,EaseMyTrip,BLR,DEL,2026-10-07,45,4161.46,1173.74,5335.2,2026-08-23 10:36:00,SIMULATED_BACKTEST
1111,EaseMyTrip,BLR,BOM,2026-08-24,1,4678.64,1319.61,5998.25,2026-08-23 10:36:00,SIMULATED_BACKTEST
1112,EaseMyTrip,BLR,BOM,2026-08-30,7,3675.09,1036.56,4711.65,2026-08-23 10:36:00,SIMULATED_BACKTEST
1113,EaseMyTrip,BLR,BOM,2026-09-07,15,3091.53,871.97,3963.5,2026-08-23 10:36:00,SIMULATED_BACKTEST
1114,EaseMyTrip,BLR,BOM,2026-09-22,30,2760.73,778.67,3539.4,2026-08-23 10:36:00,SIMULATED_BACKTEST
1115,EaseMyTrip,BLR,BOM,2026-10-07,45,2497.56,704.44,3202.0,2026-08-23 10:36:00,SIMULATED_BACKTEST
1116,EaseMyTrip,DEL,HYD,2026-08-24,1,5877.77,1657.83,7535.6,2026-08-23 10:36:00,SIMULATED_BACKTEST
1117,EaseMyTrip,DEL,HYD,2026-08-30,7,4583.4,1292.75,5876.15,2026-08-23 10:36:00,SIMULATED_BACKTEST
1118,EaseMyTrip,DEL,HYD,2026-09-07,15,3957.25,1116.15,5073.4,2026-08-23 10:36:00,SIMULATED_BACKTEST
1119,EaseMyTrip,DEL,HYD,2026-09-22,30,3408.0,961.23,4369.23,2026-08-23 10:36:00,SIMULATED_BACKTEST
1120,EaseMyTrip,DEL,HYD,2026-10-07,45,3165.33,892.79,4058.12,2026-08-23 10:36:00,SIMULATED_BACKTEST
1121,EaseMyTrip,DEL,PNQ,2026-08-24,1,5287.82,1491.43,6779.25,2026-08-23 10:36:00,SIMULATED_BACKTEST
1122,EaseMyTrip,DEL,PNQ,2026-08-30,7,4164.99,1174.74,5339.73,2026-08-23 10:36:00,SIMULATED_BACKTEST
1123,EaseMyTrip,DEL,PNQ,2026-09-07,15,3444.09,971.41,4415.5,2026-08-23 10:36:00,SIMULATED_BACKTEST
1124,EaseMyTrip,DEL,PNQ,2026-09-22,30,3085.43,870.25,3955.68,2026-08-23 10:36:00,SIMULATED_BACKTEST
1125,EaseMyTrip,DEL,PNQ,2026-10-07,45,2818.76,795.04,3613.8,2026-08-23 10:36:00,SIMULATED_BACKTEST
1126,EaseMyTrip,DEL,CCU,2026-08-24,1,6687.33,1886.17,8573.5,2026-08-23 10:36:00,SIMULATED_BACKTEST
1127,EaseMyTrip,DEL,CCU,2026-08-30,7,5272.69,1487.17,6759.86,2026-08-23 10:36:00,SIMULATED_BACKTEST
1128,EaseMyTrip,DEL,CCU,2026-09-07,15,4441.32,1252.68,5694.0,2026-08-23 10:36:00,SIMULATED_BACKTEST
1129,EaseMyTrip,DEL,CCU,2026-09-22,30,3876.41,1093.35,4969.76,2026-08-23 10:36:00,SIMULATED_BACKTEST
1130,EaseMyTrip,DEL,CCU,2026-10-07,45,3606.41,1017.19,4623.6,2026-08-23 10:36:00,SIMULATED_BACKTEST
1131,EaseMyTrip,AMD,DEL,2026-08-24,1,5012.09,1413.66,6425.75,2026-08-23 10:36:00,SIMULATED_BACKTEST
1132,EaseMyTrip,AMD,DEL,2026-08-30,7,3926.33,1107.42,5033.75,2026-08-23 10:36:00,SIMULATED_BACKTEST
1133,EaseMyTrip,AMD,DEL,2026-09-07,15,3396.51,957.99,4354.5,2026-08-23 10:36:00,SIMULATED_BACKTEST
1134,EaseMyTrip,AMD,DEL,2026-09-22,30,2953.86,833.14,3787.0,2026-08-23 10:36:00,SIMULATED_BACKTEST
1135,EaseMyTrip,AMD,DEL,2026-10-07,45,2694.12,759.88,3454.0,2026-08-23 10:36:00,SIMULATED_BACKTEST
1136,EaseMyTrip,MAA,DEL,2026-08-24,1,7243.66,2043.09,9286.75,2026-08-23 10:36:00,SIMULATED_BACKTEST
1137,EaseMyTrip,MAA,DEL,2026-08-30,7,5611.28,1582.67,7193.95,2026-08-23 10:36:00,SIMULATED_BACKTEST
1138,EaseMyTrip,MAA,DEL,2026-09-07,15,4777.11,1347.39,6124.5,2026-08-23 10:36:00,SIMULATED_BACKTEST
1139,EaseMyTrip,MAA,DEL,2026-09-22,30,4195.78,1183.42,5379.2,2026-08-23 10:36:00,SIMULATED_BACKTEST
1140,EaseMyTrip,MAA,DEL,2026-10-07,45,3846.96,1085.04,4932.0,2026-08-23 10:36:00,SIMULATED_BACKTEST
1141,EaseMyTrip,HYD,BOM,2026-08-24,1,4961.78,1399.47,6361.25,2026-08-23 10:36:00,SIMULATED_BACKTEST
1142,EaseMyTrip,HYD,BOM,2026-08-30,7,3880.54,1094.51,4975.05,2026-08-23 10:36:00,SIMULATED_BACKTEST
1143,EaseMyTrip,HYD,BOM,2026-09-07,15,3327.09,938.41,4265.5,2026-08-23 10:36:00,SIMULATED_BACKTEST
1144,EaseMyTrip,HYD,BOM,2026-09-22,30,2850.74,804.06,3654.8,2026-08-23 10:36:00,SIMULATED_BACKTEST
1145,EaseMyTrip,HYD,BOM,2026-10-07,45,2623.14,739.86,3363.0,2026-08-23 10:36:00,SIMULATED_BACKTEST
1146,EaseMyTrip,BLR,CCU,2026-08-24,1,6989.97,1971.53,8961.5,2026-08-23 10:36:00,SIMULATED_BACKTEST
1147,EaseMyTrip,BLR,CCU,2026-08-30,7,5429.78,1531.48,6961.26,2026-08-23 10:36:00,SIMULATED_BACKTEST
1148,EaseMyTrip,BLR,CCU,2026-09-07,15,4669.86,1317.14,5987.0,2026-08-23 10:36:00,SIMULATED_BACKTEST
1149,EaseMyTrip,BLR,CCU,2026-09-22,30,4106.82,1158.34,5265.16,2026-08-23 10:36:00,SIMULATED_BACKTEST
1150,EaseMyTrip,BLR,CCU,2026-10-07,45,3662.57,1033.03,4695.6,2026-08-23 10:36:00,SIMULATED_BACKTEST
1151,EaseMyTrip,DEL,BOM,2026-08-25,1,7231.38,2039.62,9271.0,2026-08-24 11:39:00,SIMULATED_BACKTEST
1152,EaseMyTrip,DEL,BOM,2026-08-31,7,5705.26,1609.18,7314.44,2026-08-24 11:39:00,SIMULATED_BACKTEST
1153,EaseMyTrip,DEL,BOM,2026-09-08,15,4890.6,1379.4,6270.0,2026-08-24 11:39:00,SIMULATED_BACKTEST
1154,EaseMyTrip,DEL,BOM,2026-09-23,30,4260.39,1201.65,5462.04,2026-08-24 11:39:00,SIMULATED_BACKTEST
1155,EaseMyTrip,DEL,BOM,2026-10-08,45,3842.59,1083.81,4926.4,2026-08-24 11:39:00,SIMULATED_BACKTEST
1156,EaseMyTrip,BLR,DEL,2026-08-25,1,7869.42,2219.58,10089.0,2026-08-24 11:39:00,SIMULATED_BACKTEST
1157,EaseMyTrip,BLR,DEL,2026-08-31,7,6239.16,1759.76,7998.92,2026-08-24 11:39:00,SIMULATED_BACKTEST
1158,EaseMyTrip,BLR,DEL,2026-09-08,15,5219.76,1472.24,6692.0,2026-08-24 11:39:00,SIMULATED_BACKTEST
1159,EaseMyTrip,BLR,DEL,2026-09-23,30,4650.92,1311.8,5962.72,2026-08-24 11:39:00,SIMULATED_BACKTEST
1160,EaseMyTrip,BLR,DEL,2026-10-08,45,4223.86,1191.34,5415.2,2026-08-24 11:39:00,SIMULATED_BACKTEST
1161,EaseMyTrip,BLR,BOM,2026-08-25,1,4676.3,1318.95,5995.25,2026-08-24 11:39:00,SIMULATED_BACKTEST
1162,EaseMyTrip,BLR,BOM,2026-08-31,7,3620.49,1021.16,4641.65,2026-08-24 11:39:00,SIMULATED_BACKTEST
1163,EaseMyTrip,BLR,BOM,2026-09-08,15,3126.63,881.87,4008.5,2026-08-24 11:39:00,SIMULATED_BACKTEST
1164,EaseMyTrip,BLR,BOM,2026-09-23,30,2693.65,759.75,3453.4,2026-08-24 11:39:00,SIMULATED_BACKTEST
1165,EaseMyTrip,BLR,BOM,2026-10-08,45,2524.08,711.92,3236.0,2026-08-24 11:39:00,SIMULATED_BACKTEST
1166,EaseMyTrip,DEL,HYD,2026-08-25,1,5828.63,1643.97,7472.6,2026-08-24 11:39:00,SIMULATED_BACKTEST
1167,EaseMyTrip,DEL,HYD,2026-08-31,7,4596.66,1296.49,5893.15,2026-08-24 11:39:00,SIMULATED_BACKTEST
1168,EaseMyTrip,DEL,HYD,2026-09-08,15,3892.51,1097.89,4990.4,2026-08-24 11:39:00,SIMULATED_BACKTEST
1169,EaseMyTrip,DEL,HYD,2026-09-23,30,3442.32,970.91,4413.23,2026-08-24 11:39:00,SIMULATED_BACKTEST
1170,EaseMyTrip,DEL,HYD,2026-10-08,45,3161.43,891.69,4053.12,2026-08-24 11:39:00,SIMULATED_BACKTEST
1171,EaseMyTrip,DEL,PNQ,2026-08-25,1,5192.65,1464.6,6657.25,2026-08-24 11:39:00,SIMULATED_BACKTEST
1172,EaseMyTrip,DEL,PNQ,2026-08-31,7,4108.83,1158.9,5267.73,2026-08-24 11:39:00,SIMULATED_BACKTEST
1173,EaseMyTrip,DEL,PNQ,2026-09-08,15,3505.71,988.79,4494.5,2026-08-24 11:39:00,SIMULATED_BACKTEST
1174,EaseMyTrip,DEL,PNQ,2026-09-23,30,3039.41,857.27,3896.68,2026-08-24 11:39:00,SIMULATED_BACKTEST
1175,EaseMyTrip,DEL,PNQ,2026-10-08,45,2786.78,786.02,3572.8,2026-08-24 11:39:00,SIMULATED_BACKTEST
1176,EaseMyTrip,DEL,CCU,2026-08-25,1,6680.31,1884.19,8564.5,2026-08-24 11:39:00,SIMULATED_BACKTEST
1177,EaseMyTrip,DEL,CCU,2026-08-31,7,5227.45,1474.41,6701.86,2026-08-24 11:39:00,SIMULATED_BACKTEST
1178,EaseMyTrip,DEL,CCU,2026-09-08,15,4475.64,1262.36,5738.0,2026-08-24 11:39:00,SIMULATED_BACKTEST
1179,EaseMyTrip,DEL,CCU,2026-09-23,30,3891.23,1097.53,4988.76,2026-08-24 11:39:00,SIMULATED_BACKTEST
1180,EaseMyTrip,DEL,CCU,2026-10-08,45,3556.49,1003.11,4559.6,2026-08-24 11:39:00,SIMULATED_BACKTEST
1181,EaseMyTrip,AMD,DEL,2026-08-25,1,5008.19,1412.56,6420.75,2026-08-24 11:39:00,SIMULATED_BACKTEST
1182,EaseMyTrip,AMD,DEL,2026-08-31,7,3915.41,1104.34,5019.75,2026-08-24 11:39:00,SIMULATED_BACKTEST
1183,EaseMyTrip,AMD,DEL,2026-09-08,15,3379.35,953.15,4332.5,2026-08-24 11:39:00,SIMULATED_BACKTEST
1184,EaseMyTrip,AMD,DEL,2026-09-23,30,2968.68,837.32,3806.0,2026-08-24 11:39:00,SIMULATED_BACKTEST
1185,EaseMyTrip,AMD,DEL,2026-10-08,45,2666.82,752.18,3419.0,2026-08-24 11:39:00,SIMULATED_BACKTEST
1186,EaseMyTrip,MAA,DEL,2026-08-25,1,7229.62,2039.13,9268.75,2026-08-24 11:39:00,SIMULATED_BACKTEST
1187,EaseMyTrip,MAA,DEL,2026-08-31,7,5704.88,1609.07,7313.95,2026-08-24 11:39:00,SIMULATED_BACKTEST
1188,EaseMyTrip,MAA,DEL,2026-09-08,15,4797.39,1353.11,6150.5,2026-08-24 11:39:00,SIMULATED_BACKTEST
1189,EaseMyTrip,MAA,DEL,2026-09-23,30,4262.86,1202.34,5465.2,2026-08-24 11:39:00,SIMULATED_BACKTEST
1190,EaseMyTrip,MAA,DEL,2026-10-08,45,3830.58,1080.42,4911.0,2026-08-24 11:39:00,SIMULATED_BACKTEST
1191,EaseMyTrip,HYD,BOM,2026-08-25,1,4859.6,1370.65,6230.25,2026-08-24 11:39:00,SIMULATED_BACKTEST
1192,EaseMyTrip,HYD,BOM,2026-08-31,7,3812.68,1075.37,4888.05,2026-08-24 11:39:00,SIMULATED_BACKTEST
1193,EaseMyTrip,HYD,BOM,2026-09-08,15,3256.11,918.39,4174.5,2026-08-24 11:39:00,SIMULATED_BACKTEST
1194,EaseMyTrip,HYD,BOM,2026-09-23,30,2903.0,818.8,3721.8,2026-08-24 11:39:00,SIMULATED_BACKTEST
1195,EaseMyTrip,HYD,BOM,2026-10-08,45,2598.96,733.04,3332.0,2026-08-24 11:39:00,SIMULATED_BACKTEST
1196,EaseMyTrip,BLR,CCU,2026-08-25,1,7002.45,1975.05,8977.5,2026-08-24 11:39:00,SIMULATED_BACKTEST
1197,EaseMyTrip,BLR,CCU,2026-08-31,7,5531.96,1560.3,7092.26,2026-08-24 11:39:00,SIMULATED_BACKTEST
1198,EaseMyTrip,BLR,CCU,2026-09-08,15,4670.64,1317.36,5988.0,2026-08-24 11:39:00,SIMULATED_BACKTEST
1199,EaseMyTrip,BLR,CCU,2026-09-23,30,4108.38,1158.78,5267.16,2026-08-24 11:39:00,SIMULATED_BACKTEST
1200,EaseMyTrip,BLR,CCU,2026-10-08,45,3687.53,1040.07,4727.6,2026-08-24 11:39:00,SIMULATED_BACKTEST
1201,EaseMyTrip,DEL,BOM,2026-08-26,1,7263.36,2048.64,9312.0,2026-08-25 08:42:00,SIMULATED_BACKTEST
1202,EaseMyTrip,DEL,BOM,2026-09-01,7,5662.36,1597.08,7259.44,2026-08-25 08:42:00,SIMULATED_BACKTEST
1203,EaseMyTrip,DEL,BOM,2026-09-09,15,4818.84,1359.16,6178.0,2026-08-25 08:42:00,SIMULATED_BACKTEST
1204,EaseMyTrip,DEL,BOM,2026-09-24,30,4262.73,1202.31,5465.04,2026-08-25 08:42:00,SIMULATED_BACKTEST
1205,EaseMyTrip,DEL,BOM,2026-10-09,45,3876.13,1093.27,4969.4,2026-08-25 08:42:00,SIMULATED_BACKTEST
1206,EaseMyTrip,BLR,DEL,2026-08-26,1,7902.18,2228.82,10131.0,2026-08-25 08:42:00,SIMULATED_BACKTEST
1207,EaseMyTrip,BLR,DEL,2026-09-01,7,6203.28,1749.64,7952.92,2026-08-25 08:42:00,SIMULATED_BACKTEST
1208,EaseMyTrip,BLR,DEL,2026-09-09,15,5243.16,1478.84,6722.0,2026-08-25 08:42:00,SIMULATED_BACKTEST
1209,EaseMyTrip,BLR,DEL,2026-09-24,30,4597.1,1296.62,5893.72,2026-08-25 08:42:00,SIMULATED_BACKTEST
1210,EaseMyTrip,BLR,DEL,2026-10-09,45,4161.46,1173.74,5335.2,2026-08-25 08:42:00,SIMULATED_BACKTEST
1211,EaseMyTrip,BLR,BOM,2026-08-26,1,4677.86,1319.39,5997.25,2026-08-25 08:42:00,SIMULATED_BACKTEST
1212,EaseMyTrip,BLR,BOM,2026-09-01,7,3633.75,1024.9,4658.65,2026-08-25 08:42:00,SIMULATED_BACKTEST
1213,EaseMyTrip,BLR,BOM,2026-09-09,15,3133.65,883.85,4017.5,2026-08-25 08:42:00,SIMULATED_BACKTEST
1214,EaseMyTrip,BLR,BOM,2026-09-24,30,2671.81,753.59,3425.4,2026-08-25 08:42:00,SIMULATED_BACKTEST
1215,EaseMyTrip,BLR,BOM,2026-10-09,45,2478.84,699.16,3178.0,2026-08-25 08:42:00,SIMULATED_BACKTEST
1216,EaseMyTrip,DEL,HYD,2026-08-26,1,5866.85,1654.75,7521.6,2026-08-25 08:42:00,SIMULATED_BACKTEST
1217,EaseMyTrip,DEL,HYD,2026-09-01,7,4645.02,1310.13,5955.15,2026-08-25 08:42:00,SIMULATED_BACKTEST
1218,EaseMyTrip,DEL,HYD,2026-09-09,15,3940.87,1111.53,5052.4,2026-08-25 08:42:00,SIMULATED_BACKTEST
1219,EaseMyTrip,DEL,HYD,2026-09-24,30,3402.54,959.69,4362.23,2026-08-25 08:42:00,SIMULATED_BACKTEST
1220,EaseMyTrip,DEL,HYD,2026-10-09,45,3148.17,887.95,4036.12,2026-08-25 08:42:00,SIMULATED_BACKTEST
1221,EaseMyTrip,DEL,PNQ,2026-08-26,1,5223.07,1473.18,6696.25,2026-08-25 08:42:00,SIMULATED_BACKTEST
1222,EaseMyTrip,DEL,PNQ,2026-09-01,7,4129.11,1164.62,5293.73,2026-08-25 08:42:00,SIMULATED_BACKTEST
1223,EaseMyTrip,DEL,PNQ,2026-09-09,15,3476.07,980.43,4456.5,2026-08-25 08:42:00,SIMULATED_BACKTEST
1224,EaseMyTrip,DEL,PNQ,2026-09-24,30,3101.03,874.65,3975.68,2026-08-25 08:42:00,SIMULATED_BACKTEST
1225,EaseMyTrip,DEL,PNQ,2026-10-09,45,2777.42,783.38,3560.8,2026-08-25 08:42:00,SIMULATED_BACKTEST
1226,EaseMyTrip,DEL,CCU,2026-08-26,1,6677.19,1883.31,8560.5,2026-08-25 08:42:00,SIMULATED_BACKTEST
1227,EaseMyTrip,DEL,CCU,2026-09-01,7,5300.77,1495.09,6795.86,2026-08-25 08:42:00,SIMULATED_BACKTEST
1228,EaseMyTrip,DEL,CCU,2026-09-09,15,4447.56,1254.44,5702.0,2026-08-25 08:42:00,SIMULATED_BACKTEST
1229,EaseMyTrip,DEL,CCU,2026-09-24,30,3882.65,1095.11,4977.76,2026-08-25 08:42:00,SIMULATED_BACKTEST
1230,EaseMyTrip,DEL,CCU,2026-10-09,45,3590.03,1012.57,4602.6,2026-08-25 08:42:00,SIMULATED_BACKTEST
1231,EaseMyTrip,AMD,DEL,2026-08-26,1,5083.85,1433.9,6517.75,2026-08-25 08:42:00,SIMULATED_BACKTEST
1232,EaseMyTrip,AMD,DEL,2026-09-01,7,3932.57,1109.18,5041.75,2026-08-25 08:42:00,SIMULATED_BACKTEST
1233,EaseMyTrip,AMD,DEL,2026-09-09,15,3341.13,942.37,4283.5,2026-08-25 08:42:00,SIMULATED_BACKTEST
1234,EaseMyTrip,AMD,DEL,2026-09-24,30,2907.84,820.16,3728.0,2026-08-25 08:42:00,SIMULATED_BACKTEST
1235,EaseMyTrip,AMD,DEL,2026-10-09,45,2641.08,744.92,3386.0,2026-08-25 08:42:00,SIMULATED_BACKTEST
1236,EaseMyTrip,MAA,DEL,2026-08-26,1,7158.65,2019.1,9177.75,2026-08-25 08:42:00,SIMULATED_BACKTEST
1237,EaseMyTrip,MAA,DEL,2026-09-01,7,5688.5,1604.45,7292.95,2026-08-25 08:42:00,SIMULATED_BACKTEST
1238,EaseMyTrip,MAA,DEL,2026-09-09,15,4794.27,1352.23,6146.5,2026-08-25 08:42:00,SIMULATED_BACKTEST
1239,EaseMyTrip,MAA,DEL,2026-09-24,30,4241.8,1196.4,5438.2,2026-08-25 08:42:00,SIMULATED_BACKTEST
1240,EaseMyTrip,MAA,DEL,2026-10-09,45,3790.8,1069.2,4860.0,2026-08-25 08:42:00,SIMULATED_BACKTEST
1241,EaseMyTrip,HYD,BOM,2026-08-26,1,4907.18,1384.07,6291.25,2026-08-25 08:42:00,SIMULATED_BACKTEST
1242,EaseMyTrip,HYD,BOM,2026-09-01,7,3886.78,1096.27,4983.05,2026-08-25 08:42:00,SIMULATED_BACKTEST
1243,EaseMyTrip,HYD,BOM,2026-09-09,15,3296.67,929.83,4226.5,2026-08-25 08:42:00,SIMULATED_BACKTEST
1244,EaseMyTrip,HYD,BOM,2026-09-24,30,2842.16,801.64,3643.8,2026-08-25 08:42:00,SIMULATED_BACKTEST
1245,EaseMyTrip,HYD,BOM,2026-10-09,45,2597.4,732.6,3330.0,2026-08-25 08:42:00,SIMULATED_BACKTEST
1246,EaseMyTrip,BLR,CCU,2026-08-26,1,6986.85,1970.65,8957.5,2026-08-25 08:42:00,SIMULATED_BACKTEST
1247,EaseMyTrip,BLR,CCU,2026-09-01,7,5475.02,1544.24,7019.26,2026-08-25 08:42:00,SIMULATED_BACKTEST
1248,EaseMyTrip,BLR,CCU,2026-09-09,15,4683.9,1321.1,6005.0,2026-08-25 08:42:00,SIMULATED_BACKTEST
1249,EaseMyTrip,BLR,CCU,2026-09-24,30,4083.42,1151.74,5235.16,2026-08-25 08:42:00,SIMULATED_BACKTEST
1250,EaseMyTrip,BLR,CCU,2026-10-09,45,3722.63,1049.97,4772.6,2026-08-25 08:42:00,SIMULATED_BACKTEST
1251,EaseMyTrip,DEL,BOM,2026-08-27,1,7284.42,2054.58,9339.0,2026-08-26 09:45:00,SIMULATED_BACKTEST
1252,EaseMyTrip,DEL,BOM,2026-09-02,7,5727.88,1615.56,7343.44,2026-08-26 09:45:00,SIMULATED_BACKTEST
1253,EaseMyTrip,DEL,BOM,2026-09-10,15,4836.78,1364.22,6201.0,2026-08-26 09:45:00,SIMULATED_BACKTEST
1254,EaseMyTrip,DEL,BOM,2026-09-25,30,4236.21,1194.83,5431.04,2026-08-26 09:45:00,SIMULATED_BACKTEST
1255,EaseMyTrip,DEL,BOM,2026-10-10,45,3845.71,1084.69,4930.4,2026-08-26 09:45:00,SIMULATED_BACKTEST
1256,EaseMyTrip,BLR,DEL,2026-08-27,1,7925.58,2235.42,10161.0,2026-08-26 09:45:00,SIMULATED_BACKTEST
1257,EaseMyTrip,BLR,DEL,2026-09-02,7,6251.64,1763.28,8014.92,2026-08-26 09:45:00,SIMULATED_BACKTEST
1258,EaseMyTrip,BLR,DEL,2026-09-10,15,5243.16,1478.84,6722.0,2026-08-26 09:45:00,SIMULATED_BACKTEST
1259,EaseMyTrip,BLR,DEL,2026-09-25,30,4656.38,1313.34,5969.72,2026-08-26 09:45:00,SIMULATED_BACKTEST
1260,EaseMyTrip,BLR,DEL,2026-10-10,45,4198.12,1184.08,5382.2,2026-08-26 09:45:00,SIMULATED_BACKTEST
1261,EaseMyTrip,BLR,BOM,2026-08-27,1,4651.34,1311.91,5963.25,2026-08-26 09:45:00,SIMULATED_BACKTEST
1262,EaseMyTrip,BLR,BOM,2026-09-02,7,3700.05,1043.6,4743.65,2026-08-26 09:45:00,SIMULATED_BACKTEST
1263,EaseMyTrip,BLR,BOM,2026-09-10,15,3069.69,865.81,3935.5,2026-08-26 09:45:00,SIMULATED_BACKTEST
1264,EaseMyTrip,BLR,BOM,2026-09-25,30,2775.55,782.85,3558.4,2026-08-26 09:45:00,SIMULATED_BACKTEST
1265,EaseMyTrip,BLR,BOM,2026-10-10,45,2470.26,696.74,3167.0,2026-08-26 09:45:00,SIMULATED_BACKTEST
1266,EaseMyTrip,DEL,HYD,2026-08-27,1,5934.71,1673.89,7608.6,2026-08-26 09:45:00,SIMULATED_BACKTEST
1267,EaseMyTrip,DEL,HYD,2026-09-02,7,4630.98,1306.17,5937.15,2026-08-26 09:45:00,SIMULATED_BACKTEST
1268,EaseMyTrip,DEL,HYD,2026-09-10,15,3895.63,1098.77,4994.4,2026-08-26 09:45:00,SIMULATED_BACKTEST
1269,EaseMyTrip,DEL,HYD,2026-09-25,30,3470.4,978.83,4449.23,2026-08-26 09:45:00,SIMULATED_BACKTEST
1270,EaseMyTrip,DEL,HYD,2026-10-10,45,3111.51,877.61,3989.12,2026-08-26 09:45:00,SIMULATED_BACKTEST
1271,EaseMyTrip,DEL,PNQ,2026-08-27,1,5202.02,1467.23,6669.25,2026-08-26 09:45:00,SIMULATED_BACKTEST
1272,EaseMyTrip,DEL,PNQ,2026-09-02,7,4108.05,1158.68,5266.73,2026-08-26 09:45:00,SIMULATED_BACKTEST
1273,EaseMyTrip,DEL,PNQ,2026-09-10,15,3488.55,983.95,4472.5,2026-08-26 09:45:00,SIMULATED_BACKTEST
1274,EaseMyTrip,DEL,PNQ,2026-09-25,30,3117.41,879.27,3996.68,2026-08-26 09:45:00,SIMULATED_BACKTEST
1275,EaseMyTrip,DEL,PNQ,2026-10-10,45,2808.62,792.18,3600.8,2026-08-26 09:45:00,SIMULATED_BACKTEST
1276,EaseMyTrip,DEL,CCU,2026-08-27,1,6694.35,1888.15,8582.5,2026-08-26 09:45:00,SIMULATED_BACKTEST
1277,EaseMyTrip,DEL,CCU,2026-09-02,7,5295.31,1493.55,6788.86,2026-08-26 09:45:00,SIMULATED_BACKTEST
1278,EaseMyTrip,DEL,CCU,2026-09-10,15,4436.64,1251.36,5688.0,2026-08-26 09:45:00,SIMULATED_BACKTEST
1279,EaseMyTrip,DEL,CCU,2026-09-25,30,3931.01,1108.75,5039.76,2026-08-26 09:45:00,SIMULATED_BACKTEST
1280,EaseMyTrip,DEL,CCU,2026-10-10,45,3624.35,1022.25,4646.6,2026-08-26 09:45:00,SIMULATED_BACKTEST
1281,EaseMyTrip,AMD,DEL,2026-08-27,1,5075.27,1431.48,6506.75,2026-08-26 09:45:00,SIMULATED_BACKTEST
1282,EaseMyTrip,AMD,DEL,2026-09-02,7,4007.45,1130.3,5137.75,2026-08-26 09:45:00,SIMULATED_BACKTEST
1283,EaseMyTrip,AMD,DEL,2026-09-10,15,3316.17,935.33,4251.5,2026-08-26 09:45:00,SIMULATED_BACKTEST
1284,EaseMyTrip,AMD,DEL,2026-09-25,30,2905.5,819.5,3725.0,2026-08-26 09:45:00,SIMULATED_BACKTEST
1285,EaseMyTrip,AMD,DEL,2026-10-10,45,2740.92,773.08,3514.0,2026-08-26 09:45:00,SIMULATED_BACKTEST
1286,EaseMyTrip,MAA,DEL,2026-08-27,1,7207.78,2032.97,9240.75,2026-08-26 09:45:00,SIMULATED_BACKTEST
1287,EaseMyTrip,MAA,DEL,2026-09-02,7,5714.24,1611.71,7325.95,2026-08-26 09:45:00,SIMULATED_BACKTEST
1288,EaseMyTrip,MAA,DEL,2026-09-10,15,4783.35,1349.15,6132.5,2026-08-26 09:45:00,SIMULATED_BACKTEST
1289,EaseMyTrip,MAA,DEL,2026-09-25,30,4171.6,1176.6,5348.2,2026-08-26 09:45:00,SIMULATED_BACKTEST
1290,EaseMyTrip,MAA,DEL,2026-10-10,45,3820.44,1077.56,4898.0,2026-08-26 09:45:00,SIMULATED_BACKTEST
1291,EaseMyTrip,HYD,BOM,2026-08-27,1,4892.36,1379.89,6272.25,2026-08-26 09:45:00,SIMULATED_BACKTEST
1292,EaseMyTrip,HYD,BOM,2026-09-02,7,3871.18,1091.87,4963.05,2026-08-26 09:45:00,SIMULATED_BACKTEST
1293,EaseMyTrip,HYD,BOM,2026-09-10,15,3298.23,930.27,4228.5,2026-08-26 09:45:00,SIMULATED_BACKTEST
1294,EaseMyTrip,HYD,BOM,2026-09-25,30,2829.68,798.12,3627.8,2026-08-26 09:45:00,SIMULATED_BACKTEST
1295,EaseMyTrip,HYD,BOM,2026-10-10,45,2577.12,726.88,3304.0,2026-08-26 09:45:00,SIMULATED_BACKTEST
1296,EaseMyTrip,BLR,CCU,2026-08-27,1,6933.03,1955.47,8888.5,2026-08-26 09:45:00,SIMULATED_BACKTEST
1297,EaseMyTrip,BLR,CCU,2026-09-02,7,5534.3,1560.96,7095.26,2026-08-26 09:45:00,SIMULATED_BACKTEST
1298,EaseMyTrip,BLR,CCU,2026-09-10,15,4650.36,1311.64,5962.0,2026-08-26 09:45:00,SIMULATED_BACKTEST
1299,EaseMyTrip,BLR,CCU,2026-09-25,30,4113.06,1160.1,5273.16,2026-08-26 09:45:00,SIMULATED_BACKTEST
1300,EaseMyTrip,BLR,CCU,2026-10-10,45,3705.47,1045.13,4750.6,2026-08-26 09:45:00,SIMULATED_BACKTEST
1301,EaseMyTrip,DEL,BOM,2026-08-28,1,5856.24,1651.76,7508.0,2026-08-27 10:48:00,SIMULATED_BACKTEST
1302,EaseMyTrip,DEL,BOM,2026-09-03,7,4591.8,1295.12,5886.92,2026-08-27 10:48:00,SIMULATED_BACKTEST
1303,EaseMyTrip,DEL,BOM,2026-09-11,15,3954.6,1115.4,5070.0,2026-08-27 10:48:00,SIMULATED_BACKTEST
1304,EaseMyTrip,DEL,BOM,2026-09-26,30,3419.3,964.42,4383.72,2026-08-27 10:48:00,SIMULATED_BACKTEST
1305,EaseMyTrip,DEL,BOM,2026-10-11,45,3167.74,893.46,4061.2,2026-08-27 10:48:00,SIMULATED_BACKTEST
1306,EaseMyTrip,BLR,DEL,2026-08-28,1,6877.42,1939.78,8817.2,2026-08-27 10:48:00,SIMULATED_BACKTEST
1307,EaseMyTrip,BLR,DEL,2026-09-03,7,5370.97,1514.89,6885.86,2026-08-27 10:48:00,SIMULATED_BACKTEST
1308,EaseMyTrip,BLR,DEL,2026-09-11,15,4605.74,1299.06,5904.8,2026-08-27 10:48:00,SIMULATED_BACKTEST
1309,EaseMyTrip,BLR,DEL,2026-09-26,30,4014.21,1132.21,5146.42,2026-08-27 10:48:00,SIMULATED_BACKTEST
1310,EaseMyTrip,BLR,DEL,2026-10-11,45,3667.44,1034.4,4701.84,2026-08-27 10:48:00,SIMULATED_BACKTEST
1311,EaseMyTrip,BLR,BOM,2026-08-28,1,4201.86,1185.14,5387.0,2026-08-27 10:48:00,SIMULATED_BACKTEST
1312,EaseMyTrip,BLR,BOM,2026-09-03,7,3324.24,937.6,4261.84,2026-08-27 10:48:00,SIMULATED_BACKTEST
1313,EaseMyTrip,BLR,BOM,2026-09-11,15,2786.94,786.06,3573.0,2026-08-27 10:48:00,SIMULATED_BACKTEST
1314,EaseMyTrip,BLR,BOM,2026-09-26,30,2455.0,692.44,3147.44,2026-08-27 10:48:00,SIMULATED_BACKTEST
1315,EaseMyTrip,BLR,BOM,2026-10-11,45,2190.55,617.85,2808.4,2026-08-27 10:48:00,SIMULATED_BACKTEST
1316,EaseMyTrip,DEL,HYD,2026-08-28,1,4995.28,1408.92,6404.2,2026-08-27 10:48:00,SIMULATED_BACKTEST
1317,EaseMyTrip,DEL,HYD,2026-09-03,7,3909.41,1102.65,5012.06,2026-08-27 10:48:00,SIMULATED_BACKTEST
1318,EaseMyTrip,DEL,HYD,2026-09-11,15,3296.12,929.68,4225.8,2026-08-27 10:48:00,SIMULATED_BACKTEST
1319,EaseMyTrip,DEL,HYD,2026-09-26,30,2909.1,820.52,3729.62,2026-08-27 10:48:00,SIMULATED_BACKTEST
1320,EaseMyTrip,DEL,HYD,2026-10-11,45,2689.32,758.52,3447.84,2026-08-27 10:48:00,SIMULATED_BACKTEST
1321,EaseMyTrip,DEL,PNQ,2026-08-28,1,4682.65,1320.75,6003.4,2026-08-27 10:48:00,SIMULATED_BACKTEST
1322,EaseMyTrip,DEL,PNQ,2026-09-03,7,3687.69,1040.12,4727.81,2026-08-27 10:48:00,SIMULATED_BACKTEST
1323,EaseMyTrip,DEL,PNQ,2026-09-11,15,3135.29,884.31,4019.6,2026-08-27 10:48:00,SIMULATED_BACKTEST
1324,EaseMyTrip,DEL,PNQ,2026-09-26,30,2732.44,770.69,3503.13,2026-08-27 10:48:00,SIMULATED_BACKTEST
1325,EaseMyTrip,DEL,PNQ,2026-10-11,45,2559.55,721.93,3281.48,2026-08-27 10:48:00,SIMULATED_BACKTEST
1326,EaseMyTrip,DEL,CCU,2026-08-28,1,6092.42,1718.38,7810.8,2026-08-27 10:48:00,SIMULATED_BACKTEST
1327,EaseMyTrip,DEL,CCU,2026-09-03,7,4737.3,1336.16,6073.46,2026-08-27 10:48:00,SIMULATED_BACKTEST
1328,EaseMyTrip,DEL,CCU,2026-09-11,15,4086.58,1152.62,5239.2,2026-08-27 10:48:00,SIMULATED_BACKTEST
1329,EaseMyTrip,DEL,CCU,2026-09-26,30,3594.79,1013.91,4608.7,2026-08-27 10:48:00,SIMULATED_BACKTEST
1330,EaseMyTrip,DEL,CCU,2026-10-11,45,3252.88,917.48,4170.36,2026-08-27 10:48:00,SIMULATED_BACKTEST
1331,EaseMyTrip,AMD,DEL,2026-08-28,1,4612.14,1300.86,5913.0,2026-08-27 10:48:00,SIMULATED_BACKTEST
1332,EaseMyTrip,AMD,DEL,2026-09-03,7,3602.82,1016.18,4619.0,2026-08-27 10:48:00,SIMULATED_BACKTEST
1333,EaseMyTrip,AMD,DEL,2026-09-11,15,3020.94,852.06,3873.0,2026-08-27 10:48:00,SIMULATED_BACKTEST
1334,EaseMyTrip,AMD,DEL,2026-09-26,30,2691.0,759.0,3450.0,2026-08-27 10:48:00,SIMULATED_BACKTEST
1335,EaseMyTrip,AMD,DEL,2026-10-11,45,2427.36,684.64,3112.0,2026-08-27 10:48:00,SIMULATED_BACKTEST
1336,EaseMyTrip,MAA,DEL,2026-08-28,1,6487.26,1829.74,8317.0,2026-08-27 10:48:00,SIMULATED_BACKTEST
1337,EaseMyTrip,MAA,DEL,2026-09-03,7,5144.51,1451.01,6595.52,2026-08-27 10:48:00,SIMULATED_BACKTEST
1338,EaseMyTrip,MAA,DEL,2026-09-11,15,4311.84,1216.16,5528.0,2026-08-27 10:48:00,SIMULATED_BACKTEST
1339,EaseMyTrip,MAA,DEL,2026-09-26,30,3856.57,1087.75,4944.32,2026-08-27 10:48:00,SIMULATED_BACKTEST
1340,EaseMyTrip,MAA,DEL,2026-10-11,45,3443.86,971.34,4415.2,2026-08-27 10:48:00,SIMULATED_BACKTEST
1341,EaseMyTrip,HYD,BOM,2026-08-28,1,4463.94,1259.06,5723.0,2026-08-27 10:48:00,SIMULATED_BACKTEST
1342,EaseMyTrip,HYD,BOM,2026-09-03,7,3452.5,973.78,4426.28,2026-08-27 10:48:00,SIMULATED_BACKTEST
1343,EaseMyTrip,HYD,BOM,2026-09-11,15,2983.5,841.5,3825.0,2026-08-27 10:48:00,SIMULATED_BACKTEST
1344,EaseMyTrip,HYD,BOM,2026-09-26,30,2580.61,727.87,3308.48,2026-08-27 10:48:00,SIMULATED_BACKTEST
1345,EaseMyTrip,HYD,BOM,2026-10-11,45,2417.84,681.96,3099.8,2026-08-27 10:48:00,SIMULATED_BACKTEST
1346,EaseMyTrip,BLR,CCU,2026-08-28,1,6287.42,1773.38,8060.8,2026-08-27 10:48:00,SIMULATED_BACKTEST
1347,EaseMyTrip,BLR,CCU,2026-09-03,7,4991.14,1407.76,6398.9,2026-08-27 10:48:00,SIMULATED_BACKTEST
1348,EaseMyTrip,BLR,CCU,2026-09-11,15,4238.68,1195.52,5434.2,2026-08-27 10:48:00,SIMULATED_BACKTEST
1349,EaseMyTrip,BLR,CCU,2026-09-26,30,3699.34,1043.4,4742.74,2026-08-27 10:48:00,SIMULATED_BACKTEST
1350,EaseMyTrip,BLR,CCU,2026-10-11,45,3326.51,938.25,4264.76,2026-08-27 10:48:00,SIMULATED_BACKTEST
1351,EaseMyTrip,DEL,BOM,2026-08-29,1,5915.68,1668.52,7584.2,2026-08-28 11:51:00,SIMULATED_BACKTEST
1352,EaseMyTrip,DEL,BOM,2026-09-04,7,4696.15,1324.55,6020.7,2026-08-28 11:51:00,SIMULATED_BACKTEST
1353,EaseMyTrip,DEL,BOM,2026-09-12,15,3920.12,1105.68,5025.8,2026-08-28 11:51:00,SIMULATED_BACKTEST
1354,EaseMyTrip,DEL,BOM,2026-09-27,30,3484.93,982.93,4467.86,2026-08-28 11:51:00,SIMULATED_BACKTEST
1355,EaseMyTrip,DEL,BOM,2026-10-12,45,3212.23,906.01,4118.24,2026-08-28 11:51:00,SIMULATED_BACKTEST
1356,EaseMyTrip,BLR,DEL,2026-08-29,1,6881.66,1940.98,8822.64,2026-08-28 11:51:00,SIMULATED_BACKTEST
1357,EaseMyTrip,BLR,DEL,2026-09-04,7,5367.12,1513.8,6880.92,2026-08-28 11:51:00,SIMULATED_BACKTEST
1358,EaseMyTrip,BLR,DEL,2026-09-12,15,4647.05,1310.71,5957.76,2026-08-28 11:51:00,SIMULATED_BACKTEST
1359,EaseMyTrip,BLR,DEL,2026-09-27,30,4009.97,1131.02,5140.99,2026-08-28 11:51:00,SIMULATED_BACKTEST
1360,EaseMyTrip,BLR,DEL,2026-10-12,45,3630.75,1024.06,4654.81,2026-08-28 11:51:00,SIMULATED_BACKTEST
1361,EaseMyTrip,BLR,BOM,2026-08-29,1,4186.57,1180.83,5367.4,2026-08-28 11:51:00,SIMULATED_BACKTEST
1362,EaseMyTrip,BLR,BOM,2026-09-04,7,3336.38,941.03,4277.41,2026-08-28 11:51:00,SIMULATED_BACKTEST
1363,EaseMyTrip,BLR,BOM,2026-09-12,15,2816.27,794.33,3610.6,2026-08-28 11:51:00,SIMULATED_BACKTEST
1364,EaseMyTrip,BLR,BOM,2026-09-27,30,2470.83,696.9,3167.73,2026-08-28 11:51:00,SIMULATED_BACKTEST
1365,EaseMyTrip,BLR,BOM,2026-10-12,45,2248.33,634.15,2882.48,2026-08-28 11:51:00,SIMULATED_BACKTEST
1366,EaseMyTrip,DEL,HYD,2026-08-29,1,5078.3,1432.34,6510.64,2026-08-28 11:51:00,SIMULATED_BACKTEST
1367,EaseMyTrip,DEL,HYD,2026-09-04,7,3962.37,1117.59,5079.96,2026-08-28 11:51:00,SIMULATED_BACKTEST
1368,EaseMyTrip,DEL,HYD,2026-09-12,15,3374.87,951.89,4326.76,2026-08-28 11:51:00,SIMULATED_BACKTEST
1369,EaseMyTrip,DEL,HYD,2026-09-27,30,2962.15,835.48,3797.63,2026-08-28 11:51:00,SIMULATED_BACKTEST
1370,EaseMyTrip,DEL,HYD,2026-10-12,45,2746.54,774.67,3521.21,2026-08-28 11:51:00,SIMULATED_BACKTEST
1371,EaseMyTrip,DEL,PNQ,2026-08-29,1,4785.36,1349.72,6135.08,2026-08-28 11:51:00,SIMULATED_BACKTEST
1372,EaseMyTrip,DEL,PNQ,2026-09-04,7,3742.07,1055.46,4797.53,2026-08-28 11:51:00,SIMULATED_BACKTEST
1373,EaseMyTrip,DEL,PNQ,2026-09-12,15,3169.7,894.02,4063.72,2026-08-28 11:51:00,SIMULATED_BACKTEST
1374,EaseMyTrip,DEL,PNQ,2026-09-27,30,2851.3,804.21,3655.51,2026-08-28 11:51:00,SIMULATED_BACKTEST
1375,EaseMyTrip,DEL,PNQ,2026-10-12,45,2554.8,720.58,3275.38,2026-08-28 11:51:00,SIMULATED_BACKTEST
1376,EaseMyTrip,DEL,CCU,2026-08-29,1,6100.04,1720.52,7820.56,2026-08-28 11:51:00,SIMULATED_BACKTEST
1377,EaseMyTrip,DEL,CCU,2026-09-04,7,4759.93,1342.54,6102.47,2026-08-28 11:51:00,SIMULATED_BACKTEST
1378,EaseMyTrip,DEL,CCU,2026-09-12,15,4098.15,1155.89,5254.04,2026-08-28 11:51:00,SIMULATED_BACKTEST
1379,EaseMyTrip,DEL,CCU,2026-09-27,30,3603.41,1016.35,4619.76,2026-08-28 11:51:00,SIMULATED_BACKTEST
1380,EaseMyTrip,DEL,CCU,2026-10-12,45,3265.26,920.97,4186.23,2026-08-28 11:51:00,SIMULATED_BACKTEST
1381,EaseMyTrip,AMD,DEL,2026-08-29,1,4571.58,1289.42,5861.0,2026-08-28 11:51:00,SIMULATED_BACKTEST
1382,EaseMyTrip,AMD,DEL,2026-09-04,7,3658.51,1031.89,4690.4,2026-08-28 11:51:00,SIMULATED_BACKTEST
1383,EaseMyTrip,AMD,DEL,2026-09-12,15,3066.96,865.04,3932.0,2026-08-28 11:51:00,SIMULATED_BACKTEST
1384,EaseMyTrip,AMD,DEL,2026-09-27,30,2681.95,756.45,3438.4,2026-08-28 11:51:00,SIMULATED_BACKTEST
1385,EaseMyTrip,AMD,DEL,2026-10-12,45,2446.08,689.92,3136.0,2026-08-28 11:51:00,SIMULATED_BACKTEST
1386,EaseMyTrip,MAA,DEL,2026-08-29,1,6535.78,1843.42,8379.2,2026-08-28 11:51:00,SIMULATED_BACKTEST
1387,EaseMyTrip,MAA,DEL,2026-09-04,7,5176.1,1459.92,6636.02,2026-08-28 11:51:00,SIMULATED_BACKTEST
1388,EaseMyTrip,MAA,DEL,2026-09-12,15,4377.2,1234.6,5611.8,2026-08-28 11:51:00,SIMULATED_BACKTEST
1389,EaseMyTrip,MAA,DEL,2026-09-27,30,3844.6,1084.38,4928.98,2026-08-28 11:51:00,SIMULATED_BACKTEST
1390,EaseMyTrip,MAA,DEL,2026-10-12,45,3492.4,985.04,4477.44,2026-08-28 11:51:00,SIMULATED_BACKTEST
1391,EaseMyTrip,HYD,BOM,2026-08-29,1,4429.46,1249.34,5678.8,2026-08-28 11:51:00,SIMULATED_BACKTEST
1392,EaseMyTrip,HYD,BOM,2026-09-04,7,3545.68,1000.06,4545.74,2026-08-28 11:51:00,SIMULATED_BACKTEST
1393,EaseMyTrip,HYD,BOM,2026-09-12,15,2957.14,834.06,3791.2,2026-08-28 11:51:00,SIMULATED_BACKTEST
1394,EaseMyTrip,HYD,BOM,2026-09-27,30,2578.04,727.14,3305.18,2026-08-28 11:51:00,SIMULATED_BACKTEST
1395,EaseMyTrip,HYD,BOM,2026-10-12,45,2387.7,673.46,3061.16,2026-08-28 11:51:00,SIMULATED_BACKTEST
1396,EaseMyTrip,BLR,CCU,2026-08-29,1,6388.17,1801.79,8189.96,2026-08-28 11:51:00,SIMULATED_BACKTEST
1397,EaseMyTrip,BLR,CCU,2026-09-04,7,5008.22,1412.58,6420.8,2026-08-28 11:51:00,SIMULATED_BACKTEST
1398,EaseMyTrip,BLR,CCU,2026-09-12,15,4247.6,1198.04,5445.64,2026-08-28 11:51:00,SIMULATED_BACKTEST
1399,EaseMyTrip,BLR,CCU,2026-09-27,30,3769.9,1063.3,4833.2,2026-08-28 11:51:00,SIMULATED_BACKTEST
1400,EaseMyTrip,BLR,CCU,2026-10-12,45,3412.43,962.48,4374.91,2026-08-28 11:51:00,SIMULATED_BACKTEST
1401,EaseMyTrip,DEL,BOM,2026-08-30,1,5716.62,1612.38,7329.0,2026-08-29 08:54:00,SIMULATED_BACKTEST
1402,EaseMyTrip,DEL,BOM,2026-09-05,7,4475.64,1262.36,5738.0,2026-08-29 08:54:00,SIMULATED_BACKTEST
1403,EaseMyTrip,DEL,BOM,2026-09-13,15,3780.66,1066.34,4847.0,2026-08-29 08:54:00,SIMULATED_BACKTEST
1404,EaseMyTrip,DEL,BOM,2026-09-28,30,3293.16,928.84,4222.0,2026-08-29 08:54:00,SIMULATED_BACKTEST
1405,EaseMyTrip,DEL,BOM,2026-10-13,45,2971.8,838.2,3810.0,2026-08-29 08:54:00,SIMULATED_BACKTEST
1406,EaseMyTrip,BLR,DEL,2026-08-30,1,6547.32,1846.68,8394.0,2026-08-29 08:54:00,SIMULATED_BACKTEST
1407,EaseMyTrip,BLR,DEL,2026-09-05,7,5218.67,1471.93,6690.6,2026-08-29 08:54:00,SIMULATED_BACKTEST
1408,EaseMyTrip,BLR,DEL,2026-09-13,15,4390.62,1238.38,5629.0,2026-08-29 08:54:00,SIMULATED_BACKTEST
1409,EaseMyTrip,BLR,DEL,2026-09-28,30,3836.51,1082.09,4918.6,2026-08-29 08:54:00,SIMULATED_BACKTEST
1410,EaseMyTrip,BLR,DEL,2026-10-13,45,3474.9,980.1,4455.0,2026-08-29 08:54:00,SIMULATED_BACKTEST
1411,EaseMyTrip,BLR,BOM,2026-08-30,1,4009.2,1130.8,5140.0,2026-08-29 08:54:00,SIMULATED_BACKTEST
1412,EaseMyTrip,BLR,BOM,2026-09-05,7,3164.46,892.54,4057.0,2026-08-29 08:54:00,SIMULATED_BACKTEST
1413,EaseMyTrip,BLR,BOM,2026-09-13,15,2730.78,770.22,3501.0,2026-08-29 08:54:00,SIMULATED_BACKTEST
1414,EaseMyTrip,BLR,BOM,2026-09-28,30,2364.18,666.82,3031.0,2026-08-29 08:54:00,SIMULATED_BACKTEST
1415,EaseMyTrip,BLR,BOM,2026-10-13,45,2184.78,616.22,2801.0,2026-08-29 08:54:00,SIMULATED_BACKTEST
1416,EaseMyTrip,DEL,HYD,2026-08-30,1,4793.1,1351.9,6145.0,2026-08-29 08:54:00,SIMULATED_BACKTEST
1417,EaseMyTrip,DEL,HYD,2026-09-05,7,3820.13,1077.47,4897.6,2026-08-29 08:54:00,SIMULATED_BACKTEST
1418,EaseMyTrip,DEL,HYD,2026-09-13,15,3206.58,904.42,4111.0,2026-08-29 08:54:00,SIMULATED_BACKTEST
1419,EaseMyTrip,DEL,HYD,2026-09-28,30,2809.25,792.35,3601.6,2026-08-29 08:54:00,SIMULATED_BACKTEST
1420,EaseMyTrip,DEL,HYD,2026-10-13,45,2610.66,736.34,3347.0,2026-08-29 08:54:00,SIMULATED_BACKTEST
1421,EaseMyTrip,DEL,PNQ,2026-08-30,1,4544.28,1281.72,5826.0,2026-08-29 08:54:00,SIMULATED_BACKTEST
1422,EaseMyTrip,DEL,PNQ,2026-09-05,7,3559.3,1003.9,4563.2,2026-08-29 08:54:00,SIMULATED_BACKTEST
1423,EaseMyTrip,DEL,PNQ,2026-09-13,15,2996.76,845.24,3842.0,2026-08-29 08:54:00,SIMULATED_BACKTEST
1424,EaseMyTrip,DEL,PNQ,2026-09-28,30,2617.84,738.36,3356.2,2026-08-29 08:54:00,SIMULATED_BACKTEST
1425,EaseMyTrip,DEL,PNQ,2026-10-13,45,2387.58,673.42,3061.0,2026-08-29 08:54:00,SIMULATED_BACKTEST
1426,EaseMyTrip,DEL,CCU,2026-08-30,1,5809.44,1638.56,7448.0,2026-08-29 08:54:00,SIMULATED_BACKTEST
1427,EaseMyTrip,DEL,CCU,2026-09-05,7,4580.47,1291.93,5872.4,2026-08-29 08:54:00,SIMULATED_BACKTEST
1428,EaseMyTrip,DEL,CCU,2026-09-13,15,3853.98,1087.02,4941.0,2026-08-29 08:54:00,SIMULATED_BACKTEST
1429,EaseMyTrip,DEL,CCU,2026-09-28,30,3451.81,973.59,4425.4,2026-08-29 08:54:00,SIMULATED_BACKTEST
1430,EaseMyTrip,DEL,CCU,2026-10-13,45,3134.82,884.18,4019.0,2026-08-29 08:54:00,SIMULATED_BACKTEST
1431,EaseMyTrip,AMD,DEL,2026-08-30,1,4364.1,1230.9,5595.0,2026-08-29 08:54:00,SIMULATED_BACKTEST
1432,EaseMyTrip,AMD,DEL,2026-09-05,7,3448.38,972.62,4421.0,2026-08-29 08:54:00,SIMULATED_BACKTEST
1433,EaseMyTrip,AMD,DEL,2026-09-13,15,2903.16,818.84,3722.0,2026-08-29 08:54:00,SIMULATED_BACKTEST
1434,EaseMyTrip,AMD,DEL,2026-09-28,30,2540.46,716.54,3257.0,2026-08-29 08:54:00,SIMULATED_BACKTEST
1435,EaseMyTrip,AMD,DEL,2026-10-13,45,2310.36,651.64,2962.0,2026-08-29 08:54:00,SIMULATED_BACKTEST
1436,EaseMyTrip,MAA,DEL,2026-08-30,1,6265.74,1767.26,8033.0,2026-08-29 08:54:00,SIMULATED_BACKTEST
1437,EaseMyTrip,MAA,DEL,2026-09-05,7,4930.38,1390.62,6321.0,2026-08-29 08:54:00,SIMULATED_BACKTEST
1438,EaseMyTrip,MAA,DEL,2026-09-13,15,4122.3,1162.7,5285.0,2026-08-29 08:54:00,SIMULATED_BACKTEST
1439,EaseMyTrip,MAA,DEL,2026-09-28,30,3716.7,1048.3,4765.0,2026-08-29 08:54:00,SIMULATED_BACKTEST
1440,EaseMyTrip,MAA,DEL,2026-10-13,45,3378.18,952.82,4331.0,2026-08-29 08:54:00,SIMULATED_BACKTEST
1441,EaseMyTrip,HYD,BOM,2026-08-30,1,4284.54,1208.46,5493.0,2026-08-29 08:54:00,SIMULATED_BACKTEST
1442,EaseMyTrip,HYD,BOM,2026-09-05,7,3334.5,940.5,4275.0,2026-08-29 08:54:00,SIMULATED_BACKTEST
1443,EaseMyTrip,HYD,BOM,2026-09-13,15,2828.28,797.72,3626.0,2026-08-29 08:54:00,SIMULATED_BACKTEST
1444,EaseMyTrip,HYD,BOM,2026-09-28,30,2470.26,696.74,3167.0,2026-08-29 08:54:00,SIMULATED_BACKTEST
1445,EaseMyTrip,HYD,BOM,2026-10-13,45,2318.16,653.84,2972.0,2026-08-29 08:54:00,SIMULATED_BACKTEST
1446,EaseMyTrip,BLR,CCU,2026-08-30,1,6040.32,1703.68,7744.0,2026-08-29 08:54:00,SIMULATED_BACKTEST
1447,EaseMyTrip,BLR,CCU,2026-09-05,7,4757.53,1341.87,6099.4,2026-08-29 08:54:00,SIMULATED_BACKTEST
1448,EaseMyTrip,BLR,CCU,2026-09-13,15,4036.5,1138.5,5175.0,2026-08-29 08:54:00,SIMULATED_BACKTEST
1449,EaseMyTrip,BLR,CCU,2026-09-28,30,3568.81,1006.59,4575.4,2026-08-29 08:54:00,SIMULATED_BACKTEST
1450,EaseMyTrip,BLR,CCU,2026-10-13,45,3220.62,908.38,4129.0,2026-08-29 08:54:00,SIMULATED_BACKTEST
1451,EaseMyTrip,DEL,BOM,2026-08-31,1,5673.88,1600.32,7274.2,2026-08-30 09:57:00,SIMULATED_BACKTEST
1452,EaseMyTrip,DEL,BOM,2026-09-06,7,4519.15,1274.63,5793.78,2026-08-30 09:57:00,SIMULATED_BACKTEST
1453,EaseMyTrip,DEL,BOM,2026-09-14,15,3763.34,1061.46,4824.8,2026-08-30 09:57:00,SIMULATED_BACKTEST
1454,EaseMyTrip,DEL,BOM,2026-09-29,30,3307.31,932.83,4240.14,2026-08-30 09:57:00,SIMULATED_BACKTEST
1455,EaseMyTrip,DEL,BOM,2026-10-14,45,3025.65,853.39,3879.04,2026-08-30 09:57:00,SIMULATED_BACKTEST
1456,EaseMyTrip,BLR,DEL,2026-08-31,1,6677.92,1883.52,8561.44,2026-08-30 09:57:00,SIMULATED_BACKTEST
1457,EaseMyTrip,BLR,DEL,2026-09-06,7,5212.47,1470.18,6682.65,2026-08-30 09:57:00,SIMULATED_BACKTEST
1458,EaseMyTrip,BLR,DEL,2026-09-14,15,4452.99,1255.97,5708.96,2026-08-30 09:57:00,SIMULATED_BACKTEST
1459,EaseMyTrip,BLR,DEL,2026-09-29,30,3935.22,1109.94,5045.16,2026-08-30 09:57:00,SIMULATED_BACKTEST
1460,EaseMyTrip,BLR,DEL,2026-10-14,45,3576.28,1008.69,4584.97,2026-08-30 09:57:00,SIMULATED_BACKTEST
1461,EaseMyTrip,BLR,BOM,2026-08-31,1,4045.39,1141.01,5186.4,2026-08-30 09:57:00,SIMULATED_BACKTEST
1462,EaseMyTrip,BLR,BOM,2026-09-06,7,3190.64,899.93,4090.57,2026-08-30 09:57:00,SIMULATED_BACKTEST
1463,EaseMyTrip,BLR,BOM,2026-09-14,15,2745.29,774.31,3519.6,2026-08-30 09:57:00,SIMULATED_BACKTEST
1464,EaseMyTrip,BLR,BOM,2026-09-29,30,2362.07,666.22,3028.29,2026-08-30 09:57:00,SIMULATED_BACKTEST
1465,EaseMyTrip,BLR,BOM,2026-10-14,45,2167.68,611.4,2779.08,2026-08-30 09:57:00,SIMULATED_BACKTEST
1466,EaseMyTrip,DEL,HYD,2026-08-31,1,4870.66,1373.78,6244.44,2026-08-30 09:57:00,SIMULATED_BACKTEST
1467,EaseMyTrip,DEL,HYD,2026-09-06,7,3827.84,1079.65,4907.49,2026-08-30 09:57:00,SIMULATED_BACKTEST
1468,EaseMyTrip,DEL,HYD,2026-09-14,15,3197.19,901.77,4098.96,2026-08-30 09:57:00,SIMULATED_BACKTEST
1469,EaseMyTrip,DEL,HYD,2026-09-29,30,2867.75,808.85,3676.6,2026-08-30 09:57:00,SIMULATED_BACKTEST
1470,EaseMyTrip,DEL,HYD,2026-10-14,45,2538.41,715.96,3254.37,2026-08-30 09:57:00,SIMULATED_BACKTEST
1471,EaseMyTrip,DEL,PNQ,2026-08-31,1,4585.37,1293.31,5878.68,2026-08-30 09:57:00,SIMULATED_BACKTEST
1472,EaseMyTrip,DEL,PNQ,2026-09-06,7,3658.14,1031.78,4689.92,2026-08-30 09:57:00,SIMULATED_BACKTEST
1473,EaseMyTrip,DEL,PNQ,2026-09-14,15,3004.65,847.47,3852.12,2026-08-30 09:57:00,SIMULATED_BACKTEST
1474,EaseMyTrip,DEL,PNQ,2026-09-29,30,2676.64,754.95,3431.59,2026-08-30 09:57:00,SIMULATED_BACKTEST
1475,EaseMyTrip,DEL,PNQ,2026-10-14,45,2461.6,694.3,3155.9,2026-08-30 09:57:00,SIMULATED_BACKTEST
1476,EaseMyTrip,DEL,CCU,2026-08-31,1,5824.07,1642.69,7466.76,2026-08-30 09:57:00,SIMULATED_BACKTEST
1477,EaseMyTrip,DEL,CCU,2026-09-06,7,4577.36,1291.05,5868.41,2026-08-30 09:57:00,SIMULATED_BACKTEST
1478,EaseMyTrip,DEL,CCU,2026-09-14,15,3935.76,1110.08,5045.84,2026-08-30 09:57:00,SIMULATED_BACKTEST
1479,EaseMyTrip,DEL,CCU,2026-09-29,30,3433.92,968.54,4402.46,2026-08-30 09:57:00,SIMULATED_BACKTEST
1480,EaseMyTrip,DEL,CCU,2026-10-14,45,3161.24,891.63,4052.87,2026-08-30 09:57:00,SIMULATED_BACKTEST
1481,EaseMyTrip,AMD,DEL,2026-08-31,1,4441.32,1252.68,5694.0,2026-08-30 09:57:00,SIMULATED_BACKTEST
1482,EaseMyTrip,AMD,DEL,2026-09-06,7,3425.29,966.11,4391.4,2026-08-30 09:57:00,SIMULATED_BACKTEST
1483,EaseMyTrip,AMD,DEL,2026-09-14,15,2970.24,837.76,3808.0,2026-08-30 09:57:00,SIMULATED_BACKTEST
1484,EaseMyTrip,AMD,DEL,2026-09-29,30,2586.79,729.61,3316.4,2026-08-30 09:57:00,SIMULATED_BACKTEST
1485,EaseMyTrip,AMD,DEL,2026-10-14,45,2340.78,660.22,3001.0,2026-08-30 09:57:00,SIMULATED_BACKTEST
1486,EaseMyTrip,MAA,DEL,2026-08-31,1,6307.24,1778.96,8086.2,2026-08-30 09:57:00,SIMULATED_BACKTEST
1487,EaseMyTrip,MAA,DEL,2026-09-06,7,4927.65,1389.85,6317.5,2026-08-30 09:57:00,SIMULATED_BACKTEST
1488,EaseMyTrip,MAA,DEL,2026-09-14,15,4198.58,1184.22,5382.8,2026-08-30 09:57:00,SIMULATED_BACKTEST
1489,EaseMyTrip,MAA,DEL,2026-09-29,30,3723.45,1050.21,4773.66,2026-08-30 09:57:00,SIMULATED_BACKTEST
1490,EaseMyTrip,MAA,DEL,2026-10-14,45,3401.77,959.47,4361.24,2026-08-30 09:57:00,SIMULATED_BACKTEST
1491,EaseMyTrip,HYD,BOM,2026-08-31,1,4328.06,1220.74,5548.8,2026-08-30 09:57:00,SIMULATED_BACKTEST
1492,EaseMyTrip,HYD,BOM,2026-09-06,7,3353.58,945.88,4299.46,2026-08-30 09:57:00,SIMULATED_BACKTEST
1493,EaseMyTrip,HYD,BOM,2026-09-14,15,2833.9,799.3,3633.2,2026-08-30 09:57:00,SIMULATED_BACKTEST
1494,EaseMyTrip,HYD,BOM,2026-09-29,30,2503.57,706.13,3209.7,2026-08-30 09:57:00,SIMULATED_BACKTEST
1495,EaseMyTrip,HYD,BOM,2026-10-14,45,2297.38,647.98,2945.36,2026-08-30 09:57:00,SIMULATED_BACKTEST
1496,EaseMyTrip,BLR,CCU,2026-08-31,1,6109.08,1723.08,7832.16,2026-08-30 09:57:00,SIMULATED_BACKTEST
1497,EaseMyTrip,BLR,CCU,2026-09-06,7,4839.35,1364.95,6204.3,2026-08-30 09:57:00,SIMULATED_BACKTEST
1498,EaseMyTrip,BLR,CCU,2026-09-14,15,4106.26,1158.18,5264.44,2026-08-30 09:57:00,SIMULATED_BACKTEST
1499,EaseMyTrip,BLR,CCU,2026-09-29,30,3630.8,1024.07,4654.87,2026-08-30 09:57:00,SIMULATED_BACKTEST
1500,EaseMyTrip,BLR,CCU,2026-10-14,45,3227.76,910.39,4138.15,2026-08-30 09:57:00,SIMULATED_BACKTEST
