id,source,origin,destination,travel_date,advance_purchase_days,base_fare,taxes_fees,fare_total,scraped_at,status
1,EaseMyTrip,DEL,BOM,2026-08-02,1,5623.8,1586.2,7210.0,2026-08-01 08:15:00,SIMULATED_BACKTEST
2,EaseMyTrip,DEL,BOM,2026-08-08,7,4446.78,1254.22,5701.0,2026-08-01 08:15:00,SIMULATED_BACKTEST
3,EaseMyTrip,DEL,BOM,2026-08-16,15,3781.44,1066.56,4848.0,2026-08-01 08:15:00,SIMULATED_BACKTEST
4,EaseMyTrip,DEL,BOM,2026-08-31,30,3360.24,947.76,4308.0,2026-08-01 08:15:00,SIMULATED_BACKTEST
5,EaseMyTrip,DEL,BOM,2026-09-15,45,3032.64,855.36,3888.0,2026-08-01 08:15:00,SIMULATED_BACKTEST
6,EaseMyTrip,BLR,DEL,2026-08-02,1,6591.78,1859.22,8451.0,2026-08-01 08:15:00,SIMULATED_BACKTEST
7,EaseMyTrip,BLR,DEL,2026-08-08,7,5196.05,1465.55,6661.6,2026-08-01 08:15:00,SIMULATED_BACKTEST
8,EaseMyTrip,BLR,DEL,2026-08-16,15,4334.46,1222.54,5557.0,2026-08-01 08:15:00,SIMULATED_BACKTEST
9,EaseMyTrip,BLR,DEL,2026-08-31,30,3838.07,1082.53,4920.6,2026-08-01 08:15:00,SIMULATED_BACKTEST
10,EaseMyTrip,BLR,DEL,2026-09-15,45,3483.48,982.52,4466.0,2026-08-01 08:15:00,SIMULATED_BACKTEST
11,EaseMyTrip,BLR,BOM,2026-08-02,1,4041.96,1140.04,5182.0,2026-08-01 08:15:00,SIMULATED_BACKTEST
12,EaseMyTrip,BLR,BOM,2026-08-08,7,3192.54,900.46,4093.0,2026-08-01 08:15:00,SIMULATED_BACKTEST
13,EaseMyTrip,BLR,BOM,2026-08-16,15,2720.64,767.36,3488.0,2026-08-01 08:15:00,SIMULATED_BACKTEST
14,EaseMyTrip,BLR,BOM,2026-08-31,30,2374.32,669.68,3044.0,2026-08-01 08:15:00,SIMULATED_BACKTEST
15,EaseMyTrip,BLR,BOM,2026-09-15,45,2098.98,592.02,2691.0,2026-08-01 08:15:00,SIMULATED_BACKTEST
16,EaseMyTrip,DEL,HYD,2026-08-02,1,4780.62,1348.38,6129.0,2026-08-01 08:15:00,SIMULATED_BACKTEST
17,EaseMyTrip,DEL,HYD,2026-08-08,7,3755.39,1059.21,4814.6,2026-08-01 08:15:00,SIMULATED_BACKTEST
18,EaseMyTrip,DEL,HYD,2026-08-16,15,3240.12,913.88,4154.0,2026-08-01 08:15:00,SIMULATED_BACKTEST
19,EaseMyTrip,DEL,HYD,2026-08-31,30,2877.11,811.49,3688.6,2026-08-01 08:15:00,SIMULATED_BACKTEST
20,EaseMyTrip,DEL,HYD,2026-09-15,45,2544.36,717.64,3262.0,2026-08-01 08:15:00,SIMULATED_BACKTEST
21,EaseMyTrip,DEL,PNQ,2026-08-02,1,4541.94,1281.06,5823.0,2026-08-01 08:15:00,SIMULATED_BACKTEST
22,EaseMyTrip,DEL,PNQ,2026-08-08,7,3561.64,1004.56,4566.2,2026-08-01 08:15:00,SIMULATED_BACKTEST
23,EaseMyTrip,DEL,PNQ,2026-08-16,15,3068.52,865.48,3934.0,2026-08-01 08:15:00,SIMULATED_BACKTEST
24,EaseMyTrip,DEL,PNQ,2026-08-31,30,2644.36,745.84,3390.2,2026-08-01 08:15:00,SIMULATED_BACKTEST
25,EaseMyTrip,DEL,PNQ,2026-09-15,45,2457.0,693.0,3150.0,2026-08-01 08:15:00,SIMULATED_BACKTEST
26,EaseMyTrip,DEL,CCU,2026-08-02,1,5792.28,1633.72,7426.0,2026-08-01 08:15:00,SIMULATED_BACKTEST
27,EaseMyTrip,DEL,CCU,2026-08-08,7,4536.79,1279.61,5816.4,2026-08-01 08:15:00,SIMULATED_BACKTEST
28,EaseMyTrip,DEL,CCU,2026-08-16,15,3907.8,1102.2,5010.0,2026-08-01 08:15:00,SIMULATED_BACKTEST
29,EaseMyTrip,DEL,CCU,2026-08-31,30,3411.25,962.15,4373.4,2026-08-01 08:15:00,SIMULATED_BACKTEST
30,EaseMyTrip,DEL,CCU,2026-09-15,45,3093.48,872.52,3966.0,2026-08-01 08:15:00,SIMULATED_BACKTEST
31,EaseMyTrip,AMD,DEL,2026-08-02,1,4398.42,1240.58,5639.0,2026-08-01 08:15:00,SIMULATED_BACKTEST
32,EaseMyTrip,AMD,DEL,2026-08-08,7,3424.98,966.02,4391.0,2026-08-01 08:15:00,SIMULATED_BACKTEST
33,EaseMyTrip,AMD,DEL,2026-08-16,15,2968.68,837.32,3806.0,2026-08-01 08:15:00,SIMULATED_BACKTEST
34,EaseMyTrip,AMD,DEL,2026-08-31,30,2581.8,728.2,3310.0,2026-08-01 08:15:00,SIMULATED_BACKTEST
35,EaseMyTrip,AMD,DEL,2026-09-15,45,2363.4,666.6,3030.0,2026-08-01 08:15:00,SIMULATED_BACKTEST
36,EaseMyTrip,MAA,DEL,2026-08-02,1,6305.52,1778.48,8084.0,2026-08-01 08:15:00,SIMULATED_BACKTEST
37,EaseMyTrip,MAA,DEL,2026-08-08,7,4970.16,1401.84,6372.0,2026-08-01 08:15:00,SIMULATED_BACKTEST
38,EaseMyTrip,MAA,DEL,2026-08-16,15,4180.8,1179.2,5360.0,2026-08-01 08:15:00,SIMULATED_BACKTEST
39,EaseMyTrip,MAA,DEL,2026-08-31,30,3719.04,1048.96,4768.0,2026-08-01 08:15:00,SIMULATED_BACKTEST
40,EaseMyTrip,MAA,DEL,2026-09-15,45,3390.66,956.34,4347.0,2026-08-01 08:15:00,SIMULATED_BACKTEST
41,EaseMyTrip,HYD,BOM,2026-08-02,1,4248.66,1198.34,5447.0,2026-08-01 08:15:00,SIMULATED_BACKTEST
42,EaseMyTrip,HYD,BOM,2026-08-08,7,3339.18,941.82,4281.0,2026-08-01 08:15:00,SIMULATED_BACKTEST
43,EaseMyTrip,HYD,BOM,2026-08-16,15,2898.48,817.52,3716.0,2026-08-01 08:15:00,SIMULATED_BACKTEST
44,EaseMyTrip,HYD,BOM,2026-08-31,30,2503.02,705.98,3209.0,2026-08-01 08:15:00,SIMULATED_BACKTEST
45,EaseMyTrip,HYD,BOM,2026-09-15,45,2248.74,634.26,2883.0,2026-08-01 08:15:00,SIMULATED_BACKTEST
46,EaseMyTrip,BLR,CCU,2026-08-02,1,6101.94,1721.06,7823.0,2026-08-01 08:15:00,SIMULATED_BACKTEST
47,EaseMyTrip,BLR,CCU,2026-08-08,7,4723.99,1332.41,6056.4,2026-08-01 08:15:00,SIMULATED_BACKTEST
48,EaseMyTrip,BLR,CCU,2026-08-16,15,4038.06,1138.94,5177.0,2026-08-01 08:15:00,SIMULATED_BACKTEST
49,EaseMyTrip,BLR,CCU,2026-08-31,30,3513.43,990.97,4504.4,2026-08-01 08:15:00,SIMULATED_BACKTEST
50,EaseMyTrip,BLR,CCU,2026-09-15,45,3200.34,902.66,4103.0,2026-08-01 08:15:00,SIMULATED_BACKTEST
51,EaseMyTrip,DEL,BOM,2026-08-03,1,5709.76,1610.44,7320.2,2026-08-02 09:18:00,SIMULATED_BACKTEST
52,EaseMyTrip,DEL,BOM,2026-08-09,7,4484.83,1264.95,5749.78,2026-08-02 09:18:00,SIMULATED_BACKTEST
53,EaseMyTrip,DEL,BOM,2026-08-17,15,3852.26,1086.54,4938.8,2026-08-02 09:18:00,SIMULATED_BACKTEST
54,EaseMyTrip,DEL,BOM,2026-09-01,30,3398.57,958.57,4357.14,2026-08-02 09:18:00,SIMULATED_BACKTEST
55,EaseMyTrip,DEL,BOM,2026-09-16,45,3088.83,871.21,3960.04,2026-08-02 09:18:00,SIMULATED_BACKTEST
56,EaseMyTrip,BLR,DEL,2026-08-03,1,6677.14,1883.3,8560.44,2026-08-02 09:18:00,SIMULATED_BACKTEST
57,EaseMyTrip,BLR,DEL,2026-08-09,7,5189.85,1463.8,6653.65,2026-08-02 09:18:00,SIMULATED_BACKTEST
58,EaseMyTrip,BLR,DEL,2026-08-17,15,4420.23,1246.73,5666.96,2026-08-02 09:18:00,SIMULATED_BACKTEST
59,EaseMyTrip,BLR,DEL,2026-09-01,30,3836.94,1082.22,4919.16,2026-08-02 09:18:00,SIMULATED_BACKTEST
60,EaseMyTrip,BLR,DEL,2026-09-16,45,3510.76,990.21,4500.97,2026-08-02 09:18:00,SIMULATED_BACKTEST
61,EaseMyTrip,BLR,BOM,2026-08-03,1,4030.57,1136.83,5167.4,2026-08-02 09:18:00,SIMULATED_BACKTEST
62,EaseMyTrip,BLR,BOM,2026-08-09,7,3242.12,914.45,4156.57,2026-08-02 09:18:00,SIMULATED_BACKTEST
63,EaseMyTrip,BLR,BOM,2026-08-17,15,2724.23,768.37,3492.6,2026-08-02 09:18:00,SIMULATED_BACKTEST
64,EaseMyTrip,BLR,BOM,2026-09-01,30,2384.69,672.6,3057.29,2026-08-02 09:18:00,SIMULATED_BACKTEST
65,EaseMyTrip,BLR,BOM,2026-09-16,45,2223.06,627.02,2850.08,2026-08-02 09:18:00,SIMULATED_BACKTEST
66,EaseMyTrip,DEL,HYD,2026-08-03,1,4848.82,1367.62,6216.44,2026-08-02 09:18:00,SIMULATED_BACKTEST
67,EaseMyTrip,DEL,HYD,2026-08-09,7,3826.28,1079.21,4905.49,2026-08-02 09:18:00,SIMULATED_BACKTEST
68,EaseMyTrip,DEL,HYD,2026-08-17,15,3263.49,920.47,4183.96,2026-08-02 09:18:00,SIMULATED_BACKTEST
69,EaseMyTrip,DEL,HYD,2026-09-01,30,2890.37,815.23,3705.6,2026-08-02 09:18:00,SIMULATED_BACKTEST
70,EaseMyTrip,DEL,HYD,2026-09-16,45,2645.27,746.1,3391.37,2026-08-02 09:18:00,SIMULATED_BACKTEST
71,EaseMyTrip,DEL,PNQ,2026-08-03,1,4540.91,1280.77,5821.68,2026-08-02 09:18:00,SIMULATED_BACKTEST
72,EaseMyTrip,DEL,PNQ,2026-08-09,7,3662.82,1033.1,4695.92,2026-08-02 09:18:00,SIMULATED_BACKTEST
73,EaseMyTrip,DEL,PNQ,2026-08-17,15,3092.01,872.11,3964.12,2026-08-02 09:18:00,SIMULATED_BACKTEST
74,EaseMyTrip,DEL,PNQ,2026-09-01,30,2669.62,752.97,3422.59,2026-08-02 09:18:00,SIMULATED_BACKTEST
75,EaseMyTrip,DEL,PNQ,2026-09-16,45,2437.42,687.48,3124.9,2026-08-02 09:18:00,SIMULATED_BACKTEST
76,EaseMyTrip,DEL,CCU,2026-08-03,1,5877.11,1657.65,7534.76,2026-08-02 09:18:00,SIMULATED_BACKTEST
77,EaseMyTrip,DEL,CCU,2026-08-09,7,4659.26,1314.15,5973.41,2026-08-02 09:18:00,SIMULATED_BACKTEST
78,EaseMyTrip,DEL,CCU,2026-08-17,15,3875.7,1093.14,4968.84,2026-08-02 09:18:00,SIMULATED_BACKTEST
79,EaseMyTrip,DEL,CCU,2026-09-01,30,3485.4,983.06,4468.46,2026-08-02 09:18:00,SIMULATED_BACKTEST
80,EaseMyTrip,DEL,CCU,2026-09-16,45,3175.28,895.59,4070.87,2026-08-02 09:18:00,SIMULATED_BACKTEST
81,EaseMyTrip,AMD,DEL,2026-08-03,1,4424.94,1248.06,5673.0,2026-08-02 09:18:00,SIMULATED_BACKTEST
82,EaseMyTrip,AMD,DEL,2026-08-09,7,3496.27,986.13,4482.4,2026-08-02 09:18:00,SIMULATED_BACKTEST
83,EaseMyTrip,AMD,DEL,2026-08-17,15,2982.72,841.28,3824.0,2026-08-02 09:18:00,SIMULATED_BACKTEST
84,EaseMyTrip,AMD,DEL,2026-09-01,30,2573.53,725.87,3299.4,2026-08-02 09:18:00,SIMULATED_BACKTEST
85,EaseMyTrip,AMD,DEL,2026-09-16,45,2358.72,665.28,3024.0,2026-08-02 09:18:00,SIMULATED_BACKTEST
86,EaseMyTrip,MAA,DEL,2026-08-03,1,6303.34,1777.86,8081.2,2026-08-02 09:18:00,SIMULATED_BACKTEST
87,EaseMyTrip,MAA,DEL,2026-08-09,7,4976.79,1403.71,6380.5,2026-08-02 09:18:00,SIMULATED_BACKTEST
88,EaseMyTrip,MAA,DEL,2026-08-17,15,4207.16,1186.64,5393.8,2026-08-02 09:18:00,SIMULATED_BACKTEST
89,EaseMyTrip,MAA,DEL,2026-09-01,30,3711.75,1046.91,4758.66,2026-08-02 09:18:00,SIMULATED_BACKTEST
90,EaseMyTrip,MAA,DEL,2026-09-16,45,3398.65,958.59,4357.24,2026-08-02 09:18:00,SIMULATED_BACKTEST
91,EaseMyTrip,HYD,BOM,2026-08-03,1,4283.6,1208.2,5491.8,2026-08-02 09:18:00,SIMULATED_BACKTEST
92,EaseMyTrip,HYD,BOM,2026-08-09,7,3380.1,953.36,4333.46,2026-08-02 09:18:00,SIMULATED_BACKTEST
93,EaseMyTrip,HYD,BOM,2026-08-17,15,2898.64,817.56,3716.2,2026-08-02 09:18:00,SIMULATED_BACKTEST
94,EaseMyTrip,HYD,BOM,2026-09-01,30,2534.77,714.93,3249.7,2026-08-02 09:18:00,SIMULATED_BACKTEST
95,EaseMyTrip,HYD,BOM,2026-09-16,45,2337.94,659.42,2997.36,2026-08-02 09:18:00,SIMULATED_BACKTEST
96,EaseMyTrip,BLR,CCU,2026-08-03,1,6105.96,1722.2,7828.16,2026-08-02 09:18:00,SIMULATED_BACKTEST
97,EaseMyTrip,BLR,CCU,2026-08-09,7,4829.99,1362.31,6192.3,2026-08-02 09:18:00,SIMULATED_BACKTEST
98,EaseMyTrip,BLR,CCU,2026-08-17,15,4065.7,1146.74,5212.44,2026-08-02 09:18:00,SIMULATED_BACKTEST
99,EaseMyTrip,BLR,CCU,2026-09-01,30,3573.86,1008.01,4581.87,2026-08-02 09:18:00,SIMULATED_BACKTEST
100,EaseMyTrip,BLR,CCU,2026-09-16,45,3256.62,918.53,4175.15,2026-08-02 09:18:00,SIMULATED_BACKTEST
101,EaseMyTrip,DEL,BOM,2026-08-04,1,5733.31,1617.09,7350.4,2026-08-03 10:21:00,SIMULATED_BACKTEST
102,EaseMyTrip,DEL,BOM,2026-08-10,7,4572.02,1289.55,5861.57,2026-08-03 10:21:00,SIMULATED_BACKTEST
103,EaseMyTrip,DEL,BOM,2026-08-18,15,3795.95,1070.65,4866.6,2026-08-03 10:21:00,SIMULATED_BACKTEST
104,EaseMyTrip,DEL,BOM,2026-09-02,30,3419.75,964.54,4384.29,2026-08-03 10:21:00,SIMULATED_BACKTEST
105,EaseMyTrip,DEL,BOM,2026-09-17,45,3109.14,876.94,3986.08,2026-08-03 10:21:00,SIMULATED_BACKTEST
106,EaseMyTrip,BLR,DEL,2026-08-04,1,6644.73,1874.15,8518.88,2026-08-03 10:21:00,SIMULATED_BACKTEST
107,EaseMyTrip,BLR,DEL,2026-08-10,7,5295.19,1493.52,6788.71,2026-08-03 10:21:00,SIMULATED_BACKTEST
108,EaseMyTrip,BLR,DEL,2026-08-18,15,4467.78,1260.14,5727.92,2026-08-03 10:21:00,SIMULATED_BACKTEST
109,EaseMyTrip,BLR,DEL,2026-09-02,30,3907.59,1102.14,5009.73,2026-08-03 10:21:00,SIMULATED_BACKTEST
110,EaseMyTrip,BLR,DEL,2026-09-17,45,3563.77,1005.17,4568.94,2026-08-03 10:21:00,SIMULATED_BACKTEST
111,EaseMyTrip,BLR,BOM,2026-08-04,1,4116.68,1161.12,5277.8,2026-08-03 10:21:00,SIMULATED_BACKTEST
112,EaseMyTrip,BLR,BOM,2026-08-10,7,3265.19,920.95,4186.14,2026-08-03 10:21:00,SIMULATED_BACKTEST
113,EaseMyTrip,BLR,BOM,2026-08-18,15,2778.52,783.68,3562.2,2026-08-03 10:21:00,SIMULATED_BACKTEST
114,EaseMyTrip,BLR,BOM,2026-09-02,30,2420.01,682.57,3102.58,2026-08-03 10:21:00,SIMULATED_BACKTEST
115,EaseMyTrip,BLR,BOM,2026-09-17,45,2234.82,630.34,2865.16,2026-08-03 10:21:00,SIMULATED_BACKTEST
116,EaseMyTrip,DEL,HYD,2026-08-04,1,4877.25,1375.63,6252.88,2026-08-03 10:21:00,SIMULATED_BACKTEST
117,EaseMyTrip,DEL,HYD,2026-08-10,7,3831.66,1080.73,4912.39,2026-08-03 10:21:00,SIMULATED_BACKTEST
118,EaseMyTrip,DEL,HYD,2026-08-18,15,3304.8,932.12,4236.92,2026-08-03 10:21:00,SIMULATED_BACKTEST
119,EaseMyTrip,DEL,HYD,2026-09-02,30,2869.32,809.29,3678.61,2026-08-03 10:21:00,SIMULATED_BACKTEST
120,EaseMyTrip,DEL,HYD,2026-09-17,45,2585.5,729.24,3314.74,2026-08-03 10:21:00,SIMULATED_BACKTEST
121,EaseMyTrip,DEL,PNQ,2026-08-04,1,4600.72,1297.64,5898.36,2026-08-03 10:21:00,SIMULATED_BACKTEST
122,EaseMyTrip,DEL,PNQ,2026-08-10,7,3654.8,1030.84,4685.64,2026-08-03 10:21:00,SIMULATED_BACKTEST
123,EaseMyTrip,DEL,PNQ,2026-08-18,15,3062.47,863.77,3926.24,2026-08-03 10:21:00,SIMULATED_BACKTEST
124,EaseMyTrip,DEL,PNQ,2026-09-02,30,2659.78,750.19,3409.97,2026-08-03 10:21:00,SIMULATED_BACKTEST
125,EaseMyTrip,DEL,PNQ,2026-09-17,45,2458.4,693.39,3151.79,2026-08-03 10:21:00,SIMULATED_BACKTEST
126,EaseMyTrip,DEL,CCU,2026-08-04,1,5903.45,1665.07,7568.52,2026-08-03 10:21:00,SIMULATED_BACKTEST
127,EaseMyTrip,DEL,CCU,2026-08-10,7,4604.67,1298.75,5903.42,2026-08-03 10:21:00,SIMULATED_BACKTEST
128,EaseMyTrip,DEL,CCU,2026-08-18,15,3983.99,1123.69,5107.68,2026-08-03 10:21:00,SIMULATED_BACKTEST
129,EaseMyTrip,DEL,CCU,2026-09-02,30,3510.41,990.11,4500.52,2026-08-03 10:21:00,SIMULATED_BACKTEST
130,EaseMyTrip,DEL,CCU,2026-09-17,45,3206.38,904.36,4110.74,2026-08-03 10:21:00,SIMULATED_BACKTEST
131,EaseMyTrip,AMD,DEL,2026-08-04,1,4424.94,1248.06,5673.0,2026-08-03 10:21:00,SIMULATED_BACKTEST
132,EaseMyTrip,AMD,DEL,2026-08-10,7,3466.94,977.86,4444.8,2026-08-03 10:21:00,SIMULATED_BACKTEST
133,EaseMyTrip,AMD,DEL,2026-08-18,15,3011.58,849.42,3861.0,2026-08-03 10:21:00,SIMULATED_BACKTEST
134,EaseMyTrip,AMD,DEL,2026-09-02,30,2566.04,723.76,3289.8,2026-08-03 10:21:00,SIMULATED_BACKTEST
135,EaseMyTrip,AMD,DEL,2026-09-17,45,2386.02,672.98,3059.0,2026-08-03 10:21:00,SIMULATED_BACKTEST
136,EaseMyTrip,MAA,DEL,2026-08-04,1,6342.49,1788.91,8131.4,2026-08-03 10:21:00,SIMULATED_BACKTEST
137,EaseMyTrip,MAA,DEL,2026-08-10,7,5023.99,1417.02,6441.01,2026-08-03 10:21:00,SIMULATED_BACKTEST
138,EaseMyTrip,MAA,DEL,2026-08-18,15,4247.57,1198.03,5445.6,2026-08-03 10:21:00,SIMULATED_BACKTEST
139,EaseMyTrip,MAA,DEL,2026-09-02,30,3702.14,1044.19,4746.33,2026-08-03 10:21:00,SIMULATED_BACKTEST
140,EaseMyTrip,MAA,DEL,2026-09-17,45,3365.29,949.19,4314.48,2026-08-03 10:21:00,SIMULATED_BACKTEST
141,EaseMyTrip,HYD,BOM,2026-08-04,1,4295.15,1211.45,5506.6,2026-08-03 10:21:00,SIMULATED_BACKTEST
142,EaseMyTrip,HYD,BOM,2026-08-10,7,3419.45,964.46,4383.91,2026-08-03 10:21:00,SIMULATED_BACKTEST
143,EaseMyTrip,HYD,BOM,2026-08-18,15,2918.29,823.11,3741.4,2026-08-03 10:21:00,SIMULATED_BACKTEST
144,EaseMyTrip,HYD,BOM,2026-09-02,30,2492.4,702.99,3195.39,2026-08-03 10:21:00,SIMULATED_BACKTEST
145,EaseMyTrip,HYD,BOM,2026-09-17,45,2346.8,661.92,3008.72,2026-08-03 10:21:00,SIMULATED_BACKTEST
146,EaseMyTrip,BLR,CCU,2026-08-04,1,6103.75,1721.57,7825.32,2026-08-03 10:21:00,SIMULATED_BACKTEST
147,EaseMyTrip,BLR,CCU,2026-08-10,7,4880.62,1376.58,6257.2,2026-08-03 10:21:00,SIMULATED_BACKTEST
148,EaseMyTrip,BLR,CCU,2026-08-18,15,4101.15,1156.73,5257.88,2026-08-03 10:21:00,SIMULATED_BACKTEST
149,EaseMyTrip,BLR,CCU,2026-09-02,30,3571.88,1007.45,4579.33,2026-08-03 10:21:00,SIMULATED_BACKTEST
150,EaseMyTrip,BLR,CCU,2026-09-17,45,3295.73,929.57,4225.3,2026-08-03 10:21:00,SIMULATED_BACKTEST
151,EaseMyTrip,DEL,BOM,2026-08-05,1,5790.41,1633.19,7423.6,2026-08-04 11:24:00,SIMULATED_BACKTEST
152,EaseMyTrip,DEL,BOM,2026-08-11,7,4552.35,1284.0,5836.35,2026-08-04 11:24:00,SIMULATED_BACKTEST
153,EaseMyTrip,DEL,BOM,2026-08-19,15,3876.91,1093.49,4970.4,2026-08-04 11:24:00,SIMULATED_BACKTEST
154,EaseMyTrip,DEL,BOM,2026-09-03,30,3400.36,959.07,4359.43,2026-08-04 11:24:00,SIMULATED_BACKTEST
155,EaseMyTrip,DEL,BOM,2026-09-18,45,3059.25,862.87,3922.12,2026-08-04 11:24:00,SIMULATED_BACKTEST
156,EaseMyTrip,BLR,DEL,2026-08-05,1,6774.55,1910.77,8685.32,2026-08-04 11:24:00,SIMULATED_BACKTEST
157,EaseMyTrip,BLR,DEL,2026-08-11,7,5289.77,1491.99,6781.76,2026-08-04 11:24:00,SIMULATED_BACKTEST
158,EaseMyTrip,BLR,DEL,2026-08-19,15,4537.95,1279.93,5817.88,2026-08-04 11:24:00,SIMULATED_BACKTEST
159,EaseMyTrip,BLR,DEL,2026-09-03,30,3908.03,1102.26,5010.29,2026-08-04 11:24:00,SIMULATED_BACKTEST
160,EaseMyTrip,BLR,DEL,2026-09-18,45,3613.66,1019.24,4632.9,2026-08-04 11:24:00,SIMULATED_BACKTEST
161,EaseMyTrip,BLR,BOM,2026-08-05,1,4176.28,1177.92,5354.2,2026-08-04 11:24:00,SIMULATED_BACKTEST
162,EaseMyTrip,BLR,BOM,2026-08-11,7,3261.73,919.97,4181.7,2026-08-04 11:24:00,SIMULATED_BACKTEST
163,EaseMyTrip,BLR,BOM,2026-08-19,15,2725.16,768.64,3493.8,2026-08-04 11:24:00,SIMULATED_BACKTEST
164,EaseMyTrip,BLR,BOM,2026-09-03,30,2403.85,678.01,3081.86,2026-08-04 11:24:00,SIMULATED_BACKTEST
165,EaseMyTrip,BLR,BOM,2026-09-18,45,2163.13,610.11,2773.24,2026-08-04 11:24:00,SIMULATED_BACKTEST
166,EaseMyTrip,DEL,HYD,2026-08-05,1,4946.23,1395.09,6341.32,2026-08-04 11:24:00,SIMULATED_BACKTEST
167,EaseMyTrip,DEL,HYD,2026-08-11,7,3868.24,1091.04,4959.28,2026-08-04 11:24:00,SIMULATED_BACKTEST
168,EaseMyTrip,DEL,HYD,2026-08-19,15,3240.03,913.85,4153.88,2026-08-04 11:24:00,SIMULATED_BACKTEST
169,EaseMyTrip,DEL,HYD,2026-09-03,30,2937.18,828.43,3765.61,2026-08-04 11:24:00,SIMULATED_BACKTEST
170,EaseMyTrip,DEL,HYD,2026-09-18,45,2626.34,740.76,3367.1,2026-08-04 11:24:00,SIMULATED_BACKTEST
171,EaseMyTrip,DEL,PNQ,2026-08-05,1,4644.15,1309.89,5954.04,2026-08-04 11:24:00,SIMULATED_BACKTEST
172,EaseMyTrip,DEL,PNQ,2026-08-11,7,3709.96,1046.4,4756.36,2026-08-04 11:24:00,SIMULATED_BACKTEST
173,EaseMyTrip,DEL,PNQ,2026-08-19,15,3083.62,869.74,3953.36,2026-08-04 11:24:00,SIMULATED_BACKTEST
174,EaseMyTrip,DEL,PNQ,2026-09-03,30,2689.72,758.64,3448.36,2026-08-04 11:24:00,SIMULATED_BACKTEST
175,EaseMyTrip,DEL,PNQ,2026-09-18,45,2482.5,700.19,3182.69,2026-08-04 11:24:00,SIMULATED_BACKTEST
176,EaseMyTrip,DEL,CCU,2026-08-05,1,5986.72,1688.56,7675.28,2026-08-04 11:24:00,SIMULATED_BACKTEST
177,EaseMyTrip,DEL,CCU,2026-08-11,7,4694.38,1324.05,6018.43,2026-08-04 11:24:00,SIMULATED_BACKTEST
178,EaseMyTrip,DEL,CCU,2026-08-19,15,4015.07,1132.45,5147.52,2026-08-04 11:24:00,SIMULATED_BACKTEST
179,EaseMyTrip,DEL,CCU,2026-09-03,30,3479.25,981.33,4460.58,2026-08-04 11:24:00,SIMULATED_BACKTEST
180,EaseMyTrip,DEL,CCU,2026-09-18,45,3168.06,893.56,4061.62,2026-08-04 11:24:00,SIMULATED_BACKTEST
181,EaseMyTrip,AMD,DEL,2026-08-05,1,4494.36,1267.64,5762.0,2026-08-04 11:24:00,SIMULATED_BACKTEST
182,EaseMyTrip,AMD,DEL,2026-08-11,7,3548.38,1000.82,4549.2,2026-08-04 11:24:00,SIMULATED_BACKTEST
183,EaseMyTrip,AMD,DEL,2026-08-19,15,2949.18,831.82,3781.0,2026-08-04 11:24:00,SIMULATED_BACKTEST
184,EaseMyTrip,AMD,DEL,2026-09-03,30,2586.64,729.56,3316.2,2026-08-04 11:24:00,SIMULATED_BACKTEST
185,EaseMyTrip,AMD,DEL,2026-09-18,45,2425.8,684.2,3110.0,2026-08-04 11:24:00,SIMULATED_BACKTEST
186,EaseMyTrip,MAA,DEL,2026-08-05,1,6366.05,1795.55,8161.6,2026-08-04 11:24:00,SIMULATED_BACKTEST
187,EaseMyTrip,MAA,DEL,2026-08-11,7,4997.86,1409.65,6407.51,2026-08-04 11:24:00,SIMULATED_BACKTEST
188,EaseMyTrip,MAA,DEL,2026-08-19,15,4251.31,1199.09,5450.4,2026-08-04 11:24:00,SIMULATED_BACKTEST
189,EaseMyTrip,MAA,DEL,2026-09-03,30,3747.89,1057.1,4804.99,2026-08-04 11:24:00,SIMULATED_BACKTEST
190,EaseMyTrip,MAA,DEL,2026-09-18,45,3420.08,964.64,4384.72,2026-08-04 11:24:00,SIMULATED_BACKTEST
191,EaseMyTrip,HYD,BOM,2026-08-05,1,4340.23,1224.17,5564.4,2026-08-04 11:24:00,SIMULATED_BACKTEST
192,EaseMyTrip,HYD,BOM,2026-08-11,7,3415.91,963.46,4379.37,2026-08-04 11:24:00,SIMULATED_BACKTEST
193,EaseMyTrip,HYD,BOM,2026-08-19,15,2889.59,815.01,3704.6,2026-08-04 11:24:00,SIMULATED_BACKTEST
194,EaseMyTrip,HYD,BOM,2026-09-03,30,2600.59,733.5,3334.09,2026-08-04 11:24:00,SIMULATED_BACKTEST
195,EaseMyTrip,HYD,BOM,2026-09-18,45,2327.58,656.5,2984.08,2026-08-04 11:24:00,SIMULATED_BACKTEST
196,EaseMyTrip,BLR,CCU,2026-08-05,1,6167.83,1739.65,7907.48,2026-08-04 11:24:00,SIMULATED_BACKTEST
197,EaseMyTrip,BLR,CCU,2026-08-11,7,4837.64,1364.46,6202.1,2026-08-04 11:24:00,SIMULATED_BACKTEST
198,EaseMyTrip,BLR,CCU,2026-08-19,15,4170.13,1176.19,5346.32,2026-08-04 11:24:00,SIMULATED_BACKTEST
199,EaseMyTrip,BLR,CCU,2026-09-03,30,3683.0,1038.8,4721.8,2026-08-04 11:24:00,SIMULATED_BACKTEST
200,EaseMyTrip,BLR,CCU,2026-09-18,45,3336.42,941.04,4277.46,2026-08-04 11:24:00,SIMULATED_BACKTEST
201,EaseMyTrip,DEL,BOM,2026-08-06,1,5874.02,1656.78,7530.8,2026-08-05 08:27:00,SIMULATED_BACKTEST
202,EaseMyTrip,DEL,BOM,2026-08-12,7,4601.33,1297.81,5899.14,2026-08-05 08:27:00,SIMULATED_BACKTEST
203,EaseMyTrip,DEL,BOM,2026-08-20,15,3936.04,1110.16,5046.2,2026-08-05 08:27:00,SIMULATED_BACKTEST
204,EaseMyTrip,DEL,BOM,2026-09-04,30,3412.17,962.41,4374.58,2026-08-05 08:27:00,SIMULATED_BACKTEST
205,EaseMyTrip,DEL,BOM,2026-09-19,45,3154.44,889.72,4044.16,2026-08-05 08:27:00,SIMULATED_BACKTEST
206,EaseMyTrip,BLR,DEL,2026-08-06,1,6837.29,1928.47,8765.76,2026-08-05 08:27:00,SIMULATED_BACKTEST
207,EaseMyTrip,BLR,DEL,2026-08-12,7,5331.15,1503.66,6834.81,2026-08-05 08:27:00,SIMULATED_BACKTEST
208,EaseMyTrip,BLR,DEL,2026-08-20,15,4560.54,1286.3,5846.84,2026-08-05 08:27:00,SIMULATED_BACKTEST
209,EaseMyTrip,BLR,DEL,2026-09-04,30,3995.05,1126.81,5121.86,2026-08-05 08:27:00,SIMULATED_BACKTEST
210,EaseMyTrip,BLR,DEL,2026-09-19,45,3573.86,1008.01,4581.87,2026-08-05 08:27:00,SIMULATED_BACKTEST
211,EaseMyTrip,BLR,BOM,2026-08-06,1,4137.59,1167.01,5304.6,2026-08-05 08:27:00,SIMULATED_BACKTEST
212,EaseMyTrip,BLR,BOM,2026-08-12,7,3255.93,918.34,4174.27,2026-08-05 08:27:00,SIMULATED_BACKTEST
213,EaseMyTrip,BLR,BOM,2026-08-20,15,2801.29,790.11,3591.4,2026-08-05 08:27:00,SIMULATED_BACKTEST
214,EaseMyTrip,BLR,BOM,2026-09-04,30,2446.2,689.95,3136.15,2026-08-05 08:27:00,SIMULATED_BACKTEST
215,EaseMyTrip,BLR,BOM,2026-09-19,45,2178.79,614.53,2793.32,2026-08-05 08:27:00,SIMULATED_BACKTEST
216,EaseMyTrip,DEL,HYD,2026-08-06,1,4945.79,1394.97,6340.76,2026-08-05 08:27:00,SIMULATED_BACKTEST
217,EaseMyTrip,DEL,HYD,2026-08-12,7,3949.27,1113.9,5063.17,2026-08-05 08:27:00,SIMULATED_BACKTEST
218,EaseMyTrip,DEL,HYD,2026-08-20,15,3364.02,948.82,4312.84,2026-08-05 08:27:00,SIMULATED_BACKTEST
219,EaseMyTrip,DEL,HYD,2026-09-04,30,2880.24,812.38,3692.62,2026-08-05 08:27:00,SIMULATED_BACKTEST
220,EaseMyTrip,DEL,HYD,2026-09-19,45,2664.07,751.4,3415.47,2026-08-05 08:27:00,SIMULATED_BACKTEST
221,EaseMyTrip,DEL,PNQ,2026-08-06,1,4673.54,1318.18,5991.72,2026-08-05 08:27:00,SIMULATED_BACKTEST
222,EaseMyTrip,DEL,PNQ,2026-08-12,7,3740.95,1055.14,4796.09,2026-08-05 08:27:00,SIMULATED_BACKTEST
223,EaseMyTrip,DEL,PNQ,2026-08-20,15,3099.31,874.17,3973.48,2026-08-05 08:27:00,SIMULATED_BACKTEST
224,EaseMyTrip,DEL,PNQ,2026-09-04,30,2735.26,771.48,3506.74,2026-08-05 08:27:00,SIMULATED_BACKTEST
225,EaseMyTrip,DEL,PNQ,2026-09-19,45,2456.67,692.91,3149.58,2026-08-05 08:27:00,SIMULATED_BACKTEST
226,EaseMyTrip,DEL,CCU,2026-08-06,1,6065.31,1710.73,7776.04,2026-08-05 08:27:00,SIMULATED_BACKTEST
227,EaseMyTrip,DEL,CCU,2026-08-12,7,4729.48,1333.96,6063.44,2026-08-05 08:27:00,SIMULATED_BACKTEST
228,EaseMyTrip,DEL,CCU,2026-08-20,15,3983.74,1123.62,5107.36,2026-08-05 08:27:00,SIMULATED_BACKTEST
229,EaseMyTrip,DEL,CCU,2026-09-04,30,3485.54,983.1,4468.64,2026-08-05 08:27:00,SIMULATED_BACKTEST
230,EaseMyTrip,DEL,CCU,2026-09-19,45,3169.52,893.97,4063.49,2026-08-05 08:27:00,SIMULATED_BACKTEST
231,EaseMyTrip,AMD,DEL,2026-08-06,1,4565.34,1287.66,5853.0,2026-08-05 08:27:00,SIMULATED_BACKTEST
232,EaseMyTrip,AMD,DEL,2026-08-12,7,3522.17,993.43,4515.6,2026-08-05 08:27:00,SIMULATED_BACKTEST
233,EaseMyTrip,AMD,DEL,2026-08-20,15,3031.08,854.92,3886.0,2026-08-05 08:27:00,SIMULATED_BACKTEST
234,EaseMyTrip,AMD,DEL,2026-09-04,30,2693.81,759.79,3453.6,2026-08-05 08:27:00,SIMULATED_BACKTEST
235,EaseMyTrip,AMD,DEL,2026-09-19,45,2364.18,666.82,3031.0,2026-08-05 08:27:00,SIMULATED_BACKTEST
236,EaseMyTrip,MAA,DEL,2026-08-06,1,6509.72,1836.08,8345.8,2026-08-05 08:27:00,SIMULATED_BACKTEST
237,EaseMyTrip,MAA,DEL,2026-08-12,7,5086.4,1434.62,6521.02,2026-08-05 08:27:00,SIMULATED_BACKTEST
238,EaseMyTrip,MAA,DEL,2026-08-20,15,4284.7,1208.5,5493.2,2026-08-05 08:27:00,SIMULATED_BACKTEST
239,EaseMyTrip,MAA,DEL,2026-09-04,30,3785.85,1067.81,4853.66,2026-08-05 08:27:00,SIMULATED_BACKTEST
240,EaseMyTrip,MAA,DEL,2026-09-19,45,3463.95,977.01,4440.96,2026-08-05 08:27:00,SIMULATED_BACKTEST
241,EaseMyTrip,HYD,BOM,2026-08-06,1,4355.68,1228.52,5584.2,2026-08-05 08:27:00,SIMULATED_BACKTEST
242,EaseMyTrip,HYD,BOM,2026-08-12,7,3442.78,971.04,4413.82,2026-08-05 08:27:00,SIMULATED_BACKTEST
243,EaseMyTrip,HYD,BOM,2026-08-20,15,2934.98,827.82,3762.8,2026-08-05 08:27:00,SIMULATED_BACKTEST
244,EaseMyTrip,HYD,BOM,2026-09-04,30,2538.73,716.05,3254.78,2026-08-05 08:27:00,SIMULATED_BACKTEST
245,EaseMyTrip,HYD,BOM,2026-09-19,45,2302.12,649.32,2951.44,2026-08-05 08:27:00,SIMULATED_BACKTEST
246,EaseMyTrip,BLR,CCU,2026-08-06,1,6213.98,1752.66,7966.64,2026-08-05 08:27:00,SIMULATED_BACKTEST
247,EaseMyTrip,BLR,CCU,2026-08-12,7,4897.62,1381.38,6279.0,2026-08-05 08:27:00,SIMULATED_BACKTEST
248,EaseMyTrip,BLR,CCU,2026-08-20,15,4136.15,1166.61,5302.76,2026-08-05 08:27:00,SIMULATED_BACKTEST
249,EaseMyTrip,BLR,CCU,2026-09-04,30,3641.25,1027.02,4668.27,2026-08-05 08:27:00,SIMULATED_BACKTEST
250,EaseMyTrip,BLR,CCU,2026-09-19,45,3309.24,933.37,4242.61,2026-08-05 08:27:00,SIMULATED_BACKTEST
251,EaseMyTrip,DEL,BOM,2026-08-07,1,5886.66,1660.34,7547.0,2026-08-06 09:30:00,SIMULATED_BACKTEST
252,EaseMyTrip,DEL,BOM,2026-08-13,7,4635.48,1307.44,5942.92,2026-08-06 09:30:00,SIMULATED_BACKTEST
253,EaseMyTrip,DEL,BOM,2026-08-21,15,3885.96,1096.04,4982.0,2026-08-06 09:30:00,SIMULATED_BACKTEST
254,EaseMyTrip,DEL,BOM,2026-09-05,30,3418.52,964.2,4382.72,2026-08-06 09:30:00,SIMULATED_BACKTEST
255,EaseMyTrip,DEL,BOM,2026-09-20,45,3152.92,889.28,4042.2,2026-08-06 09:30:00,SIMULATED_BACKTEST
256,EaseMyTrip,BLR,DEL,2026-08-07,1,6890.68,1943.52,8834.2,2026-08-06 09:30:00,SIMULATED_BACKTEST
257,EaseMyTrip,BLR,DEL,2026-08-13,7,5377.99,1516.87,6894.86,2026-08-06 09:30:00,SIMULATED_BACKTEST
258,EaseMyTrip,BLR,DEL,2026-08-21,15,4568.3,1288.5,5856.8,2026-08-06 09:30:00,SIMULATED_BACKTEST
259,EaseMyTrip,BLR,DEL,2026-09-05,30,3961.95,1117.47,5079.42,2026-08-06 09:30:00,SIMULATED_BACKTEST
260,EaseMyTrip,BLR,DEL,2026-09-20,45,3700.98,1043.86,4744.84,2026-08-06 09:30:00,SIMULATED_BACKTEST
261,EaseMyTrip,BLR,BOM,2026-08-07,1,4210.44,1187.56,5398.0,2026-08-06 09:30:00,SIMULATED_BACKTEST
262,EaseMyTrip,BLR,BOM,2026-08-13,7,3338.28,941.56,4279.84,2026-08-06 09:30:00,SIMULATED_BACKTEST
263,EaseMyTrip,BLR,BOM,2026-08-21,15,2791.62,787.38,3579.0,2026-08-06 09:30:00,SIMULATED_BACKTEST
264,EaseMyTrip,BLR,BOM,2026-09-05,30,2486.98,701.46,3188.44,2026-08-06 09:30:00,SIMULATED_BACKTEST
265,EaseMyTrip,BLR,BOM,2026-09-20,45,2289.61,645.79,2935.4,2026-08-06 09:30:00,SIMULATED_BACKTEST
266,EaseMyTrip,DEL,HYD,2026-08-07,1,5060.8,1427.4,6488.2,2026-08-06 09:30:00,SIMULATED_BACKTEST
267,EaseMyTrip,DEL,HYD,2026-08-13,7,3953.09,1114.97,5068.06,2026-08-06 09:30:00,SIMULATED_BACKTEST
268,EaseMyTrip,DEL,HYD,2026-08-21,15,3344.48,943.32,4287.8,2026-08-06 09:30:00,SIMULATED_BACKTEST
269,EaseMyTrip,DEL,HYD,2026-09-05,30,2937.96,828.66,3766.62,2026-08-06 09:30:00,SIMULATED_BACKTEST
270,EaseMyTrip,DEL,HYD,2026-09-20,45,2720.52,767.32,3487.84,2026-08-06 09:30:00,SIMULATED_BACKTEST
271,EaseMyTrip,DEL,PNQ,2026-08-07,1,4708.39,1328.01,6036.4,2026-08-06 09:30:00,SIMULATED_BACKTEST
272,EaseMyTrip,DEL,PNQ,2026-08-13,7,3774.27,1064.54,4838.81,2026-08-06 09:30:00,SIMULATED_BACKTEST
273,EaseMyTrip,DEL,PNQ,2026-08-21,15,3113.45,878.15,3991.6,2026-08-06 09:30:00,SIMULATED_BACKTEST
274,EaseMyTrip,DEL,PNQ,2026-09-05,30,2793.28,787.85,3581.13,2026-08-06 09:30:00,SIMULATED_BACKTEST
275,EaseMyTrip,DEL,PNQ,2026-09-20,45,2511.97,708.51,3220.48,2026-08-06 09:30:00,SIMULATED_BACKTEST
276,EaseMyTrip,DEL,CCU,2026-08-07,1,6053.42,1707.38,7760.8,2026-08-06 09:30:00,SIMULATED_BACKTEST
277,EaseMyTrip,DEL,CCU,2026-08-13,7,4755.24,1341.22,6096.46,2026-08-06 09:30:00,SIMULATED_BACKTEST
278,EaseMyTrip,DEL,CCU,2026-08-21,15,4065.52,1146.68,5212.2,2026-08-06 09:30:00,SIMULATED_BACKTEST
279,EaseMyTrip,DEL,CCU,2026-09-05,30,3547.21,1000.49,4547.7,2026-08-06 09:30:00,SIMULATED_BACKTEST
280,EaseMyTrip,DEL,CCU,2026-09-20,45,3192.82,900.54,4093.36,2026-08-06 09:30:00,SIMULATED_BACKTEST
281,EaseMyTrip,AMD,DEL,2026-08-07,1,4576.26,1290.74,5867.0,2026-08-06 09:30:00,SIMULATED_BACKTEST
282,EaseMyTrip,AMD,DEL,2026-08-13,7,3602.04,1015.96,4618.0,2026-08-06 09:30:00,SIMULATED_BACKTEST
283,EaseMyTrip,AMD,DEL,2026-08-21,15,3079.44,868.56,3948.0,2026-08-06 09:30:00,SIMULATED_BACKTEST
284,EaseMyTrip,AMD,DEL,2026-09-05,30,2708.16,763.84,3472.0,2026-08-06 09:30:00,SIMULATED_BACKTEST
285,EaseMyTrip,AMD,DEL,2026-09-20,45,2449.98,691.02,3141.0,2026-08-06 09:30:00,SIMULATED_BACKTEST
286,EaseMyTrip,MAA,DEL,2026-08-07,1,6488.04,1829.96,8318.0,2026-08-06 09:30:00,SIMULATED_BACKTEST
287,EaseMyTrip,MAA,DEL,2026-08-13,7,5140.61,1449.91,6590.52,2026-08-06 09:30:00,SIMULATED_BACKTEST
288,EaseMyTrip,MAA,DEL,2026-08-21,15,4326.66,1220.34,5547.0,2026-08-06 09:30:00,SIMULATED_BACKTEST
289,EaseMyTrip,MAA,DEL,2026-09-05,30,3819.91,1077.41,4897.32,2026-08-06 09:30:00,SIMULATED_BACKTEST
290,EaseMyTrip,MAA,DEL,2026-09-20,45,3433.72,968.48,4402.2,2026-08-06 09:30:00,SIMULATED_BACKTEST
291,EaseMyTrip,HYD,BOM,2026-08-07,1,4450.68,1255.32,5706.0,2026-08-06 09:30:00,SIMULATED_BACKTEST
292,EaseMyTrip,HYD,BOM,2026-08-13,7,3507.88,989.4,4497.28,2026-08-06 09:30:00,SIMULATED_BACKTEST
293,EaseMyTrip,HYD,BOM,2026-08-21,15,2910.18,820.82,3731.0,2026-08-06 09:30:00,SIMULATED_BACKTEST
294,EaseMyTrip,HYD,BOM,2026-09-05,30,2585.29,729.19,3314.48,2026-08-06 09:30:00,SIMULATED_BACKTEST
295,EaseMyTrip,HYD,BOM,2026-09-20,45,2409.26,679.54,3088.8,2026-08-06 09:30:00,SIMULATED_BACKTEST
296,EaseMyTrip,BLR,CCU,2026-08-07,1,6306.92,1778.88,8085.8,2026-08-06 09:30:00,SIMULATED_BACKTEST
297,EaseMyTrip,BLR,CCU,2026-08-13,7,4997.38,1409.52,6406.9,2026-08-06 09:30:00,SIMULATED_BACKTEST
298,EaseMyTrip,BLR,CCU,2026-08-21,15,4209.82,1187.38,5397.2,2026-08-06 09:30:00,SIMULATED_BACKTEST
299,EaseMyTrip,BLR,CCU,2026-09-05,30,3655.66,1031.08,4686.74,2026-08-06 09:30:00,SIMULATED_BACKTEST
300,EaseMyTrip,BLR,CCU,2026-09-20,45,3356.93,946.83,4303.76,2026-08-06 09:30:00,SIMULATED_BACKTEST
301,EaseMyTrip,DEL,BOM,2026-08-08,1,5951.56,1678.64,7630.2,2026-08-07 10:33:00,SIMULATED_BACKTEST
302,EaseMyTrip,DEL,BOM,2026-08-14,7,4678.99,1319.71,5998.7,2026-08-07 10:33:00,SIMULATED_BACKTEST
303,EaseMyTrip,DEL,BOM,2026-08-22,15,3964.58,1118.22,5082.8,2026-08-07 10:33:00,SIMULATED_BACKTEST
304,EaseMyTrip,DEL,BOM,2026-09-06,30,3442.81,971.05,4413.86,2026-08-07 10:33:00,SIMULATED_BACKTEST
305,EaseMyTrip,DEL,BOM,2026-09-21,45,3211.45,905.79,4117.24,2026-08-07 10:33:00,SIMULATED_BACKTEST
306,EaseMyTrip,BLR,DEL,2026-08-08,1,6915.2,1950.44,8865.64,2026-08-07 10:33:00,SIMULATED_BACKTEST
307,EaseMyTrip,BLR,DEL,2026-08-14,7,5406.12,1524.8,6930.92,2026-08-07 10:33:00,SIMULATED_BACKTEST
308,EaseMyTrip,BLR,DEL,2026-08-22,15,4635.35,1307.41,5942.76,2026-08-07 10:33:00,SIMULATED_BACKTEST
309,EaseMyTrip,BLR,DEL,2026-09-06,30,4059.89,1145.1,5204.99,2026-08-07 10:33:00,SIMULATED_BACKTEST
310,EaseMyTrip,BLR,DEL,2026-09-21,45,3723.57,1050.24,4773.81,2026-08-07 10:33:00,SIMULATED_BACKTEST
311,EaseMyTrip,BLR,BOM,2026-08-08,1,4259.89,1201.51,5461.4,2026-08-07 10:33:00,SIMULATED_BACKTEST
312,EaseMyTrip,BLR,BOM,2026-08-14,7,3311.42,933.99,4245.41,2026-08-07 10:33:00,SIMULATED_BACKTEST
313,EaseMyTrip,BLR,BOM,2026-08-22,15,2792.87,787.73,3580.6,2026-08-07 10:33:00,SIMULATED_BACKTEST
314,EaseMyTrip,BLR,BOM,2026-09-06,30,2445.87,689.86,3135.73,2026-08-07 10:33:00,SIMULATED_BACKTEST
315,EaseMyTrip,BLR,BOM,2026-09-21,45,2304.49,649.99,2954.48,2026-08-07 10:33:00,SIMULATED_BACKTEST
316,EaseMyTrip,DEL,HYD,2026-08-08,1,5098.58,1438.06,6536.64,2026-08-07 10:33:00,SIMULATED_BACKTEST
317,EaseMyTrip,DEL,HYD,2026-08-14,7,3938.97,1110.99,5049.96,2026-08-07 10:33:00,SIMULATED_BACKTEST
318,EaseMyTrip,DEL,HYD,2026-08-22,15,3415.43,963.33,4378.76,2026-08-07 10:33:00,SIMULATED_BACKTEST
319,EaseMyTrip,DEL,HYD,2026-09-06,30,2957.47,834.16,3791.63,2026-08-07 10:33:00,SIMULATED_BACKTEST
320,EaseMyTrip,DEL,HYD,2026-09-21,45,2712.22,764.99,3477.21,2026-08-07 10:33:00,SIMULATED_BACKTEST
321,EaseMyTrip,DEL,PNQ,2026-08-08,1,4717.5,1330.58,6048.08,2026-08-07 10:33:00,SIMULATED_BACKTEST
322,EaseMyTrip,DEL,PNQ,2026-08-14,7,3799.01,1071.52,4870.53,2026-08-07 10:33:00,SIMULATED_BACKTEST
323,EaseMyTrip,DEL,PNQ,2026-08-22,15,3195.44,901.28,4096.72,2026-08-07 10:33:00,SIMULATED_BACKTEST
324,EaseMyTrip,DEL,PNQ,2026-09-06,30,2753.02,776.49,3529.51,2026-08-07 10:33:00,SIMULATED_BACKTEST
325,EaseMyTrip,DEL,PNQ,2026-09-21,45,2539.98,716.4,3256.38,2026-08-07 10:33:00,SIMULATED_BACKTEST
326,EaseMyTrip,DEL,CCU,2026-08-08,1,6094.58,1718.98,7813.56,2026-08-07 10:33:00,SIMULATED_BACKTEST
327,EaseMyTrip,DEL,CCU,2026-08-14,7,4848.07,1367.4,6215.47,2026-08-07 10:33:00,SIMULATED_BACKTEST
328,EaseMyTrip,DEL,CCU,2026-08-22,15,4077.09,1149.95,5227.04,2026-08-07 10:33:00,SIMULATED_BACKTEST
329,EaseMyTrip,DEL,CCU,2026-09-06,30,3529.31,995.45,4524.76,2026-08-07 10:33:00,SIMULATED_BACKTEST
330,EaseMyTrip,DEL,CCU,2026-09-21,45,3203.64,903.59,4107.23,2026-08-07 10:33:00,SIMULATED_BACKTEST
331,EaseMyTrip,AMD,DEL,2026-08-08,1,4604.34,1298.66,5903.0,2026-08-07 10:33:00,SIMULATED_BACKTEST
332,EaseMyTrip,AMD,DEL,2026-08-14,7,3614.05,1019.35,4633.4,2026-08-07 10:33:00,SIMULATED_BACKTEST
333,EaseMyTrip,AMD,DEL,2026-08-22,15,3044.34,858.66,3903.0,2026-08-07 10:33:00,SIMULATED_BACKTEST
334,EaseMyTrip,AMD,DEL,2026-09-06,30,2646.07,746.33,3392.4,2026-08-07 10:33:00,SIMULATED_BACKTEST
335,EaseMyTrip,AMD,DEL,2026-09-21,45,2496.0,704.0,3200.0,2026-08-07 10:33:00,SIMULATED_BACKTEST
336,EaseMyTrip,MAA,DEL,2026-08-08,1,6565.42,1851.78,8417.2,2026-08-07 10:33:00,SIMULATED_BACKTEST
337,EaseMyTrip,MAA,DEL,2026-08-14,7,5173.76,1459.26,6633.02,2026-08-07 10:33:00,SIMULATED_BACKTEST
338,EaseMyTrip,MAA,DEL,2026-08-22,15,4426.34,1248.46,5674.8,2026-08-07 10:33:00,SIMULATED_BACKTEST
339,EaseMyTrip,MAA,DEL,2026-09-06,30,3878.92,1094.06,4972.98,2026-08-07 10:33:00,SIMULATED_BACKTEST
340,EaseMyTrip,MAA,DEL,2026-09-21,45,3473.68,979.76,4453.44,2026-08-07 10:33:00,SIMULATED_BACKTEST
341,EaseMyTrip,HYD,BOM,2026-08-08,1,4486.4,1265.4,5751.8,2026-08-07 10:33:00,SIMULATED_BACKTEST
342,EaseMyTrip,HYD,BOM,2026-08-14,7,3480.16,981.58,4461.74,2026-08-07 10:33:00,SIMULATED_BACKTEST
343,EaseMyTrip,HYD,BOM,2026-08-22,15,2937.64,828.56,3766.2,2026-08-07 10:33:00,SIMULATED_BACKTEST
344,EaseMyTrip,HYD,BOM,2026-09-06,30,2610.02,736.16,3346.18,2026-08-07 10:33:00,SIMULATED_BACKTEST
345,EaseMyTrip,HYD,BOM,2026-09-21,45,2399.4,676.76,3076.16,2026-08-07 10:33:00,SIMULATED_BACKTEST
346,EaseMyTrip,BLR,CCU,2026-08-08,1,6392.85,1803.11,8195.96,2026-08-07 10:33:00,SIMULATED_BACKTEST
347,EaseMyTrip,BLR,CCU,2026-08-14,7,4977.8,1404.0,6381.8,2026-08-07 10:33:00,SIMULATED_BACKTEST
348,EaseMyTrip,BLR,CCU,2026-08-22,15,4284.26,1208.38,5492.64,2026-08-07 10:33:00,SIMULATED_BACKTEST
349,EaseMyTrip,BLR,CCU,2026-09-06,30,3731.68,1052.52,4784.2,2026-08-07 10:33:00,SIMULATED_BACKTEST
350,EaseMyTrip,BLR,CCU,2026-09-21,45,3343.01,942.9,4285.91,2026-08-07 10:33:00,SIMULATED_BACKTEST
351,EaseMyTrip,DEL,BOM,2026-08-09,1,6169.02,1739.98,7909.0,2026-08-08 11:36:00,SIMULATED_BACKTEST
352,EaseMyTrip,DEL,BOM,2026-08-15,7,4835.1,1363.74,6198.84,2026-08-08 11:36:00,SIMULATED_BACKTEST
353,EaseMyTrip,DEL,BOM,2026-08-23,15,4124.64,1163.36,5288.0,2026-08-08 11:36:00,SIMULATED_BACKTEST
354,EaseMyTrip,DEL,BOM,2026-09-07,30,3571.18,1007.26,4578.44,2026-08-08 11:36:00,SIMULATED_BACKTEST
355,EaseMyTrip,DEL,BOM,2026-09-22,45,3316.09,935.31,4251.4,2026-08-08 11:36:00,SIMULATED_BACKTEST
356,EaseMyTrip,BLR,DEL,2026-08-09,1,7071.01,1994.39,9065.4,2026-08-08 11:36:00,SIMULATED_BACKTEST
357,EaseMyTrip,BLR,DEL,2026-08-15,7,5550.58,1565.55,7116.13,2026-08-08 11:36:00,SIMULATED_BACKTEST
358,EaseMyTrip,BLR,DEL,2026-08-23,15,4768.61,1344.99,6113.6,2026-08-08 11:36:00,SIMULATED_BACKTEST
359,EaseMyTrip,BLR,DEL,2026-09-07,30,4216.88,1189.37,5406.25,2026-08-08 11:36:00,SIMULATED_BACKTEST
360,EaseMyTrip,BLR,DEL,2026-09-22,45,3767.15,1062.53,4829.68,2026-08-08 11:36:00,SIMULATED_BACKTEST
361,EaseMyTrip,BLR,BOM,2026-08-09,1,4392.18,1238.82,5631.0,2026-08-08 11:36:00,SIMULATED_BACKTEST
362,EaseMyTrip,BLR,BOM,2026-08-15,7,3418.49,964.19,4382.68,2026-08-08 11:36:00,SIMULATED_BACKTEST
363,EaseMyTrip,BLR,BOM,2026-08-23,15,2896.92,817.08,3714.0,2026-08-08 11:36:00,SIMULATED_BACKTEST
364,EaseMyTrip,BLR,BOM,2026-09-07,30,2598.87,733.01,3331.88,2026-08-08 11:36:00,SIMULATED_BACKTEST
365,EaseMyTrip,BLR,BOM,2026-09-22,45,2291.48,646.32,2937.8,2026-08-08 11:36:00,SIMULATED_BACKTEST
366,EaseMyTrip,DEL,HYD,2026-08-09,1,5252.05,1481.35,6733.4,2026-08-08 11:36:00,SIMULATED_BACKTEST
367,EaseMyTrip,DEL,HYD,2026-08-15,7,4041.59,1139.94,5181.53,2026-08-08 11:36:00,SIMULATED_BACKTEST
368,EaseMyTrip,DEL,HYD,2026-08-23,15,3522.17,993.43,4515.6,2026-08-08 11:36:00,SIMULATED_BACKTEST
369,EaseMyTrip,DEL,HYD,2026-09-07,30,3102.57,875.08,3977.65,2026-08-08 11:36:00,SIMULATED_BACKTEST
370,EaseMyTrip,DEL,HYD,2026-09-22,45,2734.43,771.25,3505.68,2026-08-08 11:36:00,SIMULATED_BACKTEST
371,EaseMyTrip,DEL,PNQ,2026-08-09,1,4874.84,1374.96,6249.8,2026-08-08 11:36:00,SIMULATED_BACKTEST
372,EaseMyTrip,DEL,PNQ,2026-08-15,7,3915.93,1104.49,5020.42,2026-08-08 11:36:00,SIMULATED_BACKTEST
373,EaseMyTrip,DEL,PNQ,2026-08-23,15,3317.5,935.7,4253.2,2026-08-08 11:36:00,SIMULATED_BACKTEST
374,EaseMyTrip,DEL,PNQ,2026-09-07,30,2918.81,823.25,3742.06,2026-08-08 11:36:00,SIMULATED_BACKTEST
375,EaseMyTrip,DEL,PNQ,2026-09-22,45,2616.09,737.87,3353.96,2026-08-08 11:36:00,SIMULATED_BACKTEST
376,EaseMyTrip,DEL,CCU,2026-08-09,1,6252.17,1763.43,8015.6,2026-08-08 11:36:00,SIMULATED_BACKTEST
377,EaseMyTrip,DEL,CCU,2026-08-15,7,4912.06,1385.45,6297.51,2026-08-08 11:36:00,SIMULATED_BACKTEST
378,EaseMyTrip,DEL,CCU,2026-08-23,15,4246.63,1197.77,5444.4,2026-08-08 11:36:00,SIMULATED_BACKTEST
379,EaseMyTrip,DEL,CCU,2026-09-07,30,3680.03,1037.96,4717.99,2026-08-08 11:36:00,SIMULATED_BACKTEST
380,EaseMyTrip,DEL,CCU,2026-09-22,45,3388.1,955.62,4343.72,2026-08-08 11:36:00,SIMULATED_BACKTEST
381,EaseMyTrip,AMD,DEL,2026-08-09,1,4765.02,1343.98,6109.0,2026-08-08 11:36:00,SIMULATED_BACKTEST
382,EaseMyTrip,AMD,DEL,2026-08-15,7,3754.14,1058.86,4813.0,2026-08-08 11:36:00,SIMULATED_BACKTEST
383,EaseMyTrip,AMD,DEL,2026-08-23,15,3127.8,882.2,4010.0,2026-08-08 11:36:00,SIMULATED_BACKTEST
384,EaseMyTrip,AMD,DEL,2026-09-07,30,2770.56,781.44,3552.0,2026-08-08 11:36:00,SIMULATED_BACKTEST
385,EaseMyTrip,AMD,DEL,2026-09-22,45,2573.22,725.78,3299.0,2026-08-08 11:36:00,SIMULATED_BACKTEST
386,EaseMyTrip,MAA,DEL,2026-08-09,1,6770.4,1909.6,8680.0,2026-08-08 11:36:00,SIMULATED_BACKTEST
387,EaseMyTrip,MAA,DEL,2026-08-15,7,5294.67,1493.37,6788.04,2026-08-08 11:36:00,SIMULATED_BACKTEST
388,EaseMyTrip,MAA,DEL,2026-08-23,15,4559.88,1286.12,5846.0,2026-08-08 11:36:00,SIMULATED_BACKTEST
389,EaseMyTrip,MAA,DEL,2026-09-07,30,3947.3,1113.34,5060.64,2026-08-08 11:36:00,SIMULATED_BACKTEST
390,EaseMyTrip,MAA,DEL,2026-09-22,45,3590.65,1012.75,4603.4,2026-08-08 11:36:00,SIMULATED_BACKTEST
391,EaseMyTrip,HYD,BOM,2026-08-09,1,4636.32,1307.68,5944.0,2026-08-08 11:36:00,SIMULATED_BACKTEST
392,EaseMyTrip,HYD,BOM,2026-08-15,7,3597.8,1014.76,4612.56,2026-08-08 11:36:00,SIMULATED_BACKTEST
393,EaseMyTrip,HYD,BOM,2026-08-23,15,3120.78,880.22,4001.0,2026-08-08 11:36:00,SIMULATED_BACKTEST
394,EaseMyTrip,HYD,BOM,2026-09-07,30,2671.47,753.49,3424.96,2026-08-08 11:36:00,SIMULATED_BACKTEST
395,EaseMyTrip,HYD,BOM,2026-09-22,45,2428.61,684.99,3113.6,2026-08-08 11:36:00,SIMULATED_BACKTEST
396,EaseMyTrip,BLR,CCU,2026-08-09,1,6511.13,1836.47,8347.6,2026-08-08 11:36:00,SIMULATED_BACKTEST
397,EaseMyTrip,BLR,CCU,2026-08-15,7,5166.24,1457.15,6623.39,2026-08-08 11:36:00,SIMULATED_BACKTEST
398,EaseMyTrip,BLR,CCU,2026-08-23,15,4310.59,1215.81,5526.4,2026-08-08 11:36:00,SIMULATED_BACKTEST
399,EaseMyTrip,BLR,CCU,2026-09-07,30,3880.55,1094.52,4975.07,2026-08-08 11:36:00,SIMULATED_BACKTEST
400,EaseMyTrip,BLR,CCU,2026-09-22,45,3538.49,998.03,4536.52,2026-08-08 11:36:00,SIMULATED_BACKTEST
401,EaseMyTrip,DEL,BOM,2026-08-10,1,6294.99,1775.51,8070.5,2026-08-09 08:39:00,SIMULATED_BACKTEST
402,EaseMyTrip,DEL,BOM,2026-08-16,7,4914.23,1386.07,6300.3,2026-08-09 08:39:00,SIMULATED_BACKTEST
403,EaseMyTrip,DEL,BOM,2026-08-24,15,4132.44,1165.56,5298.0,2026-08-09 08:39:00,SIMULATED_BACKTEST
404,EaseMyTrip,DEL,BOM,2026-09-08,30,3651.02,1029.78,4680.8,2026-08-09 08:39:00,SIMULATED_BACKTEST
405,EaseMyTrip,DEL,BOM,2026-09-23,45,3342.3,942.7,4285.0,2026-08-09 08:39:00,SIMULATED_BACKTEST
406,EaseMyTrip,BLR,DEL,2026-08-10,1,7193.16,2028.84,9222.0,2026-08-09 08:39:00,SIMULATED_BACKTEST
407,EaseMyTrip,BLR,DEL,2026-08-16,7,5647.79,1592.97,7240.76,2026-08-09 08:39:00,SIMULATED_BACKTEST
408,EaseMyTrip,BLR,DEL,2026-08-24,15,4792.32,1351.68,6144.0,2026-08-09 08:39:00,SIMULATED_BACKTEST
409,EaseMyTrip,BLR,DEL,2026-09-08,30,4290.9,1210.26,5501.16,2026-08-09 08:39:00,SIMULATED_BACKTEST
410,EaseMyTrip,BLR,DEL,2026-09-23,45,3838.07,1082.53,4920.6,2026-08-09 08:39:00,SIMULATED_BACKTEST
411,EaseMyTrip,BLR,BOM,2026-08-10,1,4397.25,1240.25,5637.5,2026-08-09 08:39:00,SIMULATED_BACKTEST
412,EaseMyTrip,BLR,BOM,2026-08-16,7,3464.84,977.26,4442.1,2026-08-09 08:39:00,SIMULATED_BACKTEST
413,EaseMyTrip,BLR,BOM,2026-08-24,15,2999.1,845.9,3845.0,2026-08-09 08:39:00,SIMULATED_BACKTEST
414,EaseMyTrip,BLR,BOM,2026-09-08,30,2645.45,746.15,3391.6,2026-08-09 08:39:00,SIMULATED_BACKTEST
415,EaseMyTrip,BLR,BOM,2026-09-23,45,2335.32,658.68,2994.0,2026-08-09 08:39:00,SIMULATED_BACKTEST
416,EaseMyTrip,DEL,HYD,2026-08-10,1,5294.64,1493.36,6788.0,2026-08-09 08:39:00,SIMULATED_BACKTEST
417,EaseMyTrip,DEL,HYD,2026-08-16,7,4182.17,1179.59,5361.76,2026-08-09 08:39:00,SIMULATED_BACKTEST
418,EaseMyTrip,DEL,HYD,2026-08-24,15,3480.36,981.64,4462.0,2026-08-09 08:39:00,SIMULATED_BACKTEST
419,EaseMyTrip,DEL,HYD,2026-09-08,30,3099.06,874.1,3973.16,2026-08-09 08:39:00,SIMULATED_BACKTEST
420,EaseMyTrip,DEL,HYD,2026-09-23,45,2838.11,800.49,3638.6,2026-08-09 08:39:00,SIMULATED_BACKTEST
421,EaseMyTrip,DEL,PNQ,2026-08-10,1,5021.25,1416.25,6437.5,2026-08-09 08:39:00,SIMULATED_BACKTEST
422,EaseMyTrip,DEL,PNQ,2026-08-16,7,3927.47,1107.75,5035.22,2026-08-09 08:39:00,SIMULATED_BACKTEST
423,EaseMyTrip,DEL,PNQ,2026-08-24,15,3328.26,938.74,4267.0,2026-08-09 08:39:00,SIMULATED_BACKTEST
424,EaseMyTrip,DEL,PNQ,2026-09-08,30,2926.19,825.33,3751.52,2026-08-09 08:39:00,SIMULATED_BACKTEST
425,EaseMyTrip,DEL,PNQ,2026-09-23,45,2709.88,764.32,3474.2,2026-08-09 08:39:00,SIMULATED_BACKTEST
426,EaseMyTrip,DEL,CCU,2026-08-10,1,6421.74,1811.26,8233.0,2026-08-09 08:39:00,SIMULATED_BACKTEST
427,EaseMyTrip,DEL,CCU,2026-08-16,7,5042.73,1422.31,6465.04,2026-08-09 08:39:00,SIMULATED_BACKTEST
428,EaseMyTrip,DEL,CCU,2026-08-24,15,4268.94,1204.06,5473.0,2026-08-09 08:39:00,SIMULATED_BACKTEST
429,EaseMyTrip,DEL,CCU,2026-09-08,30,3743.72,1055.92,4799.64,2026-08-09 08:39:00,SIMULATED_BACKTEST
430,EaseMyTrip,DEL,CCU,2026-09-23,45,3371.47,950.93,4322.4,2026-08-09 08:39:00,SIMULATED_BACKTEST
431,EaseMyTrip,AMD,DEL,2026-08-10,1,4818.45,1359.05,6177.5,2026-08-09 08:39:00,SIMULATED_BACKTEST
432,EaseMyTrip,AMD,DEL,2026-08-16,7,3751.41,1058.09,4809.5,2026-08-09 08:39:00,SIMULATED_BACKTEST
433,EaseMyTrip,AMD,DEL,2026-08-24,15,3181.62,897.38,4079.0,2026-08-09 08:39:00,SIMULATED_BACKTEST
434,EaseMyTrip,AMD,DEL,2026-09-08,30,2785.38,785.62,3571.0,2026-08-09 08:39:00,SIMULATED_BACKTEST
435,EaseMyTrip,AMD,DEL,2026-09-23,45,2566.98,724.02,3291.0,2026-08-09 08:39:00,SIMULATED_BACKTEST
436,EaseMyTrip,MAA,DEL,2026-08-10,1,6861.27,1935.23,8796.5,2026-08-09 08:39:00,SIMULATED_BACKTEST
437,EaseMyTrip,MAA,DEL,2026-08-16,7,5379.89,1517.41,6897.3,2026-08-09 08:39:00,SIMULATED_BACKTEST
438,EaseMyTrip,MAA,DEL,2026-08-24,15,4548.96,1283.04,5832.0,2026-08-09 08:39:00,SIMULATED_BACKTEST
439,EaseMyTrip,MAA,DEL,2026-09-08,30,4079.24,1150.56,5229.8,2026-08-09 08:39:00,SIMULATED_BACKTEST
440,EaseMyTrip,MAA,DEL,2026-09-23,45,3637.14,1025.86,4663.0,2026-08-09 08:39:00,SIMULATED_BACKTEST
441,EaseMyTrip,HYD,BOM,2026-08-10,1,4652.31,1312.19,5964.5,2026-08-09 08:39:00,SIMULATED_BACKTEST
442,EaseMyTrip,HYD,BOM,2026-08-16,7,3703.21,1044.49,4747.7,2026-08-09 08:39:00,SIMULATED_BACKTEST
443,EaseMyTrip,HYD,BOM,2026-08-24,15,3141.84,886.16,4028.0,2026-08-09 08:39:00,SIMULATED_BACKTEST
444,EaseMyTrip,HYD,BOM,2026-09-08,30,2754.34,776.86,3531.2,2026-08-09 08:39:00,SIMULATED_BACKTEST
445,EaseMyTrip,HYD,BOM,2026-09-23,45,2468.7,696.3,3165.0,2026-08-09 08:39:00,SIMULATED_BACKTEST
446,EaseMyTrip,BLR,CCU,2026-08-10,1,6686.94,1886.06,8573.0,2026-08-09 08:39:00,SIMULATED_BACKTEST
447,EaseMyTrip,BLR,CCU,2026-08-16,7,5264.72,1484.92,6749.64,2026-08-09 08:39:00,SIMULATED_BACKTEST
448,EaseMyTrip,BLR,CCU,2026-08-24,15,4399.98,1241.02,5641.0,2026-08-09 08:39:00,SIMULATED_BACKTEST
449,EaseMyTrip,BLR,CCU,2026-09-08,30,3938.41,1110.83,5049.24,2026-08-09 08:39:00,SIMULATED_BACKTEST
450,EaseMyTrip,BLR,CCU,2026-09-23,45,3532.15,996.25,4528.4,2026-08-09 08:39:00,SIMULATED_BACKTEST
451,EaseMyTrip,DEL,BOM,2026-08-11,1,6315.66,1781.34,8097.0,2026-08-10 09:42:00,SIMULATED_BACKTEST
452,EaseMyTrip,DEL,BOM,2026-08-17,7,5028.47,1418.29,6446.76,2026-08-10 09:42:00,SIMULATED_BACKTEST
453,EaseMyTrip,DEL,BOM,2026-08-25,15,4282.2,1207.8,5490.0,2026-08-10 09:42:00,SIMULATED_BACKTEST
454,EaseMyTrip,DEL,BOM,2026-09-09,30,3759.72,1060.44,4820.16,2026-08-10 09:42:00,SIMULATED_BACKTEST
455,EaseMyTrip,DEL,BOM,2026-09-24,45,3356.03,946.57,4302.6,2026-08-10 09:42:00,SIMULATED_BACKTEST
456,EaseMyTrip,BLR,DEL,2026-08-11,1,7417.49,2092.11,9509.6,2026-08-10 09:42:00,SIMULATED_BACKTEST
457,EaseMyTrip,BLR,DEL,2026-08-17,7,5773.86,1628.53,7402.39,2026-08-10 09:42:00,SIMULATED_BACKTEST
458,EaseMyTrip,BLR,DEL,2026-08-25,15,4925.23,1389.17,6314.4,2026-08-10 09:42:00,SIMULATED_BACKTEST
459,EaseMyTrip,BLR,DEL,2026-09-09,30,4347.77,1226.3,5574.07,2026-08-10 09:42:00,SIMULATED_BACKTEST
460,EaseMyTrip,BLR,DEL,2026-09-24,45,3977.63,1121.89,5099.52,2026-08-10 09:42:00,SIMULATED_BACKTEST
461,EaseMyTrip,BLR,BOM,2026-08-11,1,4544.28,1281.72,5826.0,2026-08-10 09:42:00,SIMULATED_BACKTEST
462,EaseMyTrip,BLR,BOM,2026-08-17,7,3606.35,1017.17,4623.52,2026-08-10 09:42:00,SIMULATED_BACKTEST
463,EaseMyTrip,BLR,BOM,2026-08-25,15,3047.46,859.54,3907.0,2026-08-10 09:42:00,SIMULATED_BACKTEST
464,EaseMyTrip,BLR,BOM,2026-09-09,30,2641.33,744.99,3386.32,2026-08-10 09:42:00,SIMULATED_BACKTEST
465,EaseMyTrip,BLR,BOM,2026-09-24,45,2361.22,665.98,3027.2,2026-08-10 09:42:00,SIMULATED_BACKTEST
466,EaseMyTrip,DEL,HYD,2026-08-11,1,5345.81,1507.79,6853.6,2026-08-10 09:42:00,SIMULATED_BACKTEST
467,EaseMyTrip,DEL,HYD,2026-08-17,7,4269.71,1204.28,5473.99,2026-08-10 09:42:00,SIMULATED_BACKTEST
468,EaseMyTrip,DEL,HYD,2026-08-25,15,3559.45,1003.95,4563.4,2026-08-10 09:42:00,SIMULATED_BACKTEST
469,EaseMyTrip,DEL,HYD,2026-09-09,30,3118.96,879.71,3998.67,2026-08-10 09:42:00,SIMULATED_BACKTEST
470,EaseMyTrip,DEL,HYD,2026-09-24,45,2839.61,800.91,3640.52,2026-08-10 09:42:00,SIMULATED_BACKTEST
471,EaseMyTrip,DEL,PNQ,2026-08-11,1,5073.28,1430.92,6504.2,2026-08-10 09:42:00,SIMULATED_BACKTEST
472,EaseMyTrip,DEL,PNQ,2026-08-17,7,4058.36,1144.66,5203.02,2026-08-10 09:42:00,SIMULATED_BACKTEST
473,EaseMyTrip,DEL,PNQ,2026-08-25,15,3347.6,944.2,4291.8,2026-08-10 09:42:00,SIMULATED_BACKTEST
474,EaseMyTrip,DEL,PNQ,2026-09-09,30,2997.52,845.46,3842.98,2026-08-10 09:42:00,SIMULATED_BACKTEST
475,EaseMyTrip,DEL,PNQ,2026-09-24,45,2763.88,779.56,3543.44,2026-08-10 09:42:00,SIMULATED_BACKTEST
476,EaseMyTrip,DEL,CCU,2026-08-11,1,6571.81,1853.59,8425.4,2026-08-10 09:42:00,SIMULATED_BACKTEST
477,EaseMyTrip,DEL,CCU,2026-08-17,7,5157.02,1454.55,6611.57,2026-08-10 09:42:00,SIMULATED_BACKTEST
478,EaseMyTrip,DEL,CCU,2026-08-25,15,4311.53,1216.07,5527.6,2026-08-10 09:42:00,SIMULATED_BACKTEST
479,EaseMyTrip,DEL,CCU,2026-09-09,30,3833.15,1081.14,4914.29,2026-08-10 09:42:00,SIMULATED_BACKTEST
480,EaseMyTrip,DEL,CCU,2026-09-24,45,3457.8,975.28,4433.08,2026-08-10 09:42:00,SIMULATED_BACKTEST
481,EaseMyTrip,AMD,DEL,2026-08-11,1,4871.1,1373.9,6245.0,2026-08-10 09:42:00,SIMULATED_BACKTEST
482,EaseMyTrip,AMD,DEL,2026-08-17,7,3903.12,1100.88,5004.0,2026-08-10 09:42:00,SIMULATED_BACKTEST
483,EaseMyTrip,AMD,DEL,2026-08-25,15,3325.92,938.08,4264.0,2026-08-10 09:42:00,SIMULATED_BACKTEST
484,EaseMyTrip,AMD,DEL,2026-09-09,30,2835.3,799.7,3635.0,2026-08-10 09:42:00,SIMULATED_BACKTEST
485,EaseMyTrip,AMD,DEL,2026-09-24,45,2595.84,732.16,3328.0,2026-08-10 09:42:00,SIMULATED_BACKTEST
486,EaseMyTrip,MAA,DEL,2026-08-11,1,7005.96,1976.04,8982.0,2026-08-10 09:42:00,SIMULATED_BACKTEST
487,EaseMyTrip,MAA,DEL,2026-08-17,7,5490.08,1548.48,7038.56,2026-08-10 09:42:00,SIMULATED_BACKTEST
488,EaseMyTrip,MAA,DEL,2026-08-25,15,4663.62,1315.38,5979.0,2026-08-10 09:42:00,SIMULATED_BACKTEST
489,EaseMyTrip,MAA,DEL,2026-09-09,30,4123.05,1162.91,5285.96,2026-08-10 09:42:00,SIMULATED_BACKTEST
490,EaseMyTrip,MAA,DEL,2026-09-24,45,3753.05,1058.55,4811.6,2026-08-10 09:42:00,SIMULATED_BACKTEST
491,EaseMyTrip,HYD,BOM,2026-08-11,1,4789.2,1350.8,6140.0,2026-08-10 09:42:00,SIMULATED_BACKTEST
492,EaseMyTrip,HYD,BOM,2026-08-17,7,3816.42,1076.42,4892.84,2026-08-10 09:42:00,SIMULATED_BACKTEST
493,EaseMyTrip,HYD,BOM,2026-08-25,15,3162.12,891.88,4054.0,2026-08-10 09:42:00,SIMULATED_BACKTEST
494,EaseMyTrip,HYD,BOM,2026-09-09,30,2859.04,806.4,3665.44,2026-08-10 09:42:00,SIMULATED_BACKTEST
495,EaseMyTrip,HYD,BOM,2026-09-24,45,2604.73,734.67,3339.4,2026-08-10 09:42:00,SIMULATED_BACKTEST
496,EaseMyTrip,BLR,CCU,2026-08-11,1,6839.35,1929.05,8768.4,2026-08-10 09:42:00,SIMULATED_BACKTEST
497,EaseMyTrip,BLR,CCU,2026-08-17,7,5373.33,1515.56,6888.89,2026-08-10 09:42:00,SIMULATED_BACKTEST
498,EaseMyTrip,BLR,CCU,2026-08-25,15,4558.79,1285.81,5844.6,2026-08-10 09:42:00,SIMULATED_BACKTEST
499,EaseMyTrip,BLR,CCU,2026-09-09,30,3929.96,1108.45,5038.41,2026-08-10 09:42:00,SIMULATED_BACKTEST
500,EaseMyTrip,BLR,CCU,2026-09-24,45,3620.98,1021.3,4642.28,2026-08-10 09:42:00,SIMULATED_BACKTEST
501,EaseMyTrip,DEL,BOM,2026-08-12,1,6433.05,1814.45,8247.5,2026-08-11 10:45:00,SIMULATED_BACKTEST
502,EaseMyTrip,DEL,BOM,2026-08-18,7,5113.85,1442.37,6556.22,2026-08-11 10:45:00,SIMULATED_BACKTEST
503,EaseMyTrip,DEL,BOM,2026-08-26,15,4360.98,1230.02,5591.0,2026-08-11 10:45:00,SIMULATED_BACKTEST
504,EaseMyTrip,DEL,BOM,2026-09-10,30,3837.23,1082.29,4919.52,2026-08-11 10:45:00,SIMULATED_BACKTEST
505,EaseMyTrip,DEL,BOM,2026-09-25,45,3490.66,984.54,4475.2,2026-08-11 10:45:00,SIMULATED_BACKTEST
506,EaseMyTrip,BLR,DEL,2026-08-12,1,7475.68,2108.52,9584.2,2026-08-11 10:45:00,SIMULATED_BACKTEST
507,EaseMyTrip,BLR,DEL,2026-08-18,7,5888.24,1660.78,7549.02,2026-08-11 10:45:00,SIMULATED_BACKTEST
508,EaseMyTrip,BLR,DEL,2026-08-26,15,4982.48,1405.32,6387.8,2026-08-11 10:45:00,SIMULATED_BACKTEST
509,EaseMyTrip,BLR,DEL,2026-09-10,30,4382.8,1236.18,5618.98,2026-08-11 10:45:00,SIMULATED_BACKTEST
510,EaseMyTrip,BLR,DEL,2026-09-25,45,4017.34,1133.1,5150.44,2026-08-11 10:45:00,SIMULATED_BACKTEST
511,EaseMyTrip,BLR,BOM,2026-08-12,1,4631.25,1306.25,5937.5,2026-08-11 10:45:00,SIMULATED_BACKTEST
512,EaseMyTrip,BLR,BOM,2026-08-18,7,3629.29,1023.65,4652.94,2026-08-11 10:45:00,SIMULATED_BACKTEST
513,EaseMyTrip,BLR,BOM,2026-08-26,15,3024.84,853.16,3878.0,2026-08-11 10:45:00,SIMULATED_BACKTEST
514,EaseMyTrip,BLR,BOM,2026-09-10,30,2723.01,768.03,3491.04,2026-08-11 10:45:00,SIMULATED_BACKTEST
515,EaseMyTrip,BLR,BOM,2026-09-25,45,2463.55,694.85,3158.4,2026-08-11 10:45:00,SIMULATED_BACKTEST
516,EaseMyTrip,DEL,HYD,2026-08-12,1,5482.78,1546.42,7029.2,2026-08-11 10:45:00,SIMULATED_BACKTEST
517,EaseMyTrip,DEL,HYD,2026-08-18,7,4368.95,1232.27,5601.22,2026-08-11 10:45:00,SIMULATED_BACKTEST
518,EaseMyTrip,DEL,HYD,2026-08-26,15,3613.58,1019.22,4632.8,2026-08-11 10:45:00,SIMULATED_BACKTEST
519,EaseMyTrip,DEL,HYD,2026-09-10,30,3169.28,893.9,4063.18,2026-08-11 10:45:00,SIMULATED_BACKTEST
520,EaseMyTrip,DEL,HYD,2026-09-25,45,2978.38,840.06,3818.44,2026-08-11 10:45:00,SIMULATED_BACKTEST
521,EaseMyTrip,DEL,PNQ,2026-08-12,1,5239.96,1477.94,6717.9,2026-08-11 10:45:00,SIMULATED_BACKTEST
522,EaseMyTrip,DEL,PNQ,2026-08-18,7,4112.81,1160.02,5272.83,2026-08-11 10:45:00,SIMULATED_BACKTEST
523,EaseMyTrip,DEL,PNQ,2026-08-26,15,3408.29,961.31,4369.6,2026-08-11 10:45:00,SIMULATED_BACKTEST
524,EaseMyTrip,DEL,PNQ,2026-09-10,30,3053.27,861.18,3914.45,2026-08-11 10:45:00,SIMULATED_BACKTEST
525,EaseMyTrip,DEL,PNQ,2026-09-25,45,2820.23,795.45,3615.68,2026-08-11 10:45:00,SIMULATED_BACKTEST
526,EaseMyTrip,DEL,CCU,2026-08-12,1,6635.3,1871.5,8506.8,2026-08-11 10:45:00,SIMULATED_BACKTEST
527,EaseMyTrip,DEL,CCU,2026-08-18,7,5254.94,1482.16,6737.1,2026-08-11 10:45:00,SIMULATED_BACKTEST
528,EaseMyTrip,DEL,CCU,2026-08-26,15,4448.5,1254.7,5703.2,2026-08-11 10:45:00,SIMULATED_BACKTEST
529,EaseMyTrip,DEL,CCU,2026-09-10,30,3887.47,1096.47,4983.94,2026-08-11 10:45:00,SIMULATED_BACKTEST
530,EaseMyTrip,DEL,CCU,2026-09-25,45,3572.99,1007.77,4580.76,2026-08-11 10:45:00,SIMULATED_BACKTEST
531,EaseMyTrip,AMD,DEL,2026-08-12,1,4979.91,1404.59,6384.5,2026-08-11 10:45:00,SIMULATED_BACKTEST
532,EaseMyTrip,AMD,DEL,2026-08-18,7,3939.39,1111.11,5050.5,2026-08-11 10:45:00,SIMULATED_BACKTEST
533,EaseMyTrip,AMD,DEL,2026-08-26,15,3318.9,936.1,4255.0,2026-08-11 10:45:00,SIMULATED_BACKTEST
534,EaseMyTrip,AMD,DEL,2026-09-10,30,2947.62,831.38,3779.0,2026-08-11 10:45:00,SIMULATED_BACKTEST
535,EaseMyTrip,AMD,DEL,2026-09-25,45,2614.56,737.44,3352.0,2026-08-11 10:45:00,SIMULATED_BACKTEST
536,EaseMyTrip,MAA,DEL,2026-08-12,1,7135.05,2012.45,9147.5,2026-08-11 10:45:00,SIMULATED_BACKTEST
537,EaseMyTrip,MAA,DEL,2026-08-18,7,5618.2,1584.62,7202.82,2026-08-11 10:45:00,SIMULATED_BACKTEST
538,EaseMyTrip,MAA,DEL,2026-08-26,15,4775.94,1347.06,6123.0,2026-08-11 10:45:00,SIMULATED_BACKTEST
539,EaseMyTrip,MAA,DEL,2026-09-10,30,4220.67,1190.45,5411.12,2026-08-11 10:45:00,SIMULATED_BACKTEST
540,EaseMyTrip,MAA,DEL,2026-09-25,45,3773.02,1064.18,4837.2,2026-08-11 10:45:00,SIMULATED_BACKTEST
541,EaseMyTrip,HYD,BOM,2026-08-12,1,4823.91,1360.59,6184.5,2026-08-11 10:45:00,SIMULATED_BACKTEST
542,EaseMyTrip,HYD,BOM,2026-08-18,7,3864.88,1090.1,4954.98,2026-08-11 10:45:00,SIMULATED_BACKTEST
543,EaseMyTrip,HYD,BOM,2026-08-26,15,3208.92,905.08,4114.0,2026-08-11 10:45:00,SIMULATED_BACKTEST
544,EaseMyTrip,HYD,BOM,2026-09-10,30,2856.89,805.79,3662.68,2026-08-11 10:45:00,SIMULATED_BACKTEST
545,EaseMyTrip,HYD,BOM,2026-09-25,45,2643.26,745.54,3388.8,2026-08-11 10:45:00,SIMULATED_BACKTEST
546,EaseMyTrip,BLR,CCU,2026-08-12,1,6899.72,1946.08,8845.8,2026-08-11 10:45:00,SIMULATED_BACKTEST
547,EaseMyTrip,BLR,CCU,2026-08-18,7,5407.07,1525.07,6932.14,2026-08-11 10:45:00,SIMULATED_BACKTEST
548,EaseMyTrip,BLR,CCU,2026-08-26,15,4556.92,1285.28,5842.2,2026-08-11 10:45:00,SIMULATED_BACKTEST
549,EaseMyTrip,BLR,CCU,2026-09-10,30,4001.85,1128.73,5130.58,2026-08-11 10:45:00,SIMULATED_BACKTEST
550,EaseMyTrip,BLR,CCU,2026-09-25,45,3730.86,1052.3,4783.16,2026-08-11 10:45:00,SIMULATED_BACKTEST
551,EaseMyTrip,DEL,BOM,2026-08-13,1,6607.38,1863.62,8471.0,2026-08-12 11:48:00,SIMULATED_BACKTEST
552,EaseMyTrip,DEL,BOM,2026-08-19,7,5159.45,1455.23,6614.68,2026-08-12 11:48:00,SIMULATED_BACKTEST
553,EaseMyTrip,DEL,BOM,2026-08-27,15,4431.18,1249.82,5681.0,2026-08-12 11:48:00,SIMULATED_BACKTEST
554,EaseMyTrip,DEL,BOM,2026-09-11,30,3845.31,1084.57,4929.88,2026-08-12 11:48:00,SIMULATED_BACKTEST
555,EaseMyTrip,DEL,BOM,2026-09-26,45,3494.24,985.56,4479.8,2026-08-12 11:48:00,SIMULATED_BACKTEST
556,EaseMyTrip,BLR,DEL,2026-08-13,1,7587.68,2140.12,9727.8,2026-08-12 11:48:00,SIMULATED_BACKTEST
557,EaseMyTrip,BLR,DEL,2026-08-19,7,5989.35,1689.31,7678.66,2026-08-12 11:48:00,SIMULATED_BACKTEST
558,EaseMyTrip,BLR,DEL,2026-08-27,15,5071.72,1430.48,6502.2,2026-08-12 11:48:00,SIMULATED_BACKTEST
559,EaseMyTrip,BLR,DEL,2026-09-11,30,4494.28,1267.62,5761.9,2026-08-12 11:48:00,SIMULATED_BACKTEST
560,EaseMyTrip,BLR,DEL,2026-09-26,45,4117.9,1161.46,5279.36,2026-08-12 11:48:00,SIMULATED_BACKTEST
561,EaseMyTrip,BLR,BOM,2026-08-13,1,4732.26,1334.74,6067.0,2026-08-12 11:48:00,SIMULATED_BACKTEST
562,EaseMyTrip,BLR,BOM,2026-08-19,7,3681.88,1038.48,4720.36,2026-08-12 11:48:00,SIMULATED_BACKTEST
563,EaseMyTrip,BLR,BOM,2026-08-27,15,3142.62,886.38,4029.0,2026-08-12 11:48:00,SIMULATED_BACKTEST
564,EaseMyTrip,BLR,BOM,2026-09-11,30,2762.57,779.19,3541.76,2026-08-12 11:48:00,SIMULATED_BACKTEST
565,EaseMyTrip,BLR,BOM,2026-09-26,45,2547.17,718.43,3265.6,2026-08-12 11:48:00,SIMULATED_BACKTEST
566,EaseMyTrip,DEL,HYD,2026-08-13,1,5589.32,1576.48,7165.8,2026-08-12 11:48:00,SIMULATED_BACKTEST
567,EaseMyTrip,DEL,HYD,2026-08-19,7,4393.32,1239.14,5632.46,2026-08-12 11:48:00,SIMULATED_BACKTEST
568,EaseMyTrip,DEL,HYD,2026-08-27,15,3780.04,1066.16,4846.2,2026-08-12 11:48:00,SIMULATED_BACKTEST
569,EaseMyTrip,DEL,HYD,2026-09-11,30,3235.99,912.71,4148.7,2026-08-12 11:48:00,SIMULATED_BACKTEST
570,EaseMyTrip,DEL,HYD,2026-09-26,45,2940.1,829.26,3769.36,2026-08-12 11:48:00,SIMULATED_BACKTEST
571,EaseMyTrip,DEL,PNQ,2026-08-13,1,5265.47,1485.13,6750.6,2026-08-12 11:48:00,SIMULATED_BACKTEST
572,EaseMyTrip,DEL,PNQ,2026-08-19,7,4108.75,1158.88,5267.63,2026-08-12 11:48:00,SIMULATED_BACKTEST
573,EaseMyTrip,DEL,PNQ,2026-08-27,15,3490.81,984.59,4475.4,2026-08-12 11:48:00,SIMULATED_BACKTEST
574,EaseMyTrip,DEL,PNQ,2026-09-11,30,3051.29,860.62,3911.91,2026-08-12 11:48:00,SIMULATED_BACKTEST
575,EaseMyTrip,DEL,PNQ,2026-09-26,45,2811.06,792.86,3603.92,2026-08-12 11:48:00,SIMULATED_BACKTEST
576,EaseMyTrip,DEL,CCU,2026-08-13,1,6781.48,1912.72,8694.2,2026-08-12 11:48:00,SIMULATED_BACKTEST
577,EaseMyTrip,DEL,CCU,2026-08-19,7,5330.22,1503.4,6833.62,2026-08-12 11:48:00,SIMULATED_BACKTEST
578,EaseMyTrip,DEL,CCU,2026-08-27,15,4480.94,1263.86,5744.8,2026-08-12 11:48:00,SIMULATED_BACKTEST
579,EaseMyTrip,DEL,CCU,2026-09-11,30,4000.29,1128.29,5128.58,2026-08-12 11:48:00,SIMULATED_BACKTEST
580,EaseMyTrip,DEL,CCU,2026-09-26,45,3575.86,1008.58,4584.44,2026-08-12 11:48:00,SIMULATED_BACKTEST
581,EaseMyTrip,AMD,DEL,2026-08-13,1,5055.18,1425.82,6481.0,2026-08-12 11:48:00,SIMULATED_BACKTEST
582,EaseMyTrip,AMD,DEL,2026-08-19,7,3973.32,1120.68,5094.0,2026-08-12 11:48:00,SIMULATED_BACKTEST
583,EaseMyTrip,AMD,DEL,2026-08-27,15,3346.98,944.02,4291.0,2026-08-12 11:48:00,SIMULATED_BACKTEST
584,EaseMyTrip,AMD,DEL,2026-09-11,30,3038.1,856.9,3895.0,2026-08-12 11:48:00,SIMULATED_BACKTEST
585,EaseMyTrip,AMD,DEL,2026-09-26,45,2729.22,769.78,3499.0,2026-08-12 11:48:00,SIMULATED_BACKTEST
586,EaseMyTrip,MAA,DEL,2026-08-13,1,7276.62,2052.38,9329.0,2026-08-12 11:48:00,SIMULATED_BACKTEST
587,EaseMyTrip,MAA,DEL,2026-08-19,7,5757.24,1623.84,7381.08,2026-08-12 11:48:00,SIMULATED_BACKTEST
588,EaseMyTrip,MAA,DEL,2026-08-27,15,4808.7,1356.3,6165.0,2026-08-12 11:48:00,SIMULATED_BACKTEST
589,EaseMyTrip,MAA,DEL,2026-09-11,30,4308.16,1215.12,5523.28,2026-08-12 11:48:00,SIMULATED_BACKTEST
590,EaseMyTrip,MAA,DEL,2026-09-26,45,3863.96,1089.84,4953.8,2026-08-12 11:48:00,SIMULATED_BACKTEST
591,EaseMyTrip,HYD,BOM,2026-08-13,1,4927.26,1389.74,6317.0,2026-08-12 11:48:00,SIMULATED_BACKTEST
592,EaseMyTrip,HYD,BOM,2026-08-19,7,3894.63,1098.49,4993.12,2026-08-12 11:48:00,SIMULATED_BACKTEST
593,EaseMyTrip,HYD,BOM,2026-08-27,15,3323.58,937.42,4261.0,2026-08-12 11:48:00,SIMULATED_BACKTEST
594,EaseMyTrip,HYD,BOM,2026-09-11,30,2938.98,828.94,3767.92,2026-08-12 11:48:00,SIMULATED_BACKTEST
595,EaseMyTrip,HYD,BOM,2026-09-26,45,2618.62,738.58,3357.2,2026-08-12 11:48:00,SIMULATED_BACKTEST
596,EaseMyTrip,BLR,CCU,2026-08-13,1,6986.62,1970.58,8957.2,2026-08-12 11:48:00,SIMULATED_BACKTEST
597,EaseMyTrip,BLR,CCU,2026-08-19,7,5507.88,1553.5,7061.38,2026-08-12 11:48:00,SIMULATED_BACKTEST
598,EaseMyTrip,BLR,CCU,2026-08-27,15,4655.66,1313.14,5968.8,2026-08-12 11:48:00,SIMULATED_BACKTEST
599,EaseMyTrip,BLR,CCU,2026-09-11,30,4159.54,1173.2,5332.74,2026-08-12 11:48:00,SIMULATED_BACKTEST
600,EaseMyTrip,BLR,CCU,2026-09-26,45,3733.11,1052.93,4786.04,2026-08-12 11:48:00,SIMULATED_BACKTEST
601,EaseMyTrip,DEL,BOM,2026-08-14,1,7787.91,2196.59,9984.5,2026-08-13 08:51:00,SIMULATED_BACKTEST
602,EaseMyTrip,DEL,BOM,2026-08-20,7,6115.78,1724.96,7840.74,2026-08-13 08:51:00,SIMULATED_BACKTEST
603,EaseMyTrip,DEL,BOM,2026-08-28,15,5196.36,1465.64,6662.0,2026-08-13 08:51:00,SIMULATED_BACKTEST
604,EaseMyTrip,DEL,BOM,2026-09-12,30,4608.9,1299.94,5908.84,2026-08-13 08:51:00,SIMULATED_BACKTEST
605,EaseMyTrip,DEL,BOM,2026-09-27,45,4163.17,1174.23,5337.4,2026-08-13 08:51:00,SIMULATED_BACKTEST
606,EaseMyTrip,BLR,DEL,2026-08-14,1,7591.58,2141.22,9732.8,2026-08-13 08:51:00,SIMULATED_BACKTEST
607,EaseMyTrip,BLR,DEL,2026-08-20,7,5998.71,1691.95,7690.66,2026-08-13 08:51:00,SIMULATED_BACKTEST
608,EaseMyTrip,BLR,DEL,2026-08-28,15,5049.1,1424.1,6473.2,2026-08-13 08:51:00,SIMULATED_BACKTEST
609,EaseMyTrip,BLR,DEL,2026-09-12,30,4477.12,1262.78,5739.9,2026-08-13 08:51:00,SIMULATED_BACKTEST
610,EaseMyTrip,BLR,DEL,2026-09-27,45,4089.04,1153.32,5242.36,2026-08-13 08:51:00,SIMULATED_BACKTEST
611,EaseMyTrip,BLR,BOM,2026-08-14,1,4571.97,1289.53,5861.5,2026-08-13 08:51:00,SIMULATED_BACKTEST
612,EaseMyTrip,BLR,BOM,2026-08-20,7,3594.97,1013.97,4608.94,2026-08-13 08:51:00,SIMULATED_BACKTEST
613,EaseMyTrip,BLR,BOM,2026-08-28,15,3046.68,859.32,3906.0,2026-08-13 08:51:00,SIMULATED_BACKTEST
614,EaseMyTrip,BLR,BOM,2026-09-12,30,2646.57,746.47,3393.04,2026-08-13 08:51:00,SIMULATED_BACKTEST
615,EaseMyTrip,BLR,BOM,2026-09-27,45,2499.43,704.97,3204.4,2026-08-13 08:51:00,SIMULATED_BACKTEST
616,EaseMyTrip,DEL,HYD,2026-08-14,1,5543.62,1563.58,7107.2,2026-08-13 08:51:00,SIMULATED_BACKTEST
617,EaseMyTrip,DEL,HYD,2026-08-20,7,4288.61,1209.61,5498.22,2026-08-13 08:51:00,SIMULATED_BACKTEST
618,EaseMyTrip,DEL,HYD,2026-08-28,15,3714.2,1047.6,4761.8,2026-08-13 08:51:00,SIMULATED_BACKTEST
619,EaseMyTrip,DEL,HYD,2026-09-12,30,3230.12,911.06,4141.18,2026-08-13 08:51:00,SIMULATED_BACKTEST
620,EaseMyTrip,DEL,HYD,2026-09-27,45,2921.44,824.0,3745.44,2026-08-13 08:51:00,SIMULATED_BACKTEST
621,EaseMyTrip,DEL,PNQ,2026-08-14,1,5212.66,1470.24,6682.9,2026-08-13 08:51:00,SIMULATED_BACKTEST
622,EaseMyTrip,DEL,PNQ,2026-08-20,7,4118.27,1161.56,5279.83,2026-08-13 08:51:00,SIMULATED_BACKTEST
623,EaseMyTrip,DEL,PNQ,2026-08-28,15,3426.23,966.37,4392.6,2026-08-13 08:51:00,SIMULATED_BACKTEST
624,EaseMyTrip,DEL,PNQ,2026-09-12,30,3088.37,871.08,3959.45,2026-08-13 08:51:00,SIMULATED_BACKTEST
625,EaseMyTrip,DEL,PNQ,2026-09-27,45,2758.61,778.07,3536.68,2026-08-13 08:51:00,SIMULATED_BACKTEST
626,EaseMyTrip,DEL,CCU,2026-08-14,1,7487.69,2111.91,9599.6,2026-08-13 08:51:00,SIMULATED_BACKTEST
627,EaseMyTrip,DEL,CCU,2026-08-20,7,5917.7,1669.09,7586.79,2026-08-13 08:51:00,SIMULATED_BACKTEST
628,EaseMyTrip,DEL,CCU,2026-08-28,15,4998.55,1409.85,6408.4,2026-08-13 08:51:00,SIMULATED_BACKTEST
629,EaseMyTrip,DEL,CCU,2026-09-12,30,4373.83,1233.64,5607.47,2026-08-13 08:51:00,SIMULATED_BACKTEST
630,EaseMyTrip,DEL,CCU,2026-09-27,45,3947.21,1113.31,5060.52,2026-08-13 08:51:00,SIMULATED_BACKTEST
631,EaseMyTrip,AMD,DEL,2026-08-14,1,4972.11,1402.39,6374.5,2026-08-13 08:51:00,SIMULATED_BACKTEST
632,EaseMyTrip,AMD,DEL,2026-08-20,7,3903.51,1100.99,5004.5,2026-08-13 08:51:00,SIMULATED_BACKTEST
633,EaseMyTrip,AMD,DEL,2026-08-28,15,3288.48,927.52,4216.0,2026-08-13 08:51:00,SIMULATED_BACKTEST
634,EaseMyTrip,AMD,DEL,2026-09-12,30,2901.6,818.4,3720.0,2026-08-13 08:51:00,SIMULATED_BACKTEST
635,EaseMyTrip,AMD,DEL,2026-09-27,45,2624.7,740.3,3365.0,2026-08-13 08:51:00,SIMULATED_BACKTEST
636,EaseMyTrip,MAA,DEL,2026-08-14,1,7145.97,2015.53,9161.5,2026-08-13 08:51:00,SIMULATED_BACKTEST
637,EaseMyTrip,MAA,DEL,2026-08-20,7,5583.1,1574.72,7157.82,2026-08-13 08:51:00,SIMULATED_BACKTEST
638,EaseMyTrip,MAA,DEL,2026-08-28,15,4789.2,1350.8,6140.0,2026-08-13 08:51:00,SIMULATED_BACKTEST
639,EaseMyTrip,MAA,DEL,2026-09-12,30,4160.61,1173.51,5334.12,2026-08-13 08:51:00,SIMULATED_BACKTEST
640,EaseMyTrip,MAA,DEL,2026-09-27,45,3847.9,1085.3,4933.2,2026-08-13 08:51:00,SIMULATED_BACKTEST
641,EaseMyTrip,HYD,BOM,2026-08-14,1,4848.09,1367.41,6215.5,2026-08-13 08:51:00,SIMULATED_BACKTEST
642,EaseMyTrip,HYD,BOM,2026-08-20,7,3813.4,1075.58,4888.98,2026-08-13 08:51:00,SIMULATED_BACKTEST
643,EaseMyTrip,HYD,BOM,2026-08-28,15,3253.38,917.62,4171.0,2026-08-13 08:51:00,SIMULATED_BACKTEST
644,EaseMyTrip,HYD,BOM,2026-09-12,30,2880.29,812.39,3692.68,2026-08-13 08:51:00,SIMULATED_BACKTEST
645,EaseMyTrip,HYD,BOM,2026-09-27,45,2576.18,726.62,3302.8,2026-08-13 08:51:00,SIMULATED_BACKTEST
646,EaseMyTrip,BLR,CCU,2026-08-14,1,6961.34,1963.46,8924.8,2026-08-13 08:51:00,SIMULATED_BACKTEST
647,EaseMyTrip,BLR,CCU,2026-08-20,7,5488.97,1548.17,7037.14,2026-08-13 08:51:00,SIMULATED_BACKTEST
648,EaseMyTrip,BLR,CCU,2026-08-28,15,4652.86,1312.34,5965.2,2026-08-13 08:51:00,SIMULATED_BACKTEST
649,EaseMyTrip,BLR,CCU,2026-09-12,30,4001.85,1128.73,5130.58,2026-08-13 08:51:00,SIMULATED_BACKTEST
650,EaseMyTrip,BLR,CCU,2026-09-27,45,3644.28,1027.88,4672.16,2026-08-13 08:51:00,SIMULATED_BACKTEST
651,EaseMyTrip,DEL,BOM,2026-08-15,1,7797.27,2199.23,9996.5,2026-08-14 09:54:00,SIMULATED_BACKTEST
652,EaseMyTrip,DEL,BOM,2026-08-21,7,6117.34,1725.4,7842.74,2026-08-14 09:54:00,SIMULATED_BACKTEST
653,EaseMyTrip,DEL,BOM,2026-08-29,15,5172.18,1458.82,6631.0,2026-08-14 09:54:00,SIMULATED_BACKTEST
654,EaseMyTrip,DEL,BOM,2026-09-13,30,4591.74,1295.1,5886.84,2026-08-14 09:54:00,SIMULATED_BACKTEST
655,EaseMyTrip,DEL,BOM,2026-09-28,45,4154.59,1171.81,5326.4,2026-08-14 09:54:00,SIMULATED_BACKTEST
656,EaseMyTrip,BLR,DEL,2026-08-15,1,7639.94,2154.86,9794.8,2026-08-14 09:54:00,SIMULATED_BACKTEST
657,EaseMyTrip,BLR,DEL,2026-08-21,7,5993.25,1690.41,7683.66,2026-08-14 09:54:00,SIMULATED_BACKTEST
658,EaseMyTrip,BLR,DEL,2026-08-29,15,5060.02,1427.18,6487.2,2026-08-14 09:54:00,SIMULATED_BACKTEST
659,EaseMyTrip,BLR,DEL,2026-09-13,30,4526.26,1276.64,5802.9,2026-08-14 09:54:00,SIMULATED_BACKTEST
660,EaseMyTrip,BLR,DEL,2026-09-28,45,4085.14,1152.22,5237.36,2026-08-14 09:54:00,SIMULATED_BACKTEST
661,EaseMyTrip,BLR,BOM,2026-08-15,1,4572.75,1289.75,5862.5,2026-08-14 09:54:00,SIMULATED_BACKTEST
662,EaseMyTrip,BLR,BOM,2026-08-21,7,3622.27,1021.67,4643.94,2026-08-14 09:54:00,SIMULATED_BACKTEST
663,EaseMyTrip,BLR,BOM,2026-08-29,15,3071.64,866.36,3938.0,2026-08-14 09:54:00,SIMULATED_BACKTEST
664,EaseMyTrip,BLR,BOM,2026-09-13,30,2690.25,758.79,3449.04,2026-08-14 09:54:00,SIMULATED_BACKTEST
665,EaseMyTrip,BLR,BOM,2026-09-28,45,2433.13,686.27,3119.4,2026-08-14 09:54:00,SIMULATED_BACKTEST
666,EaseMyTrip,DEL,HYD,2026-08-15,1,5446.9,1536.3,6983.2,2026-08-14 09:54:00,SIMULATED_BACKTEST
667,EaseMyTrip,DEL,HYD,2026-08-21,7,4328.39,1220.83,5549.22,2026-08-14 09:54:00,SIMULATED_BACKTEST
668,EaseMyTrip,DEL,HYD,2026-08-29,15,3610.46,1018.34,4628.8,2026-08-14 09:54:00,SIMULATED_BACKTEST
669,EaseMyTrip,DEL,HYD,2026-09-13,30,3269.12,922.06,4191.18,2026-08-14 09:54:00,SIMULATED_BACKTEST
670,EaseMyTrip,DEL,HYD,2026-09-28,45,2927.68,825.76,3753.44,2026-08-14 09:54:00,SIMULATED_BACKTEST
671,EaseMyTrip,DEL,PNQ,2026-08-15,1,5215.78,1471.12,6686.9,2026-08-14 09:54:00,SIMULATED_BACKTEST
672,EaseMyTrip,DEL,PNQ,2026-08-21,7,4064.45,1146.38,5210.83,2026-08-14 09:54:00,SIMULATED_BACKTEST
673,EaseMyTrip,DEL,PNQ,2026-08-29,15,3409.07,961.53,4370.6,2026-08-14 09:54:00,SIMULATED_BACKTEST
674,EaseMyTrip,DEL,PNQ,2026-09-13,30,3055.61,861.84,3917.45,2026-08-14 09:54:00,SIMULATED_BACKTEST
675,EaseMyTrip,DEL,PNQ,2026-09-28,45,2726.63,769.05,3495.68,2026-08-14 09:54:00,SIMULATED_BACKTEST
676,EaseMyTrip,DEL,CCU,2026-08-15,1,7486.13,2111.47,9597.6,2026-08-14 09:54:00,SIMULATED_BACKTEST
677,EaseMyTrip,DEL,CCU,2026-08-21,7,5832.68,1645.11,7477.79,2026-08-14 09:54:00,SIMULATED_BACKTEST
678,EaseMyTrip,DEL,CCU,2026-08-29,15,4920.55,1387.85,6308.4,2026-08-14 09:54:00,SIMULATED_BACKTEST
679,EaseMyTrip,DEL,CCU,2026-09-13,30,4395.67,1239.8,5635.47,2026-08-14 09:54:00,SIMULATED_BACKTEST
680,EaseMyTrip,DEL,CCU,2026-09-28,45,3978.41,1122.11,5100.52,2026-08-14 09:54:00,SIMULATED_BACKTEST
681,EaseMyTrip,AMD,DEL,2026-08-15,1,5011.89,1413.61,6425.5,2026-08-14 09:54:00,SIMULATED_BACKTEST
682,EaseMyTrip,AMD,DEL,2026-08-21,7,3929.25,1108.25,5037.5,2026-08-14 09:54:00,SIMULATED_BACKTEST
683,EaseMyTrip,AMD,DEL,2026-08-29,15,3324.36,937.64,4262.0,2026-08-14 09:54:00,SIMULATED_BACKTEST
684,EaseMyTrip,AMD,DEL,2026-09-13,30,2887.56,814.44,3702.0,2026-08-14 09:54:00,SIMULATED_BACKTEST
685,EaseMyTrip,AMD,DEL,2026-09-28,45,2651.22,747.78,3399.0,2026-08-14 09:54:00,SIMULATED_BACKTEST
686,EaseMyTrip,MAA,DEL,2026-08-15,1,7177.95,2024.55,9202.5,2026-08-14 09:54:00,SIMULATED_BACKTEST
687,EaseMyTrip,MAA,DEL,2026-08-21,7,5572.96,1571.86,7144.82,2026-08-14 09:54:00,SIMULATED_BACKTEST
688,EaseMyTrip,MAA,DEL,2026-08-29,15,4773.6,1346.4,6120.0,2026-08-14 09:54:00,SIMULATED_BACKTEST
689,EaseMyTrip,MAA,DEL,2026-09-13,30,4236.27,1194.85,5431.12,2026-08-14 09:54:00,SIMULATED_BACKTEST
690,EaseMyTrip,MAA,DEL,2026-09-28,45,3759.76,1060.44,4820.2,2026-08-14 09:54:00,SIMULATED_BACKTEST
691,EaseMyTrip,HYD,BOM,2026-08-15,1,4908.93,1384.57,6293.5,2026-08-14 09:54:00,SIMULATED_BACKTEST
692,EaseMyTrip,HYD,BOM,2026-08-21,7,3853.96,1087.02,4940.98,2026-08-14 09:54:00,SIMULATED_BACKTEST
693,EaseMyTrip,HYD,BOM,2026-08-29,15,3264.3,920.7,4185.0,2026-08-14 09:54:00,SIMULATED_BACKTEST
694,EaseMyTrip,HYD,BOM,2026-09-13,30,2821.79,795.89,3617.68,2026-08-14 09:54:00,SIMULATED_BACKTEST
695,EaseMyTrip,HYD,BOM,2026-09-28,45,2566.82,723.98,3290.8,2026-08-14 09:54:00,SIMULATED_BACKTEST
696,EaseMyTrip,BLR,CCU,2026-08-15,1,6908.3,1948.5,8856.8,2026-08-14 09:54:00,SIMULATED_BACKTEST
697,EaseMyTrip,BLR,CCU,2026-08-21,7,5435.93,1533.21,6969.14,2026-08-14 09:54:00,SIMULATED_BACKTEST
698,EaseMyTrip,BLR,CCU,2026-08-29,15,4609.96,1300.24,5910.2,2026-08-14 09:54:00,SIMULATED_BACKTEST
699,EaseMyTrip,BLR,CCU,2026-09-13,30,4011.21,1131.37,5142.58,2026-08-14 09:54:00,SIMULATED_BACKTEST
700,EaseMyTrip,BLR,CCU,2026-09-28,45,3673.14,1036.02,4709.16,2026-08-14 09:54:00,SIMULATED_BACKTEST
701,EaseMyTrip,DEL,BOM,2026-08-16,1,7871.37,2220.13,10091.5,2026-08-15 10:57:00,SIMULATED_BACKTEST
702,EaseMyTrip,DEL,BOM,2026-08-22,7,6187.54,1745.2,7932.74,2026-08-15 10:57:00,SIMULATED_BACKTEST
703,EaseMyTrip,DEL,BOM,2026-08-30,15,5205.72,1468.28,6674.0,2026-08-15 10:57:00,SIMULATED_BACKTEST
704,EaseMyTrip,DEL,BOM,2026-09-14,30,4594.86,1295.98,5890.84,2026-08-15 10:57:00,SIMULATED_BACKTEST
705,EaseMyTrip,DEL,BOM,2026-09-29,45,4218.55,1189.85,5408.4,2026-08-15 10:57:00,SIMULATED_BACKTEST
706,EaseMyTrip,BLR,DEL,2026-08-16,1,7588.46,2140.34,9728.8,2026-08-15 10:57:00,SIMULATED_BACKTEST
707,EaseMyTrip,BLR,DEL,2026-08-22,7,6023.67,1698.99,7722.66,2026-08-15 10:57:00,SIMULATED_BACKTEST
708,EaseMyTrip,BLR,DEL,2026-08-30,15,5090.44,1435.76,6526.2,2026-08-15 10:57:00,SIMULATED_BACKTEST
709,EaseMyTrip,BLR,DEL,2026-09-14,30,4481.8,1264.1,5745.9,2026-08-15 10:57:00,SIMULATED_BACKTEST
710,EaseMyTrip,BLR,DEL,2026-09-29,45,4074.22,1149.14,5223.36,2026-08-15 10:57:00,SIMULATED_BACKTEST
711,EaseMyTrip,BLR,BOM,2026-08-16,1,4652.31,1312.19,5964.5,2026-08-15 10:57:00,SIMULATED_BACKTEST
712,EaseMyTrip,BLR,BOM,2026-08-22,7,3615.25,1019.69,4634.94,2026-08-15 10:57:00,SIMULATED_BACKTEST
713,EaseMyTrip,BLR,BOM,2026-08-30,15,3022.5,852.5,3875.0,2026-08-15 10:57:00,SIMULATED_BACKTEST
714,EaseMyTrip,BLR,BOM,2026-09-14,30,2748.75,775.29,3524.04,2026-08-15 10:57:00,SIMULATED_BACKTEST
715,EaseMyTrip,BLR,BOM,2026-09-29,45,2436.25,687.15,3123.4,2026-08-15 10:57:00,SIMULATED_BACKTEST
716,EaseMyTrip,DEL,HYD,2026-08-16,1,5523.34,1557.86,7081.2,2026-08-15 10:57:00,SIMULATED_BACKTEST
717,EaseMyTrip,DEL,HYD,2026-08-22,7,4298.75,1212.47,5511.22,2026-08-15 10:57:00,SIMULATED_BACKTEST
718,EaseMyTrip,DEL,HYD,2026-08-30,15,3632.3,1024.5,4656.8,2026-08-15 10:57:00,SIMULATED_BACKTEST
719,EaseMyTrip,DEL,HYD,2026-09-14,30,3232.46,911.72,4144.18,2026-08-15 10:57:00,SIMULATED_BACKTEST
720,EaseMyTrip,DEL,HYD,2026-09-29,45,2928.46,825.98,3754.44,2026-08-15 10:57:00,SIMULATED_BACKTEST
721,EaseMyTrip,DEL,PNQ,2026-08-16,1,5193.94,1464.96,6658.9,2026-08-15 10:57:00,SIMULATED_BACKTEST
722,EaseMyTrip,DEL,PNQ,2026-08-22,7,4060.55,1145.28,5205.83,2026-08-15 10:57:00,SIMULATED_BACKTEST
723,EaseMyTrip,DEL,PNQ,2026-08-30,15,3487.85,983.75,4471.6,2026-08-15 10:57:00,SIMULATED_BACKTEST
724,EaseMyTrip,DEL,PNQ,2026-09-14,30,3015.83,850.62,3866.45,2026-08-15 10:57:00,SIMULATED_BACKTEST
725,EaseMyTrip,DEL,PNQ,2026-09-29,45,2799.95,789.73,3589.68,2026-08-15 10:57:00,SIMULATED_BACKTEST
726,EaseMyTrip,DEL,CCU,2026-08-16,1,7412.03,2090.57,9502.6,2026-08-15 10:57:00,SIMULATED_BACKTEST
727,EaseMyTrip,DEL,CCU,2026-08-22,7,5920.04,1669.75,7589.79,2026-08-15 10:57:00,SIMULATED_BACKTEST
728,EaseMyTrip,DEL,CCU,2026-08-30,15,4924.45,1388.95,6313.4,2026-08-15 10:57:00,SIMULATED_BACKTEST
729,EaseMyTrip,DEL,CCU,2026-09-14,30,4354.33,1228.14,5582.47,2026-08-15 10:57:00,SIMULATED_BACKTEST
730,EaseMyTrip,DEL,CCU,2026-09-29,45,3974.51,1121.01,5095.52,2026-08-15 10:57:00,SIMULATED_BACKTEST
731,EaseMyTrip,AMD,DEL,2026-08-16,1,4973.67,1402.83,6376.5,2026-08-15 10:57:00,SIMULATED_BACKTEST
732,EaseMyTrip,AMD,DEL,2026-08-22,7,3947.97,1113.53,5061.5,2026-08-15 10:57:00,SIMULATED_BACKTEST
733,EaseMyTrip,AMD,DEL,2026-08-30,15,3282.24,925.76,4208.0,2026-08-15 10:57:00,SIMULATED_BACKTEST
734,EaseMyTrip,AMD,DEL,2026-09-14,30,2957.76,834.24,3792.0,2026-08-15 10:57:00,SIMULATED_BACKTEST
735,EaseMyTrip,AMD,DEL,2026-09-29,45,2663.7,751.3,3415.0,2026-08-15 10:57:00,SIMULATED_BACKTEST
736,EaseMyTrip,MAA,DEL,2026-08-16,1,7130.37,2011.13,9141.5,2026-08-15 10:57:00,SIMULATED_BACKTEST
737,EaseMyTrip,MAA,DEL,2026-08-22,7,5569.06,1570.76,7139.82,2026-08-15 10:57:00,SIMULATED_BACKTEST
738,EaseMyTrip,MAA,DEL,2026-08-30,15,4759.56,1342.44,6102.0,2026-08-15 10:57:00,SIMULATED_BACKTEST
739,EaseMyTrip,MAA,DEL,2026-09-14,30,4141.89,1168.23,5310.12,2026-08-15 10:57:00,SIMULATED_BACKTEST
740,EaseMyTrip,MAA,DEL,2026-09-29,45,3798.76,1071.44,4870.2,2026-08-15 10:57:00,SIMULATED_BACKTEST
741,EaseMyTrip,HYD,BOM,2026-08-16,1,4893.33,1380.17,6273.5,2026-08-15 10:57:00,SIMULATED_BACKTEST
742,EaseMyTrip,HYD,BOM,2026-08-22,7,3836.02,1081.96,4917.98,2026-08-15 10:57:00,SIMULATED_BACKTEST
743,EaseMyTrip,HYD,BOM,2026-08-30,15,3238.56,913.44,4152.0,2026-08-15 10:57:00,SIMULATED_BACKTEST
744,EaseMyTrip,HYD,BOM,2026-09-14,30,2837.39,800.29,3637.68,2026-08-15 10:57:00,SIMULATED_BACKTEST
745,EaseMyTrip,HYD,BOM,2026-09-29,45,2628.44,741.36,3369.8,2026-08-15 10:57:00,SIMULATED_BACKTEST
746,EaseMyTrip,BLR,CCU,2026-08-16,1,6962.9,1963.9,8926.8,2026-08-15 10:57:00,SIMULATED_BACKTEST
747,EaseMyTrip,BLR,CCU,2026-08-22,7,5399.27,1522.87,6922.14,2026-08-15 10:57:00,SIMULATED_BACKTEST
748,EaseMyTrip,BLR,CCU,2026-08-30,15,4635.7,1307.5,5943.2,2026-08-15 10:57:00,SIMULATED_BACKTEST
749,EaseMyTrip,BLR,CCU,2026-09-14,30,4056.45,1144.13,5200.58,2026-08-15 10:57:00,SIMULATED_BACKTEST
750,EaseMyTrip,BLR,CCU,2026-09-29,45,3672.36,1035.8,4708.16,2026-08-15 10:57:00,SIMULATED_BACKTEST
751,EaseMyTrip,DEL,BOM,2026-08-17,1,7826.91,2207.59,10034.5,2026-08-16 11:15:00,SIMULATED_BACKTEST
752,EaseMyTrip,DEL,BOM,2026-08-23,7,6214.06,1752.68,7966.74,2026-08-16 11:15:00,SIMULATED_BACKTEST
753,EaseMyTrip,DEL,BOM,2026-08-31,15,5218.2,1471.8,6690.0,2026-08-16 11:15:00,SIMULATED_BACKTEST
754,EaseMyTrip,DEL,BOM,2026-09-15,30,4620.6,1303.24,5923.84,2026-08-16 11:15:00,SIMULATED_BACKTEST
755,EaseMyTrip,DEL,BOM,2026-09-30,45,4205.29,1186.11,5391.4,2026-08-16 11:15:00,SIMULATED_BACKTEST
756,EaseMyTrip,BLR,DEL,2026-08-17,1,7657.88,2159.92,9817.8,2026-08-16 11:15:00,SIMULATED_BACKTEST
757,EaseMyTrip,BLR,DEL,2026-08-23,7,6008.85,1694.81,7703.66,2026-08-16 11:15:00,SIMULATED_BACKTEST
758,EaseMyTrip,BLR,DEL,2026-08-31,15,5056.12,1426.08,6482.2,2026-08-16 11:15:00,SIMULATED_BACKTEST
759,EaseMyTrip,BLR,DEL,2026-09-15,30,4505.2,1270.7,5775.9,2026-08-16 11:15:00,SIMULATED_BACKTEST
760,EaseMyTrip,BLR,DEL,2026-09-30,45,4092.16,1154.2,5246.36,2026-08-16 11:15:00,SIMULATED_BACKTEST
761,EaseMyTrip,BLR,BOM,2026-08-17,1,4575.09,1290.41,5865.5,2026-08-16 11:15:00,SIMULATED_BACKTEST
762,EaseMyTrip,BLR,BOM,2026-08-23,7,3634.75,1025.19,4659.94,2026-08-16 11:15:00,SIMULATED_BACKTEST
763,EaseMyTrip,BLR,BOM,2026-08-31,15,3108.3,876.7,3985.0,2026-08-16 11:15:00,SIMULATED_BACKTEST
764,EaseMyTrip,BLR,BOM,2026-09-15,30,2649.69,747.35,3397.04,2026-08-16 11:15:00,SIMULATED_BACKTEST
765,EaseMyTrip,BLR,BOM,2026-09-30,45,2502.55,705.85,3208.4,2026-08-16 11:15:00,SIMULATED_BACKTEST
766,EaseMyTrip,DEL,HYD,2026-08-17,1,5500.72,1551.48,7052.2,2026-08-16 11:15:00,SIMULATED_BACKTEST
767,EaseMyTrip,DEL,HYD,2026-08-23,7,4272.23,1204.99,5477.22,2026-08-16 11:15:00,SIMULATED_BACKTEST
768,EaseMyTrip,DEL,HYD,2026-08-31,15,3706.4,1045.4,4751.8,2026-08-16 11:15:00,SIMULATED_BACKTEST
769,EaseMyTrip,DEL,HYD,2026-09-15,30,3244.16,915.02,4159.18,2026-08-16 11:15:00,SIMULATED_BACKTEST
770,EaseMyTrip,DEL,HYD,2026-09-30,45,2977.6,839.84,3817.44,2026-08-16 11:15:00,SIMULATED_BACKTEST
771,EaseMyTrip,DEL,PNQ,2026-08-17,1,5225.92,1473.98,6699.9,2026-08-16 11:15:00,SIMULATED_BACKTEST
772,EaseMyTrip,DEL,PNQ,2026-08-23,7,4059.77,1145.06,5204.83,2026-08-16 11:15:00,SIMULATED_BACKTEST
773,EaseMyTrip,DEL,PNQ,2026-08-31,15,3496.43,986.17,4482.6,2026-08-16 11:15:00,SIMULATED_BACKTEST
774,EaseMyTrip,DEL,PNQ,2026-09-15,30,3049.37,860.08,3909.45,2026-08-16 11:15:00,SIMULATED_BACKTEST
775,EaseMyTrip,DEL,PNQ,2026-09-30,45,2792.93,787.75,3580.68,2026-08-16 11:15:00,SIMULATED_BACKTEST
776,EaseMyTrip,DEL,CCU,2026-08-17,1,7409.69,2089.91,9499.6,2026-08-16 11:15:00,SIMULATED_BACKTEST
777,EaseMyTrip,DEL,CCU,2026-08-23,7,5872.46,1656.33,7528.79,2026-08-16 11:15:00,SIMULATED_BACKTEST
778,EaseMyTrip,DEL,CCU,2026-08-31,15,4931.47,1390.93,6322.4,2026-08-16 11:15:00,SIMULATED_BACKTEST
779,EaseMyTrip,DEL,CCU,2026-09-15,30,4377.73,1234.74,5612.47,2026-08-16 11:15:00,SIMULATED_BACKTEST
780,EaseMyTrip,DEL,CCU,2026-09-30,45,4025.21,1135.31,5160.52,2026-08-16 11:15:00,SIMULATED_BACKTEST
781,EaseMyTrip,AMD,DEL,2026-08-17,1,5024.37,1417.13,6441.5,2026-08-16 11:15:00,SIMULATED_BACKTEST
782,EaseMyTrip,AMD,DEL,2026-08-23,7,3976.83,1121.67,5098.5,2026-08-16 11:15:00,SIMULATED_BACKTEST
783,EaseMyTrip,AMD,DEL,2026-08-31,15,3325.92,938.08,4264.0,2026-08-16 11:15:00,SIMULATED_BACKTEST
784,EaseMyTrip,AMD,DEL,2026-09-15,30,2883.66,813.34,3697.0,2026-08-16 11:15:00,SIMULATED_BACKTEST
785,EaseMyTrip,AMD,DEL,2026-09-30,45,2632.5,742.5,3375.0,2026-08-16 11:15:00,SIMULATED_BACKTEST
786,EaseMyTrip,MAA,DEL,2026-08-17,1,7142.85,2014.65,9157.5,2026-08-16 11:15:00,SIMULATED_BACKTEST
787,EaseMyTrip,MAA,DEL,2026-08-23,7,5638.48,1590.34,7228.82,2026-08-16 11:15:00,SIMULATED_BACKTEST
788,EaseMyTrip,MAA,DEL,2026-08-31,15,4747.86,1339.14,6087.0,2026-08-16 11:15:00,SIMULATED_BACKTEST
789,EaseMyTrip,MAA,DEL,2026-09-15,30,4149.69,1170.43,5320.12,2026-08-16 11:15:00,SIMULATED_BACKTEST
790,EaseMyTrip,MAA,DEL,2026-09-30,45,3844.0,1084.2,4928.2,2026-08-16 11:15:00,SIMULATED_BACKTEST
791,EaseMyTrip,HYD,BOM,2026-08-17,1,4834.83,1363.67,6198.5,2026-08-16 11:15:00,SIMULATED_BACKTEST
792,EaseMyTrip,HYD,BOM,2026-08-23,7,3785.32,1067.66,4852.98,2026-08-16 11:15:00,SIMULATED_BACKTEST
793,EaseMyTrip,HYD,BOM,2026-08-31,15,3299.4,930.6,4230.0,2026-08-16 11:15:00,SIMULATED_BACKTEST
794,EaseMyTrip,HYD,BOM,2026-09-15,30,2807.75,791.93,3599.68,2026-08-16 11:15:00,SIMULATED_BACKTEST
795,EaseMyTrip,HYD,BOM,2026-09-30,45,2602.7,734.1,3336.8,2026-08-16 11:15:00,SIMULATED_BACKTEST
796,EaseMyTrip,BLR,CCU,2026-08-17,1,6856.82,1933.98,8790.8,2026-08-16 11:15:00,SIMULATED_BACKTEST
797,EaseMyTrip,BLR,CCU,2026-08-23,7,5417.21,1527.93,6945.14,2026-08-16 11:15:00,SIMULATED_BACKTEST
798,EaseMyTrip,BLR,CCU,2026-08-31,15,4554.58,1284.62,5839.2,2026-08-16 11:15:00,SIMULATED_BACKTEST
799,EaseMyTrip,BLR,CCU,2026-09-15,30,4055.67,1143.91,5199.58,2026-08-16 11:15:00,SIMULATED_BACKTEST
800,EaseMyTrip,BLR,CCU,2026-09-30,45,3714.48,1047.68,4762.16,2026-08-16 11:15:00,SIMULATED_BACKTEST
801,EaseMyTrip,DEL,BOM,2026-08-18,1,6029.79,1700.71,7730.5,2026-08-17 08:18:00,SIMULATED_BACKTEST
802,EaseMyTrip,DEL,BOM,2026-08-24,7,4745.04,1338.34,6083.38,2026-08-17 08:18:00,SIMULATED_BACKTEST
803,EaseMyTrip,DEL,BOM,2026-09-01,15,4058.34,1144.66,5203.0,2026-08-17 08:18:00,SIMULATED_BACKTEST
804,EaseMyTrip,DEL,BOM,2026-09-16,30,3481.2,981.88,4463.08,2026-08-17 08:18:00,SIMULATED_BACKTEST
805,EaseMyTrip,DEL,BOM,2026-10-01,45,3168.98,893.82,4062.8,2026-08-17 08:18:00,SIMULATED_BACKTEST
806,EaseMyTrip,BLR,DEL,2026-08-18,1,6998.78,1974.02,8972.8,2026-08-17 08:18:00,SIMULATED_BACKTEST
807,EaseMyTrip,BLR,DEL,2026-08-24,7,5494.71,1549.79,7044.5,2026-08-17 08:18:00,SIMULATED_BACKTEST
808,EaseMyTrip,BLR,DEL,2026-09-01,15,4665.34,1315.86,5981.2,2026-08-17 08:18:00,SIMULATED_BACKTEST
809,EaseMyTrip,BLR,DEL,2026-09-16,30,4060.17,1145.17,5205.34,2026-08-17 08:18:00,SIMULATED_BACKTEST
810,EaseMyTrip,BLR,DEL,2026-10-01,45,3753.95,1058.81,4812.76,2026-08-17 08:18:00,SIMULATED_BACKTEST
811,EaseMyTrip,BLR,BOM,2026-08-18,1,4287.27,1209.23,5496.5,2026-08-17 08:18:00,SIMULATED_BACKTEST
812,EaseMyTrip,BLR,BOM,2026-08-24,7,3344.84,943.42,4288.26,2026-08-17 08:18:00,SIMULATED_BACKTEST
813,EaseMyTrip,BLR,BOM,2026-09-01,15,2849.34,803.66,3653.0,2026-08-17 08:18:00,SIMULATED_BACKTEST
814,EaseMyTrip,BLR,BOM,2026-09-16,30,2493.0,703.16,3196.16,2026-08-17 08:18:00,SIMULATED_BACKTEST
815,EaseMyTrip,BLR,BOM,2026-10-01,45,2254.67,635.93,2890.6,2026-08-17 08:18:00,SIMULATED_BACKTEST
816,EaseMyTrip,DEL,HYD,2026-08-18,1,5147.84,1451.96,6599.8,2026-08-17 08:18:00,SIMULATED_BACKTEST
817,EaseMyTrip,DEL,HYD,2026-08-24,7,4014.89,1132.41,5147.3,2026-08-17 08:18:00,SIMULATED_BACKTEST
818,EaseMyTrip,DEL,HYD,2026-09-01,15,3455.56,974.64,4430.2,2026-08-17 08:18:00,SIMULATED_BACKTEST
819,EaseMyTrip,DEL,HYD,2026-09-16,30,2966.45,836.69,3803.14,2026-08-17 08:18:00,SIMULATED_BACKTEST
820,EaseMyTrip,DEL,HYD,2026-10-01,45,2683.01,756.75,3439.76,2026-08-17 08:18:00,SIMULATED_BACKTEST
821,EaseMyTrip,DEL,PNQ,2026-08-18,1,4840.76,1365.34,6206.1,2026-08-17 08:18:00,SIMULATED_BACKTEST
822,EaseMyTrip,DEL,PNQ,2026-08-24,7,3848.22,1085.39,4933.61,2026-08-17 08:18:00,SIMULATED_BACKTEST
823,EaseMyTrip,DEL,PNQ,2026-09-01,15,3187.39,899.01,4086.4,2026-08-17 08:18:00,SIMULATED_BACKTEST
824,EaseMyTrip,DEL,PNQ,2026-09-16,30,2782.72,784.87,3567.59,2026-08-17 08:18:00,SIMULATED_BACKTEST
825,EaseMyTrip,DEL,PNQ,2026-10-01,45,2523.08,711.64,3234.72,2026-08-17 08:18:00,SIMULATED_BACKTEST
826,EaseMyTrip,DEL,CCU,2026-08-18,1,6218.32,1753.88,7972.2,2026-08-17 08:18:00,SIMULATED_BACKTEST
827,EaseMyTrip,DEL,CCU,2026-08-24,7,4832.86,1363.12,6195.98,2026-08-17 08:18:00,SIMULATED_BACKTEST
828,EaseMyTrip,DEL,CCU,2026-09-01,15,4093.28,1154.52,5247.8,2026-08-17 08:18:00,SIMULATED_BACKTEST
829,EaseMyTrip,DEL,CCU,2026-09-16,30,3655.35,1030.99,4686.34,2026-08-17 08:18:00,SIMULATED_BACKTEST
830,EaseMyTrip,DEL,CCU,2026-10-01,45,3342.33,942.71,4285.04,2026-08-17 08:18:00,SIMULATED_BACKTEST
831,EaseMyTrip,AMD,DEL,2026-08-18,1,4601.61,1297.89,5899.5,2026-08-17 08:18:00,SIMULATED_BACKTEST
832,EaseMyTrip,AMD,DEL,2026-08-24,7,3642.99,1027.51,4670.5,2026-08-17 08:18:00,SIMULATED_BACKTEST
833,EaseMyTrip,AMD,DEL,2026-09-01,15,3047.46,859.54,3907.0,2026-08-17 08:18:00,SIMULATED_BACKTEST
834,EaseMyTrip,AMD,DEL,2026-09-16,30,2697.24,760.76,3458.0,2026-08-17 08:18:00,SIMULATED_BACKTEST
835,EaseMyTrip,AMD,DEL,2026-10-01,45,2439.84,688.16,3128.0,2026-08-17 08:18:00,SIMULATED_BACKTEST
836,EaseMyTrip,MAA,DEL,2026-08-18,1,6595.29,1860.21,8455.5,2026-08-17 08:18:00,SIMULATED_BACKTEST
837,EaseMyTrip,MAA,DEL,2026-08-24,7,5250.79,1480.99,6731.78,2026-08-17 08:18:00,SIMULATED_BACKTEST
838,EaseMyTrip,MAA,DEL,2026-09-01,15,4458.48,1257.52,5716.0,2026-08-17 08:18:00,SIMULATED_BACKTEST
839,EaseMyTrip,MAA,DEL,2026-09-16,30,3892.57,1097.91,4990.48,2026-08-17 08:18:00,SIMULATED_BACKTEST
840,EaseMyTrip,MAA,DEL,2026-10-01,45,3522.32,993.48,4515.8,2026-08-17 08:18:00,SIMULATED_BACKTEST
841,EaseMyTrip,HYD,BOM,2026-08-18,1,4545.45,1282.05,5827.5,2026-08-17 08:18:00,SIMULATED_BACKTEST
842,EaseMyTrip,HYD,BOM,2026-08-24,7,3583.65,1010.77,4594.42,2026-08-17 08:18:00,SIMULATED_BACKTEST
843,EaseMyTrip,HYD,BOM,2026-09-01,15,3017.82,851.18,3869.0,2026-08-17 08:18:00,SIMULATED_BACKTEST
844,EaseMyTrip,HYD,BOM,2026-09-16,30,2697.8,760.92,3458.72,2026-08-17 08:18:00,SIMULATED_BACKTEST
845,EaseMyTrip,HYD,BOM,2026-10-01,45,2387.74,673.46,3061.2,2026-08-17 08:18:00,SIMULATED_BACKTEST
846,EaseMyTrip,BLR,CCU,2026-08-18,1,6379.0,1799.2,8178.2,2026-08-17 08:18:00,SIMULATED_BACKTEST
847,EaseMyTrip,BLR,CCU,2026-08-24,7,5102.09,1439.05,6541.14,2026-08-17 08:18:00,SIMULATED_BACKTEST
848,EaseMyTrip,BLR,CCU,2026-09-01,15,4320.26,1218.54,5538.8,2026-08-17 08:18:00,SIMULATED_BACKTEST
849,EaseMyTrip,BLR,CCU,2026-09-16,30,3757.18,1059.72,4816.9,2026-08-17 08:18:00,SIMULATED_BACKTEST
850,EaseMyTrip,BLR,CCU,2026-10-01,45,3423.92,965.72,4389.64,2026-08-17 08:18:00,SIMULATED_BACKTEST
851,EaseMyTrip,DEL,BOM,2026-08-19,1,6011.27,1695.48,7706.75,2026-08-18 09:21:00,SIMULATED_BACKTEST
852,EaseMyTrip,DEL,BOM,2026-08-25,7,4657.5,1313.65,5971.15,2026-08-18 09:21:00,SIMULATED_BACKTEST
853,EaseMyTrip,DEL,BOM,2026-09-02,15,4018.17,1133.33,5151.5,2026-08-18 09:21:00,SIMULATED_BACKTEST
854,EaseMyTrip,DEL,BOM,2026-09-17,30,3489.25,984.15,4473.4,2026-08-18 09:21:00,SIMULATED_BACKTEST
855,EaseMyTrip,DEL,BOM,2026-10-02,45,3148.86,888.14,4037.0,2026-08-18 09:21:00,SIMULATED_BACKTEST
856,EaseMyTrip,BLR,DEL,2026-08-19,1,6877.65,1939.85,8817.5,2026-08-18 09:21:00,SIMULATED_BACKTEST
857,EaseMyTrip,BLR,DEL,2026-08-25,7,5405.54,1524.64,6930.18,2026-08-18 09:21:00,SIMULATED_BACKTEST
858,EaseMyTrip,BLR,DEL,2026-09-02,15,4594.98,1296.02,5891.0,2026-08-18 09:21:00,SIMULATED_BACKTEST
859,EaseMyTrip,BLR,DEL,2026-09-17,30,4066.83,1147.05,5213.88,2026-08-18 09:21:00,SIMULATED_BACKTEST
860,EaseMyTrip,BLR,DEL,2026-10-02,45,3708.74,1046.06,4754.8,2026-08-18 09:21:00,SIMULATED_BACKTEST
861,EaseMyTrip,BLR,BOM,2026-08-19,1,4205.57,1186.18,5391.75,2026-08-18 09:21:00,SIMULATED_BACKTEST
862,EaseMyTrip,BLR,BOM,2026-08-25,7,3370.81,950.74,4321.55,2026-08-18 09:21:00,SIMULATED_BACKTEST
863,EaseMyTrip,BLR,BOM,2026-09-02,15,2831.01,798.49,3629.5,2026-08-18 09:21:00,SIMULATED_BACKTEST
864,EaseMyTrip,BLR,BOM,2026-09-17,30,2517.68,710.12,3227.8,2026-08-18 09:21:00,SIMULATED_BACKTEST
865,EaseMyTrip,BLR,BOM,2026-10-02,45,2211.3,623.7,2835.0,2026-08-18 09:21:00,SIMULATED_BACKTEST
866,EaseMyTrip,DEL,HYD,2026-08-19,1,5051.28,1424.72,6476.0,2026-08-18 09:21:00,SIMULATED_BACKTEST
867,EaseMyTrip,DEL,HYD,2026-08-25,7,3955.91,1115.77,5071.68,2026-08-18 09:21:00,SIMULATED_BACKTEST
868,EaseMyTrip,DEL,HYD,2026-09-02,15,3367.26,949.74,4317.0,2026-08-18 09:21:00,SIMULATED_BACKTEST
869,EaseMyTrip,DEL,HYD,2026-09-17,30,3021.63,852.25,3873.88,2026-08-18 09:21:00,SIMULATED_BACKTEST
870,EaseMyTrip,DEL,HYD,2026-10-02,45,2686.94,757.86,3444.8,2026-08-18 09:21:00,SIMULATED_BACKTEST
871,EaseMyTrip,DEL,PNQ,2026-08-19,1,4773.4,1346.35,6119.75,2026-08-18 09:21:00,SIMULATED_BACKTEST
872,EaseMyTrip,DEL,PNQ,2026-08-25,7,3758.59,1060.12,4818.71,2026-08-18 09:21:00,SIMULATED_BACKTEST
873,EaseMyTrip,DEL,PNQ,2026-09-02,15,3137.55,884.95,4022.5,2026-08-18 09:21:00,SIMULATED_BACKTEST
874,EaseMyTrip,DEL,PNQ,2026-09-17,30,2809.84,792.52,3602.36,2026-08-18 09:21:00,SIMULATED_BACKTEST
875,EaseMyTrip,DEL,PNQ,2026-10-02,45,2550.29,719.31,3269.6,2026-08-18 09:21:00,SIMULATED_BACKTEST
876,EaseMyTrip,DEL,CCU,2026-08-19,1,6122.61,1726.89,7849.5,2026-08-18 09:21:00,SIMULATED_BACKTEST
877,EaseMyTrip,DEL,CCU,2026-08-25,7,4767.53,1344.69,6112.22,2026-08-18 09:21:00,SIMULATED_BACKTEST
878,EaseMyTrip,DEL,CCU,2026-09-02,15,4061.46,1145.54,5207.0,2026-08-18 09:21:00,SIMULATED_BACKTEST
879,EaseMyTrip,DEL,CCU,2026-09-17,30,3609.47,1018.05,4627.52,2026-08-18 09:21:00,SIMULATED_BACKTEST
880,EaseMyTrip,DEL,CCU,2026-10-02,45,3212.2,906.0,4118.2,2026-08-18 09:21:00,SIMULATED_BACKTEST
881,EaseMyTrip,AMD,DEL,2026-08-19,1,4598.3,1296.95,5895.25,2026-08-18 09:21:00,SIMULATED_BACKTEST
882,EaseMyTrip,AMD,DEL,2026-08-25,7,3630.32,1023.93,4654.25,2026-08-18 09:21:00,SIMULATED_BACKTEST
883,EaseMyTrip,AMD,DEL,2026-09-02,15,3022.89,852.61,3875.5,2026-08-18 09:21:00,SIMULATED_BACKTEST
884,EaseMyTrip,AMD,DEL,2026-09-17,30,2679.3,755.7,3435.0,2026-08-18 09:21:00,SIMULATED_BACKTEST
885,EaseMyTrip,AMD,DEL,2026-10-02,45,2510.82,708.18,3219.0,2026-08-18 09:21:00,SIMULATED_BACKTEST
886,EaseMyTrip,MAA,DEL,2026-08-19,1,6520.22,1839.03,8359.25,2026-08-18 09:21:00,SIMULATED_BACKTEST
887,EaseMyTrip,MAA,DEL,2026-08-25,7,5165.67,1456.98,6622.65,2026-08-18 09:21:00,SIMULATED_BACKTEST
888,EaseMyTrip,MAA,DEL,2026-09-02,15,4365.27,1231.23,5596.5,2026-08-18 09:21:00,SIMULATED_BACKTEST
889,EaseMyTrip,MAA,DEL,2026-09-17,30,3851.17,1086.23,4937.4,2026-08-18 09:21:00,SIMULATED_BACKTEST
890,EaseMyTrip,MAA,DEL,2026-10-02,45,3493.62,985.38,4479.0,2026-08-18 09:21:00,SIMULATED_BACKTEST
891,EaseMyTrip,HYD,BOM,2026-08-19,1,4445.03,1253.72,5698.75,2026-08-18 09:21:00,SIMULATED_BACKTEST
892,EaseMyTrip,HYD,BOM,2026-08-25,7,3486.87,983.48,4470.35,2026-08-18 09:21:00,SIMULATED_BACKTEST
893,EaseMyTrip,HYD,BOM,2026-09-02,15,3009.63,848.87,3858.5,2026-08-18 09:21:00,SIMULATED_BACKTEST
894,EaseMyTrip,HYD,BOM,2026-09-17,30,2600.21,733.39,3333.6,2026-08-18 09:21:00,SIMULATED_BACKTEST
895,EaseMyTrip,HYD,BOM,2026-10-02,45,2365.74,667.26,3033.0,2026-08-18 09:21:00,SIMULATED_BACKTEST
896,EaseMyTrip,BLR,CCU,2026-08-19,1,6322.29,1783.21,8105.5,2026-08-18 09:21:00,SIMULATED_BACKTEST
897,EaseMyTrip,BLR,CCU,2026-08-25,7,5019.32,1415.7,6435.02,2026-08-18 09:21:00,SIMULATED_BACKTEST
898,EaseMyTrip,BLR,CCU,2026-09-02,15,4195.62,1183.38,5379.0,2026-08-18 09:21:00,SIMULATED_BACKTEST
899,EaseMyTrip,BLR,CCU,2026-09-17,30,3781.69,1066.63,4848.32,2026-08-18 09:21:00,SIMULATED_BACKTEST
900,EaseMyTrip,BLR,CCU,2026-10-02,45,3358.84,947.36,4306.2,2026-08-18 09:21:00,SIMULATED_BACKTEST
901,EaseMyTrip,DEL,BOM,2026-08-20,1,5906.94,1666.06,7573.0,2026-08-19 10:24:00,SIMULATED_BACKTEST
902,EaseMyTrip,DEL,BOM,2026-08-26,7,4601.16,1297.76,5898.92,2026-08-19 10:24:00,SIMULATED_BACKTEST
903,EaseMyTrip,DEL,BOM,2026-09-03,15,3914.04,1103.96,5018.0,2026-08-19 10:24:00,SIMULATED_BACKTEST
904,EaseMyTrip,DEL,BOM,2026-09-18,30,3446.6,972.12,4418.72,2026-08-19 10:24:00,SIMULATED_BACKTEST
905,EaseMyTrip,DEL,BOM,2026-10-03,45,3103.0,875.2,3978.2,2026-08-19 10:24:00,SIMULATED_BACKTEST
906,EaseMyTrip,BLR,DEL,2026-08-20,1,6804.88,1919.32,8724.2,2026-08-19 10:24:00,SIMULATED_BACKTEST
907,EaseMyTrip,BLR,DEL,2026-08-26,7,5416.21,1527.65,6943.86,2026-08-19 10:24:00,SIMULATED_BACKTEST
908,EaseMyTrip,BLR,DEL,2026-09-03,15,4518.38,1274.42,5792.8,2026-08-19 10:24:00,SIMULATED_BACKTEST
909,EaseMyTrip,BLR,DEL,2026-09-18,30,3960.39,1117.03,5077.42,2026-08-19 10:24:00,SIMULATED_BACKTEST
910,EaseMyTrip,BLR,DEL,2026-10-03,45,3634.68,1025.16,4659.84,2026-08-19 10:24:00,SIMULATED_BACKTEST
911,EaseMyTrip,BLR,BOM,2026-08-20,1,4244.76,1197.24,5442.0,2026-08-19 10:24:00,SIMULATED_BACKTEST
912,EaseMyTrip,BLR,BOM,2026-08-26,7,3259.5,919.34,4178.84,2026-08-19 10:24:00,SIMULATED_BACKTEST
913,EaseMyTrip,BLR,BOM,2026-09-03,15,2764.32,779.68,3544.0,2026-08-19 10:24:00,SIMULATED_BACKTEST
914,EaseMyTrip,BLR,BOM,2026-09-18,30,2483.86,700.58,3184.44,2026-08-19 10:24:00,SIMULATED_BACKTEST
915,EaseMyTrip,BLR,BOM,2026-10-03,45,2199.91,620.49,2820.4,2026-08-19 10:24:00,SIMULATED_BACKTEST
916,EaseMyTrip,DEL,HYD,2026-08-20,1,5004.64,1411.56,6416.2,2026-08-19 10:24:00,SIMULATED_BACKTEST
917,EaseMyTrip,DEL,HYD,2026-08-26,7,3917.99,1105.07,5023.06,2026-08-19 10:24:00,SIMULATED_BACKTEST
918,EaseMyTrip,DEL,HYD,2026-09-03,15,3395.96,957.84,4353.8,2026-08-19 10:24:00,SIMULATED_BACKTEST
919,EaseMyTrip,DEL,HYD,2026-09-18,30,2958.24,834.38,3792.62,2026-08-19 10:24:00,SIMULATED_BACKTEST
920,EaseMyTrip,DEL,HYD,2026-10-03,45,2710.38,764.46,3474.84,2026-08-19 10:24:00,SIMULATED_BACKTEST
921,EaseMyTrip,DEL,PNQ,2026-08-20,1,4784.05,1349.35,6133.4,2026-08-19 10:24:00,SIMULATED_BACKTEST
922,EaseMyTrip,DEL,PNQ,2026-08-26,7,3769.59,1063.22,4832.81,2026-08-19 10:24:00,SIMULATED_BACKTEST
923,EaseMyTrip,DEL,PNQ,2026-09-03,15,3143.87,886.73,4030.6,2026-08-19 10:24:00,SIMULATED_BACKTEST
924,EaseMyTrip,DEL,PNQ,2026-09-18,30,2794.06,788.07,3582.13,2026-08-19 10:24:00,SIMULATED_BACKTEST
925,EaseMyTrip,DEL,PNQ,2026-10-03,45,2548.63,718.85,3267.48,2026-08-19 10:24:00,SIMULATED_BACKTEST
926,EaseMyTrip,DEL,CCU,2026-08-20,1,6027.68,1700.12,7727.8,2026-08-19 10:24:00,SIMULATED_BACKTEST
927,EaseMyTrip,DEL,CCU,2026-08-26,7,4812.18,1357.28,6169.46,2026-08-19 10:24:00,SIMULATED_BACKTEST
928,EaseMyTrip,DEL,CCU,2026-09-03,15,4051.48,1142.72,5194.2,2026-08-19 10:24:00,SIMULATED_BACKTEST
929,EaseMyTrip,DEL,CCU,2026-09-18,30,3589.33,1012.37,4601.7,2026-08-19 10:24:00,SIMULATED_BACKTEST
930,EaseMyTrip,DEL,CCU,2026-10-03,45,3276.28,924.08,4200.36,2026-08-19 10:24:00,SIMULATED_BACKTEST
931,EaseMyTrip,AMD,DEL,2026-08-20,1,4538.82,1280.18,5819.0,2026-08-19 10:24:00,SIMULATED_BACKTEST
932,EaseMyTrip,AMD,DEL,2026-08-26,7,3634.02,1024.98,4659.0,2026-08-19 10:24:00,SIMULATED_BACKTEST
933,EaseMyTrip,AMD,DEL,2026-09-03,15,3057.6,862.4,3920.0,2026-08-19 10:24:00,SIMULATED_BACKTEST
934,EaseMyTrip,AMD,DEL,2026-09-18,30,2634.84,743.16,3378.0,2026-08-19 10:24:00,SIMULATED_BACKTEST
935,EaseMyTrip,AMD,DEL,2026-10-03,45,2379.0,671.0,3050.0,2026-08-19 10:24:00,SIMULATED_BACKTEST
936,EaseMyTrip,MAA,DEL,2026-08-20,1,6500.52,1833.48,8334.0,2026-08-19 10:24:00,SIMULATED_BACKTEST
937,EaseMyTrip,MAA,DEL,2026-08-26,7,5090.69,1435.83,6526.52,2026-08-19 10:24:00,SIMULATED_BACKTEST
938,EaseMyTrip,MAA,DEL,2026-09-03,15,4372.68,1233.32,5606.0,2026-08-19 10:24:00,SIMULATED_BACKTEST
939,EaseMyTrip,MAA,DEL,2026-09-18,30,3851.89,1086.43,4938.32,2026-08-19 10:24:00,SIMULATED_BACKTEST
940,EaseMyTrip,MAA,DEL,2026-10-03,45,3459.46,975.74,4435.2,2026-08-19 10:24:00,SIMULATED_BACKTEST
941,EaseMyTrip,HYD,BOM,2026-08-20,1,4395.3,1239.7,5635.0,2026-08-19 10:24:00,SIMULATED_BACKTEST
942,EaseMyTrip,HYD,BOM,2026-08-26,7,3538.3,997.98,4536.28,2026-08-19 10:24:00,SIMULATED_BACKTEST
943,EaseMyTrip,HYD,BOM,2026-09-03,15,3001.44,846.56,3848.0,2026-08-19 10:24:00,SIMULATED_BACKTEST
944,EaseMyTrip,HYD,BOM,2026-09-18,30,2559.55,721.93,3281.48,2026-08-19 10:24:00,SIMULATED_BACKTEST
945,EaseMyTrip,HYD,BOM,2026-10-03,45,2414.72,681.08,3095.8,2026-08-19 10:24:00,SIMULATED_BACKTEST
946,EaseMyTrip,BLR,CCU,2026-08-20,1,6334.22,1786.58,8120.8,2026-08-19 10:24:00,SIMULATED_BACKTEST
947,EaseMyTrip,BLR,CCU,2026-08-26,7,4984.12,1405.78,6389.9,2026-08-19 10:24:00,SIMULATED_BACKTEST
948,EaseMyTrip,BLR,CCU,2026-09-03,15,4199.68,1184.52,5384.2,2026-08-19 10:24:00,SIMULATED_BACKTEST
949,EaseMyTrip,BLR,CCU,2026-09-18,30,3725.86,1050.88,4776.74,2026-08-19 10:24:00,SIMULATED_BACKTEST
950,EaseMyTrip,BLR,CCU,2026-10-03,45,3341.33,942.43,4283.76,2026-08-19 10:24:00,SIMULATED_BACKTEST
951,EaseMyTrip,DEL,BOM,2026-08-21,1,5818.22,1641.03,7459.25,2026-08-20 11:27:00,SIMULATED_BACKTEST
952,EaseMyTrip,DEL,BOM,2026-08-27,7,4595.52,1296.17,5891.69,2026-08-20 11:27:00,SIMULATED_BACKTEST
953,EaseMyTrip,DEL,BOM,2026-09-04,15,3923.79,1106.71,5030.5,2026-08-20 11:27:00,SIMULATED_BACKTEST
954,EaseMyTrip,DEL,BOM,2026-09-19,30,3469.47,978.57,4448.04,2026-08-20 11:27:00,SIMULATED_BACKTEST
955,EaseMyTrip,DEL,BOM,2026-10-04,45,3073.51,866.89,3940.4,2026-08-20 11:27:00,SIMULATED_BACKTEST
956,EaseMyTrip,BLR,DEL,2026-08-21,1,6732.1,1898.8,8630.9,2026-08-20 11:27:00,SIMULATED_BACKTEST
957,EaseMyTrip,BLR,DEL,2026-08-27,7,5366.83,1513.72,6880.55,2026-08-20 11:27:00,SIMULATED_BACKTEST
958,EaseMyTrip,BLR,DEL,2026-09-04,15,4476.89,1262.71,5739.6,2026-08-20 11:27:00,SIMULATED_BACKTEST
959,EaseMyTrip,BLR,DEL,2026-09-19,30,3983.44,1123.53,5106.97,2026-08-20 11:27:00,SIMULATED_BACKTEST
960,EaseMyTrip,BLR,DEL,2026-10-04,45,3562.17,1004.71,4566.88,2026-08-20 11:27:00,SIMULATED_BACKTEST
961,EaseMyTrip,BLR,BOM,2026-08-21,1,4153.69,1171.56,5325.25,2026-08-20 11:27:00,SIMULATED_BACKTEST
962,EaseMyTrip,BLR,BOM,2026-08-27,7,3251.14,916.99,4168.13,2026-08-20 11:27:00,SIMULATED_BACKTEST
963,EaseMyTrip,BLR,BOM,2026-09-04,15,2737.41,772.09,3509.5,2026-08-20 11:27:00,SIMULATED_BACKTEST
964,EaseMyTrip,BLR,BOM,2026-09-19,30,2478.9,699.18,3178.08,2026-08-20 11:27:00,SIMULATED_BACKTEST
965,EaseMyTrip,BLR,BOM,2026-10-04,45,2250.92,634.88,2885.8,2026-08-20 11:27:00,SIMULATED_BACKTEST
966,EaseMyTrip,DEL,HYD,2026-08-21,1,5018.05,1415.35,6433.4,2026-08-20 11:27:00,SIMULATED_BACKTEST
967,EaseMyTrip,DEL,HYD,2026-08-27,7,3869.93,1091.52,4961.45,2026-08-20 11:27:00,SIMULATED_BACKTEST
968,EaseMyTrip,DEL,HYD,2026-09-04,15,3263.99,920.61,4184.6,2026-08-20 11:27:00,SIMULATED_BACKTEST
969,EaseMyTrip,DEL,HYD,2026-09-19,30,2930.75,826.62,3757.37,2026-08-20 11:27:00,SIMULATED_BACKTEST
970,EaseMyTrip,DEL,HYD,2026-10-04,45,2622.27,739.61,3361.88,2026-08-20 11:27:00,SIMULATED_BACKTEST
971,EaseMyTrip,DEL,PNQ,2026-08-21,1,4687.06,1321.99,6009.05,2026-08-20 11:27:00,SIMULATED_BACKTEST
972,EaseMyTrip,DEL,PNQ,2026-08-27,7,3649.55,1029.36,4678.91,2026-08-20 11:27:00,SIMULATED_BACKTEST
973,EaseMyTrip,DEL,PNQ,2026-09-04,15,3137.71,884.99,4022.7,2026-08-20 11:27:00,SIMULATED_BACKTEST
974,EaseMyTrip,DEL,PNQ,2026-09-19,30,2738.5,772.4,3510.9,2026-08-20 11:27:00,SIMULATED_BACKTEST
975,EaseMyTrip,DEL,PNQ,2026-10-04,45,2541.52,716.84,3258.36,2026-08-20 11:27:00,SIMULATED_BACKTEST
976,EaseMyTrip,DEL,CCU,2026-08-21,1,6051.32,1706.78,7758.1,2026-08-20 11:27:00,SIMULATED_BACKTEST
977,EaseMyTrip,DEL,CCU,2026-08-27,7,4763.22,1343.47,6106.69,2026-08-20 11:27:00,SIMULATED_BACKTEST
978,EaseMyTrip,DEL,CCU,2026-09-04,15,4027.45,1135.95,5163.4,2026-08-20 11:27:00,SIMULATED_BACKTEST
979,EaseMyTrip,DEL,CCU,2026-09-19,30,3552.8,1002.07,4554.87,2026-08-20 11:27:00,SIMULATED_BACKTEST
980,EaseMyTrip,DEL,CCU,2026-10-04,45,3199.19,902.33,4101.52,2026-08-20 11:27:00,SIMULATED_BACKTEST
981,EaseMyTrip,AMD,DEL,2026-08-21,1,4486.36,1265.39,5751.75,2026-08-20 11:27:00,SIMULATED_BACKTEST
982,EaseMyTrip,AMD,DEL,2026-08-27,7,3572.99,1007.76,4580.75,2026-08-20 11:27:00,SIMULATED_BACKTEST
983,EaseMyTrip,AMD,DEL,2026-09-04,15,3065.01,864.49,3929.5,2026-08-20 11:27:00,SIMULATED_BACKTEST
984,EaseMyTrip,AMD,DEL,2026-09-19,30,2627.04,740.96,3368.0,2026-08-20 11:27:00,SIMULATED_BACKTEST
985,EaseMyTrip,AMD,DEL,2026-10-04,45,2372.76,669.24,3042.0,2026-08-20 11:27:00,SIMULATED_BACKTEST
986,EaseMyTrip,MAA,DEL,2026-08-21,1,6449.62,1819.13,8268.75,2026-08-20 11:27:00,SIMULATED_BACKTEST
987,EaseMyTrip,MAA,DEL,2026-08-27,7,5093.7,1436.69,6530.39,2026-08-20 11:27:00,SIMULATED_BACKTEST
988,EaseMyTrip,MAA,DEL,2026-09-04,15,4316.13,1217.37,5533.5,2026-08-20 11:27:00,SIMULATED_BACKTEST
989,EaseMyTrip,MAA,DEL,2026-09-19,30,3785.53,1067.71,4853.24,2026-08-20 11:27:00,SIMULATED_BACKTEST
990,EaseMyTrip,MAA,DEL,2026-10-04,45,3419.05,964.35,4383.4,2026-08-20 11:27:00,SIMULATED_BACKTEST
991,EaseMyTrip,HYD,BOM,2026-08-21,1,4407.98,1243.27,5651.25,2026-08-20 11:27:00,SIMULATED_BACKTEST
992,EaseMyTrip,HYD,BOM,2026-08-27,7,3465.7,977.51,4443.21,2026-08-20 11:27:00,SIMULATED_BACKTEST
993,EaseMyTrip,HYD,BOM,2026-09-04,15,2899.65,817.85,3717.5,2026-08-20 11:27:00,SIMULATED_BACKTEST
994,EaseMyTrip,HYD,BOM,2026-09-19,30,2604.7,734.66,3339.36,2026-08-20 11:27:00,SIMULATED_BACKTEST
995,EaseMyTrip,HYD,BOM,2026-10-04,45,2335.01,658.59,2993.6,2026-08-20 11:27:00,SIMULATED_BACKTEST
996,EaseMyTrip,BLR,CCU,2026-08-21,1,6226.04,1756.06,7982.1,2026-08-20 11:27:00,SIMULATED_BACKTEST
997,EaseMyTrip,BLR,CCU,2026-08-27,7,4947.36,1395.41,6342.77,2026-08-20 11:27:00,SIMULATED_BACKTEST
998,EaseMyTrip,BLR,CCU,2026-09-04,15,4126.51,1163.89,5290.4,2026-08-20 11:27:00,SIMULATED_BACKTEST
999,EaseMyTrip,BLR,CCU,2026-09-19,30,3698.88,1043.27,4742.15,2026-08-20 11:27:00,SIMULATED_BACKTEST
1000,EaseMyTrip,BLR,CCU,2026-10-04,45,3286.39,926.93,4213.32,2026-08-20 11:27:00,SIMULATED_BACKTEST
1001,EaseMyTrip,DEL,BOM,2026-08-22,1,5792.67,1633.83,7426.5,2026-08-21 08:30:00,SIMULATED_BACKTEST
1002,EaseMyTrip,DEL,BOM,2026-08-28,7,4562.58,1286.88,5849.46,2026-08-21 08:30:00,SIMULATED_BACKTEST
1003,EaseMyTrip,DEL,BOM,2026-09-05,15,3907.8,1102.2,5010.0,2026-08-21 08:30:00,SIMULATED_BACKTEST
1004,EaseMyTrip,DEL,BOM,2026-09-20,30,3362.08,948.28,4310.36,2026-08-21 08:30:00,SIMULATED_BACKTEST
1005,EaseMyTrip,DEL,BOM,2026-10-05,45,3065.09,864.51,3929.6,2026-08-21 08:30:00,SIMULATED_BACKTEST
1006,EaseMyTrip,BLR,DEL,2026-08-22,1,6674.15,1882.45,8556.6,2026-08-21 08:30:00,SIMULATED_BACKTEST
1007,EaseMyTrip,BLR,DEL,2026-08-28,7,5319.78,1500.45,6820.23,2026-08-21 08:30:00,SIMULATED_BACKTEST
1008,EaseMyTrip,BLR,DEL,2026-09-05,15,4432.27,1250.13,5682.4,2026-08-21 08:30:00,SIMULATED_BACKTEST
1009,EaseMyTrip,BLR,DEL,2026-09-20,30,3955.0,1115.51,5070.51,2026-08-21 08:30:00,SIMULATED_BACKTEST
1010,EaseMyTrip,BLR,DEL,2026-10-05,45,3601.2,1015.72,4616.92,2026-08-21 08:30:00,SIMULATED_BACKTEST
1011,EaseMyTrip,BLR,BOM,2026-08-22,1,4068.09,1147.41,5215.5,2026-08-21 08:30:00,SIMULATED_BACKTEST
1012,EaseMyTrip,BLR,BOM,2026-08-28,7,3199.89,902.53,4102.42,2026-08-21 08:30:00,SIMULATED_BACKTEST
1013,EaseMyTrip,BLR,BOM,2026-09-05,15,2701.92,762.08,3464.0,2026-08-21 08:30:00,SIMULATED_BACKTEST
1014,EaseMyTrip,BLR,BOM,2026-09-20,30,2364.74,666.98,3031.72,2026-08-21 08:30:00,SIMULATED_BACKTEST
1015,EaseMyTrip,BLR,BOM,2026-10-05,45,2220.04,626.16,2846.2,2026-08-21 08:30:00,SIMULATED_BACKTEST
1016,EaseMyTrip,DEL,HYD,2026-08-22,1,4962.83,1399.77,6362.6,2026-08-21 08:30:00,SIMULATED_BACKTEST
1017,EaseMyTrip,DEL,HYD,2026-08-28,7,3850.73,1086.1,4936.83,2026-08-21 08:30:00,SIMULATED_BACKTEST
1018,EaseMyTrip,DEL,HYD,2026-09-05,15,3286.45,926.95,4213.4,2026-08-21 08:30:00,SIMULATED_BACKTEST
1019,EaseMyTrip,DEL,HYD,2026-09-20,30,2864.25,807.86,3672.11,2026-08-21 08:30:00,SIMULATED_BACKTEST
1020,EaseMyTrip,DEL,HYD,2026-10-05,45,2617.62,738.3,3355.92,2026-08-21 08:30:00,SIMULATED_BACKTEST
1021,EaseMyTrip,DEL,PNQ,2026-08-22,1,4625.95,1304.75,5930.7,2026-08-21 08:30:00,SIMULATED_BACKTEST
1022,EaseMyTrip,DEL,PNQ,2026-08-28,7,3685.5,1039.5,4725.0,2026-08-21 08:30:00,SIMULATED_BACKTEST
1023,EaseMyTrip,DEL,PNQ,2026-09-05,15,3107.36,876.44,3983.8,2026-08-21 08:30:00,SIMULATED_BACKTEST
1024,EaseMyTrip,DEL,PNQ,2026-09-20,30,2735.97,771.69,3507.66,2026-08-21 08:30:00,SIMULATED_BACKTEST
1025,EaseMyTrip,DEL,PNQ,2026-10-05,45,2526.61,712.63,3239.24,2026-08-21 08:30:00,SIMULATED_BACKTEST
1026,EaseMyTrip,DEL,CCU,2026-08-22,1,5982.91,1687.49,7670.4,2026-08-21 08:30:00,SIMULATED_BACKTEST
1027,EaseMyTrip,DEL,CCU,2026-08-28,7,4650.31,1311.62,5961.93,2026-08-21 08:30:00,SIMULATED_BACKTEST
1028,EaseMyTrip,DEL,CCU,2026-09-05,15,4006.55,1130.05,5136.6,2026-08-21 08:30:00,SIMULATED_BACKTEST
1029,EaseMyTrip,DEL,CCU,2026-09-20,30,3513.16,990.89,4504.05,2026-08-21 08:30:00,SIMULATED_BACKTEST
1030,EaseMyTrip,DEL,CCU,2026-10-05,45,3151.73,888.95,4040.68,2026-08-21 08:30:00,SIMULATED_BACKTEST
1031,EaseMyTrip,AMD,DEL,2026-08-22,1,4429.23,1249.27,5678.5,2026-08-21 08:30:00,SIMULATED_BACKTEST
1032,EaseMyTrip,AMD,DEL,2026-08-28,7,3563.43,1005.07,4568.5,2026-08-21 08:30:00,SIMULATED_BACKTEST
1033,EaseMyTrip,AMD,DEL,2026-09-05,15,3027.96,854.04,3882.0,2026-08-21 08:30:00,SIMULATED_BACKTEST
1034,EaseMyTrip,AMD,DEL,2026-09-20,30,2613.0,737.0,3350.0,2026-08-21 08:30:00,SIMULATED_BACKTEST
1035,EaseMyTrip,AMD,DEL,2026-10-05,45,2414.88,681.12,3096.0,2026-08-21 08:30:00,SIMULATED_BACKTEST
1036,EaseMyTrip,MAA,DEL,2026-08-22,1,6371.43,1797.07,8168.5,2026-08-21 08:30:00,SIMULATED_BACKTEST
1037,EaseMyTrip,MAA,DEL,2026-08-28,7,4992.98,1408.28,6401.26,2026-08-21 08:30:00,SIMULATED_BACKTEST
1038,EaseMyTrip,MAA,DEL,2026-09-05,15,4292.34,1210.66,5503.0,2026-08-21 08:30:00,SIMULATED_BACKTEST
1039,EaseMyTrip,MAA,DEL,2026-09-20,30,3769.86,1063.3,4833.16,2026-08-21 08:30:00,SIMULATED_BACKTEST
1040,EaseMyTrip,MAA,DEL,2026-10-05,45,3412.19,962.41,4374.6,2026-08-21 08:30:00,SIMULATED_BACKTEST
1041,EaseMyTrip,HYD,BOM,2026-08-22,1,4354.35,1228.15,5582.5,2026-08-21 08:30:00,SIMULATED_BACKTEST
1042,EaseMyTrip,HYD,BOM,2026-08-28,7,3443.81,971.33,4415.14,2026-08-21 08:30:00,SIMULATED_BACKTEST
1043,EaseMyTrip,HYD,BOM,2026-09-05,15,2887.56,814.44,3702.0,2026-08-21 08:30:00,SIMULATED_BACKTEST
1044,EaseMyTrip,HYD,BOM,2026-09-20,30,2526.61,712.63,3239.24,2026-08-21 08:30:00,SIMULATED_BACKTEST
1045,EaseMyTrip,HYD,BOM,2026-10-05,45,2338.75,659.65,2998.4,2026-08-21 08:30:00,SIMULATED_BACKTEST
1046,EaseMyTrip,BLR,CCU,2026-08-22,1,6227.05,1756.35,7983.4,2026-08-21 08:30:00,SIMULATED_BACKTEST
1047,EaseMyTrip,BLR,CCU,2026-08-28,7,4906.71,1383.94,6290.65,2026-08-21 08:30:00,SIMULATED_BACKTEST
1048,EaseMyTrip,BLR,CCU,2026-09-05,15,4133.69,1165.91,5299.6,2026-08-21 08:30:00,SIMULATED_BACKTEST
1049,EaseMyTrip,BLR,CCU,2026-09-20,30,3582.98,1010.59,4593.57,2026-08-21 08:30:00,SIMULATED_BACKTEST
1050,EaseMyTrip,BLR,CCU,2026-10-05,45,3255.63,918.25,4173.88,2026-08-21 08:30:00,SIMULATED_BACKTEST
1051,EaseMyTrip,DEL,BOM,2026-08-23,1,7228.26,2038.74,9267.0,2026-08-22 09:33:00,SIMULATED_BACKTEST
1052,EaseMyTrip,DEL,BOM,2026-08-29,7,5753.62,1622.82,7376.44,2026-08-22 09:33:00,SIMULATED_BACKTEST
1053,EaseMyTrip,DEL,BOM,2026-09-06,15,4882.02,1376.98,6259.0,2026-08-22 09:33:00,SIMULATED_BACKTEST
1054,EaseMyTrip,DEL,BOM,2026-09-21,30,4249.47,1198.57,5448.04,2026-08-22 09:33:00,SIMULATED_BACKTEST
1055,EaseMyTrip,DEL,BOM,2026-10-06,45,3918.25,1105.15,5023.4,2026-08-22 09:33:00,SIMULATED_BACKTEST
1056,EaseMyTrip,BLR,DEL,2026-08-23,1,7874.1,2220.9,10095.0,2026-08-22 09:33:00,SIMULATED_BACKTEST
1057,EaseMyTrip,BLR,DEL,2026-08-29,7,6164.28,1738.64,7902.92,2026-08-22 09:33:00,SIMULATED_BACKTEST
1058,EaseMyTrip,BLR,DEL,2026-09-06,15,5234.58,1476.42,6711.0,2026-08-22 09:33:00,SIMULATED_BACKTEST
1059,EaseMyTrip,BLR,DEL,2026-09-21,30,4647.02,1310.7,5957.72,2026-08-22 09:33:00,SIMULATED_BACKTEST
1060,EaseMyTrip,BLR,DEL,2026-10-06,45,4231.66,1193.54,5425.2,2026-08-22 09:33:00,SIMULATED_BACKTEST
1061,EaseMyTrip,BLR,BOM,2026-08-23,1,4674.74,1318.51,5993.25,2026-08-22 09:33:00,SIMULATED_BACKTEST
1062,EaseMyTrip,BLR,BOM,2026-08-29,7,3608.01,1017.64,4625.65,2026-08-22 09:33:00,SIMULATED_BACKTEST
1063,EaseMyTrip,BLR,BOM,2026-09-06,15,3088.41,871.09,3959.5,2026-08-22 09:33:00,SIMULATED_BACKTEST
1064,EaseMyTrip,BLR,BOM,2026-09-21,30,2705.35,763.05,3468.4,2026-08-22 09:33:00,SIMULATED_BACKTEST
1065,EaseMyTrip,BLR,BOM,2026-10-06,45,2526.42,712.58,3239.0,2026-08-22 09:33:00,SIMULATED_BACKTEST
1066,EaseMyTrip,DEL,HYD,2026-08-23,1,5913.65,1667.95,7581.6,2026-08-22 09:33:00,SIMULATED_BACKTEST
1067,EaseMyTrip,DEL,HYD,2026-08-29,7,4670.76,1317.39,5988.15,2026-08-22 09:33:00,SIMULATED_BACKTEST
1068,EaseMyTrip,DEL,HYD,2026-09-06,15,3922.93,1106.47,5029.4,2026-08-22 09:33:00,SIMULATED_BACKTEST
1069,EaseMyTrip,DEL,HYD,2026-09-21,30,3443.1,971.13,4414.23,2026-08-22 09:33:00,SIMULATED_BACKTEST
1070,EaseMyTrip,DEL,HYD,2026-10-06,45,3170.79,894.33,4065.12,2026-08-22 09:33:00,SIMULATED_BACKTEST
1071,EaseMyTrip,DEL,PNQ,2026-08-23,1,5250.38,1480.87,6731.25,2026-08-22 09:33:00,SIMULATED_BACKTEST
1072,EaseMyTrip,DEL,PNQ,2026-08-29,7,4164.21,1174.52,5338.73,2026-08-22 09:33:00,SIMULATED_BACKTEST
1073,EaseMyTrip,DEL,PNQ,2026-09-06,15,3540.81,998.69,4539.5,2026-08-22 09:33:00,SIMULATED_BACKTEST
1074,EaseMyTrip,DEL,PNQ,2026-09-21,30,3103.37,875.31,3978.68,2026-08-22 09:33:00,SIMULATED_BACKTEST
1075,EaseMyTrip,DEL,PNQ,2026-10-06,45,2769.62,781.18,3550.8,2026-08-22 09:33:00,SIMULATED_BACKTEST
1076,EaseMyTrip,DEL,CCU,2026-08-23,1,6677.97,1883.53,8561.5,2026-08-22 09:33:00,SIMULATED_BACKTEST
1077,EaseMyTrip,DEL,CCU,2026-08-29,7,5287.51,1491.35,6778.86,2026-08-22 09:33:00,SIMULATED_BACKTEST
1078,EaseMyTrip,DEL,CCU,2026-09-06,15,4438.98,1252.02,5691.0,2026-08-22 09:33:00,SIMULATED_BACKTEST
1079,EaseMyTrip,DEL,CCU,2026-09-21,30,3888.11,1096.65,4984.76,2026-08-22 09:33:00,SIMULATED_BACKTEST
1080,EaseMyTrip,DEL,CCU,2026-10-06,45,3605.63,1016.97,4622.6,2026-08-22 09:33:00,SIMULATED_BACKTEST
1081,EaseMyTrip,AMD,DEL,2026-08-23,1,5099.45,1438.3,6537.75,2026-08-22 09:33:00,SIMULATED_BACKTEST
1082,EaseMyTrip,AMD,DEL,2026-08-29,7,3948.95,1113.8,5062.75,2026-08-22 09:33:00,SIMULATED_BACKTEST
1083,EaseMyTrip,AMD,DEL,2026-09-06,15,3355.95,946.55,4302.5,2026-08-22 09:33:00,SIMULATED_BACKTEST
1084,EaseMyTrip,AMD,DEL,2026-09-21,30,3005.34,847.66,3853.0,2026-08-22 09:33:00,SIMULATED_BACKTEST
1085,EaseMyTrip,AMD,DEL,2026-10-06,45,2744.04,773.96,3518.0,2026-08-22 09:33:00,SIMULATED_BACKTEST
1086,EaseMyTrip,MAA,DEL,2026-08-23,1,7216.37,2035.38,9251.75,2026-08-22 09:33:00,SIMULATED_BACKTEST
1087,EaseMyTrip,MAA,DEL,2026-08-29,7,5685.38,1603.57,7288.95,2026-08-22 09:33:00,SIMULATED_BACKTEST
1088,EaseMyTrip,MAA,DEL,2026-09-06,15,4820.01,1359.49,6179.5,2026-08-22 09:33:00,SIMULATED_BACKTEST
1089,EaseMyTrip,MAA,DEL,2026-09-21,30,4205.14,1186.06,5391.2,2026-08-22 09:33:00,SIMULATED_BACKTEST
1090,EaseMyTrip,MAA,DEL,2026-10-06,45,3829.8,1080.2,4910.0,2026-08-22 09:33:00,SIMULATED_BACKTEST
1091,EaseMyTrip,HYD,BOM,2026-08-23,1,4880.65,1376.6,6257.25,2026-08-22 09:33:00,SIMULATED_BACKTEST
1092,EaseMyTrip,HYD,BOM,2026-08-29,7,3886.78,1096.27,4983.05,2026-08-22 09:33:00,SIMULATED_BACKTEST
1093,EaseMyTrip,HYD,BOM,2026-09-06,15,3324.75,937.75,4262.5,2026-08-22 09:33:00,SIMULATED_BACKTEST
1094,EaseMyTrip,HYD,BOM,2026-09-21,30,2853.08,804.72,3657.8,2026-08-22 09:33:00,SIMULATED_BACKTEST
1095,EaseMyTrip,HYD,BOM,2026-10-06,45,2572.44,725.56,3298.0,2026-08-22 09:33:00,SIMULATED_BACKTEST
1096,EaseMyTrip,BLR,CCU,2026-08-23,1,7000.11,1974.39,8974.5,2026-08-22 09:33:00,SIMULATED_BACKTEST
1097,EaseMyTrip,BLR,CCU,2026-08-29,7,5497.64,1550.62,7048.26,2026-08-22 09:33:00,SIMULATED_BACKTEST
1098,EaseMyTrip,BLR,CCU,2026-09-06,15,4621.5,1303.5,5925.0,2026-08-22 09:33:00,SIMULATED_BACKTEST
1099,EaseMyTrip,BLR,CCU,2026-09-21,30,4142.7,1168.46,5311.16,2026-08-22 09:33:00,SIMULATED_BACKTEST
1100,EaseMyTrip,BLR,CCU,2026-10-06,45,3746.81,1056.79,4803.6,2026-08-22 09:33:00,SIMULATED_BACKTEST
1101,EaseMyTrip,DEL,BOM,2026-08-24,1,7229.82,2039.18,9269.0,2026-08-23 10:36:00,SIMULATED_BACKTEST
1102,EaseMyTrip,DEL,BOM,2026-08-30,7,5735.68,1617.76,7353.44,2026-08-23 10:36:00,SIMULATED_BACKTEST
1103,EaseMyTrip,DEL,BOM,2026-09-07,15,4861.74,1371.26,6233.0,2026-08-23 10:36:00,SIMULATED_BACKTEST
1104,EaseMyTrip,DEL,BOM,2026-09-22,30,4262.73,1202.31,5465.04,2026-08-23 10:36:00,SIMULATED_BACKTEST
1105,EaseMyTrip,DEL,BOM,2026-10-07,45,3889.39,1097.01,4986.4,2026-08-23 10:36:00,SIMULATED_BACKTEST
1106,EaseMyTrip,BLR,DEL,2026-08-24,1,7865.52,2218.48,10084.0,2026-08-23 10:36:00,SIMULATED_BACKTEST
1107,EaseMyTrip,BLR,DEL,2026-08-30,7,6169.74,1740.18,7909.92,2026-08-23 10:36:00,SIMULATED_BACKTEST
1108,EaseMyTrip,BLR,DEL,2026-09-07,15,5279.82,1489.18,6769.0,2026-08-23 10:36:00,SIMULATED_BACKTEST
1109,EaseMyTrip,BLR,DEL,2026-09-22,30,4577.6,1291.12,5868.72,2026-08-23 10:36:00,SIMULATED_BACKTEST
1110,EaseMyTrip,BLR,DEL,2026-10-07,45,4210.6,1187.6,5398.2,2026-08-23 10:36:00,SIMULATED_BACKTEST
1111,EaseMyTrip,BLR,BOM,2026-08-24,1,4624.03,1304.22,5928.25,2026-08-23 10:36:00,SIMULATED_BACKTEST
1112,EaseMyTrip,BLR,BOM,2026-08-30,7,3605.67,1016.98,4622.65,2026-08-23 10:36:00,SIMULATED_BACKTEST
1113,EaseMyTrip,BLR,BOM,2026-09-07,15,3130.53,882.97,4013.5,2026-08-23 10:36:00,SIMULATED_BACKTEST
1114,EaseMyTrip,BLR,BOM,2026-09-22,30,2763.07,779.33,3542.4,2026-08-23 10:36:00,SIMULATED_BACKTEST
1115,EaseMyTrip,BLR,BOM,2026-10-07,45,2435.94,687.06,3123.0,2026-08-23 10:36:00,SIMULATED_BACKTEST
1116,EaseMyTrip,DEL,HYD,2026-08-24,1,5831.75,1644.85,7476.6,2026-08-23 10:36:00,SIMULATED_BACKTEST
1117,EaseMyTrip,DEL,HYD,2026-08-30,7,4600.56,1297.59,5898.15,2026-08-23 10:36:00,SIMULATED_BACKTEST
1118,EaseMyTrip,DEL,HYD,2026-09-07,15,3939.31,1111.09,5050.4,2026-08-23 10:36:00,SIMULATED_BACKTEST
1119,EaseMyTrip,DEL,HYD,2026-09-22,30,3404.1,960.13,4364.23,2026-08-23 10:36:00,SIMULATED_BACKTEST
1120,EaseMyTrip,DEL,HYD,2026-10-07,45,3089.67,871.45,3961.12,2026-08-23 10:36:00,SIMULATED_BACKTEST
1121,EaseMyTrip,DEL,PNQ,2026-08-24,1,5191.1,1464.15,6655.25,2026-08-23 10:36:00,SIMULATED_BACKTEST
1122,EaseMyTrip,DEL,PNQ,2026-08-30,7,4143.15,1168.58,5311.73,2026-08-23 10:36:00,SIMULATED_BACKTEST
1123,EaseMyTrip,DEL,PNQ,2026-09-07,15,3444.09,971.41,4415.5,2026-08-23 10:36:00,SIMULATED_BACKTEST
1124,EaseMyTrip,DEL,PNQ,2026-09-22,30,3052.67,861.01,3913.68,2026-08-23 10:36:00,SIMULATED_BACKTEST
1125,EaseMyTrip,DEL,PNQ,2026-10-07,45,2833.58,799.22,3632.8,2026-08-23 10:36:00,SIMULATED_BACKTEST
1126,EaseMyTrip,DEL,CCU,2026-08-24,1,6695.13,1888.37,8583.5,2026-08-23 10:36:00,SIMULATED_BACKTEST
1127,EaseMyTrip,DEL,CCU,2026-08-30,7,5216.53,1471.33,6687.86,2026-08-23 10:36:00,SIMULATED_BACKTEST
1128,EaseMyTrip,DEL,CCU,2026-09-07,15,4467.06,1259.94,5727.0,2026-08-23 10:36:00,SIMULATED_BACKTEST
1129,EaseMyTrip,DEL,CCU,2026-09-22,30,3929.45,1108.31,5037.76,2026-08-23 10:36:00,SIMULATED_BACKTEST
1130,EaseMyTrip,DEL,CCU,2026-10-07,45,3551.03,1001.57,4552.6,2026-08-23 10:36:00,SIMULATED_BACKTEST
1131,EaseMyTrip,AMD,DEL,2026-08-24,1,4997.27,1409.48,6406.75,2026-08-23 10:36:00,SIMULATED_BACKTEST
1132,EaseMyTrip,AMD,DEL,2026-08-30,7,3987.95,1124.8,5112.75,2026-08-23 10:36:00,SIMULATED_BACKTEST
1133,EaseMyTrip,AMD,DEL,2026-09-07,15,3414.45,963.05,4377.5,2026-08-23 10:36:00,SIMULATED_BACKTEST
1134,EaseMyTrip,AMD,DEL,2026-09-22,30,3003.0,847.0,3850.0,2026-08-23 10:36:00,SIMULATED_BACKTEST
1135,EaseMyTrip,AMD,DEL,2026-10-07,45,2708.94,764.06,3473.0,2026-08-23 10:36:00,SIMULATED_BACKTEST
1136,EaseMyTrip,MAA,DEL,2026-08-24,1,7197.65,2030.1,9227.75,2026-08-23 10:36:00,SIMULATED_BACKTEST
1137,EaseMyTrip,MAA,DEL,2026-08-30,7,5688.5,1604.45,7292.95,2026-08-23 10:36:00,SIMULATED_BACKTEST
1138,EaseMyTrip,MAA,DEL,2026-09-07,15,4748.25,1339.25,6087.5,2026-08-23 10:36:00,SIMULATED_BACKTEST
1139,EaseMyTrip,MAA,DEL,2026-09-22,30,4276.9,1206.3,5483.2,2026-08-23 10:36:00,SIMULATED_BACKTEST
1140,EaseMyTrip,MAA,DEL,2026-10-07,45,3850.86,1086.14,4937.0,2026-08-23 10:36:00,SIMULATED_BACKTEST
1141,EaseMyTrip,HYD,BOM,2026-08-24,1,4943.06,1394.19,6337.25,2026-08-23 10:36:00,SIMULATED_BACKTEST
1142,EaseMyTrip,HYD,BOM,2026-08-30,7,3889.12,1096.93,4986.05,2026-08-23 10:36:00,SIMULATED_BACKTEST
1143,EaseMyTrip,HYD,BOM,2026-09-07,15,3258.45,919.05,4177.5,2026-08-23 10:36:00,SIMULATED_BACKTEST
1144,EaseMyTrip,HYD,BOM,2026-09-22,30,2902.22,818.58,3720.8,2026-08-23 10:36:00,SIMULATED_BACKTEST
1145,EaseMyTrip,HYD,BOM,2026-10-07,45,2650.44,747.56,3398.0,2026-08-23 10:36:00,SIMULATED_BACKTEST
1146,EaseMyTrip,BLR,CCU,2026-08-24,1,6919.77,1951.73,8871.5,2026-08-23 10:36:00,SIMULATED_BACKTEST
1147,EaseMyTrip,BLR,CCU,2026-08-30,7,5443.04,1535.22,6978.26,2026-08-23 10:36:00,SIMULATED_BACKTEST
1148,EaseMyTrip,BLR,CCU,2026-09-07,15,4650.36,1311.64,5962.0,2026-08-23 10:36:00,SIMULATED_BACKTEST
1149,EaseMyTrip,BLR,CCU,2026-09-22,30,4083.42,1151.74,5235.16,2026-08-23 10:36:00,SIMULATED_BACKTEST
1150,EaseMyTrip,BLR,CCU,2026-10-07,45,3684.41,1039.19,4723.6,2026-08-23 10:36:00,SIMULATED_BACKTEST
1151,EaseMyTrip,DEL,BOM,2026-08-25,1,7289.88,2056.12,9346.0,2026-08-24 11:39:00,SIMULATED_BACKTEST
1152,EaseMyTrip,DEL,BOM,2026-08-31,7,5693.56,1605.88,7299.44,2026-08-24 11:39:00,SIMULATED_BACKTEST
1153,EaseMyTrip,DEL,BOM,2026-09-08,15,4882.02,1376.98,6259.0,2026-08-24 11:39:00,SIMULATED_BACKTEST
1154,EaseMyTrip,DEL,BOM,2026-09-23,30,4257.27,1200.77,5458.04,2026-08-24 11:39:00,SIMULATED_BACKTEST
1155,EaseMyTrip,DEL,BOM,2026-10-08,45,3870.67,1091.73,4962.4,2026-08-24 11:39:00,SIMULATED_BACKTEST
1156,EaseMyTrip,BLR,DEL,2026-08-25,1,7837.44,2210.56,10048.0,2026-08-24 11:39:00,SIMULATED_BACKTEST
1157,EaseMyTrip,BLR,DEL,2026-08-31,7,6169.74,1740.18,7909.92,2026-08-24 11:39:00,SIMULATED_BACKTEST
1158,EaseMyTrip,BLR,DEL,2026-09-08,15,5261.1,1483.9,6745.0,2026-08-24 11:39:00,SIMULATED_BACKTEST
1159,EaseMyTrip,BLR,DEL,2026-09-23,30,4595.54,1296.18,5891.72,2026-08-24 11:39:00,SIMULATED_BACKTEST
1160,EaseMyTrip,BLR,DEL,2026-10-08,45,4202.02,1185.18,5387.2,2026-08-24 11:39:00,SIMULATED_BACKTEST
1161,EaseMyTrip,BLR,BOM,2026-08-25,1,4677.07,1319.18,5996.25,2026-08-24 11:39:00,SIMULATED_BACKTEST
1162,EaseMyTrip,BLR,BOM,2026-08-31,7,3654.03,1030.62,4684.65,2026-08-24 11:39:00,SIMULATED_BACKTEST
1163,EaseMyTrip,BLR,BOM,2026-09-08,15,3129.75,882.75,4012.5,2026-08-24 11:39:00,SIMULATED_BACKTEST
1164,EaseMyTrip,BLR,BOM,2026-09-23,30,2671.03,753.37,3424.4,2026-08-24 11:39:00,SIMULATED_BACKTEST
1165,EaseMyTrip,BLR,BOM,2026-10-08,45,2445.3,689.7,3135.0,2026-08-24 11:39:00,SIMULATED_BACKTEST
1166,EaseMyTrip,DEL,HYD,2026-08-25,1,5899.61,1663.99,7563.6,2026-08-24 11:39:00,SIMULATED_BACKTEST
1167,EaseMyTrip,DEL,HYD,2026-08-31,7,4667.64,1316.51,5984.15,2026-08-24 11:39:00,SIMULATED_BACKTEST
1168,EaseMyTrip,DEL,HYD,2026-09-08,15,3931.51,1108.89,5040.4,2026-08-24 11:39:00,SIMULATED_BACKTEST
1169,EaseMyTrip,DEL,HYD,2026-09-23,30,3458.7,975.53,4434.23,2026-08-24 11:39:00,SIMULATED_BACKTEST
1170,EaseMyTrip,DEL,HYD,2026-10-08,45,3155.97,890.15,4046.12,2026-08-24 11:39:00,SIMULATED_BACKTEST
1171,EaseMyTrip,DEL,PNQ,2026-08-25,1,5287.03,1491.22,6778.25,2026-08-24 11:39:00,SIMULATED_BACKTEST
1172,EaseMyTrip,DEL,PNQ,2026-08-31,7,4122.09,1162.64,5284.73,2026-08-24 11:39:00,SIMULATED_BACKTEST
1173,EaseMyTrip,DEL,PNQ,2026-09-08,15,3511.17,990.33,4501.5,2026-08-24 11:39:00,SIMULATED_BACKTEST
1174,EaseMyTrip,DEL,PNQ,2026-09-23,30,3062.81,863.87,3926.68,2026-08-24 11:39:00,SIMULATED_BACKTEST
1175,EaseMyTrip,DEL,PNQ,2026-10-08,45,2817.98,794.82,3612.8,2026-08-24 11:39:00,SIMULATED_BACKTEST
1176,EaseMyTrip,DEL,CCU,2026-08-25,1,6702.15,1890.35,8592.5,2026-08-24 11:39:00,SIMULATED_BACKTEST
1177,EaseMyTrip,DEL,CCU,2026-08-31,7,5281.27,1489.59,6770.86,2026-08-24 11:39:00,SIMULATED_BACKTEST
1178,EaseMyTrip,DEL,CCU,2026-09-08,15,4518.54,1274.46,5793.0,2026-08-24 11:39:00,SIMULATED_BACKTEST
1179,EaseMyTrip,DEL,CCU,2026-09-23,30,3920.87,1105.89,5026.76,2026-08-24 11:39:00,SIMULATED_BACKTEST
1180,EaseMyTrip,DEL,CCU,2026-10-08,45,3541.67,998.93,4540.6,2026-08-24 11:39:00,SIMULATED_BACKTEST
1181,EaseMyTrip,AMD,DEL,2026-08-25,1,5058.11,1426.64,6484.75,2026-08-24 11:39:00,SIMULATED_BACKTEST
1182,EaseMyTrip,AMD,DEL,2026-08-31,7,3987.95,1124.8,5112.75,2026-08-24 11:39:00,SIMULATED_BACKTEST
1183,EaseMyTrip,AMD,DEL,2026-09-08,15,3383.25,954.25,4337.5,2026-08-24 11:39:00,SIMULATED_BACKTEST
1184,EaseMyTrip,AMD,DEL,2026-09-23,30,2987.4,842.6,3830.0,2026-08-24 11:39:00,SIMULATED_BACKTEST
1185,EaseMyTrip,AMD,DEL,2026-10-08,45,2718.3,766.7,3485.0,2026-08-24 11:39:00,SIMULATED_BACKTEST
1186,EaseMyTrip,MAA,DEL,2026-08-25,1,7224.16,2037.59,9261.75,2026-08-24 11:39:00,SIMULATED_BACKTEST
1187,EaseMyTrip,MAA,DEL,2026-08-31,7,5681.48,1602.47,7283.95,2026-08-24 11:39:00,SIMULATED_BACKTEST
1188,EaseMyTrip,MAA,DEL,2026-09-08,15,4840.29,1365.21,6205.5,2026-08-24 11:39:00,SIMULATED_BACKTEST
1189,EaseMyTrip,MAA,DEL,2026-09-23,30,4248.04,1198.16,5446.2,2026-08-24 11:39:00,SIMULATED_BACKTEST
1190,EaseMyTrip,MAA,DEL,2026-10-08,45,3791.58,1069.42,4861.0,2026-08-24 11:39:00,SIMULATED_BACKTEST
1191,EaseMyTrip,HYD,BOM,2026-08-25,1,4941.49,1393.76,6335.25,2026-08-24 11:39:00,SIMULATED_BACKTEST
1192,EaseMyTrip,HYD,BOM,2026-08-31,7,3835.3,1081.75,4917.05,2026-08-24 11:39:00,SIMULATED_BACKTEST
1193,EaseMyTrip,HYD,BOM,2026-09-08,15,3327.09,938.41,4265.5,2026-08-24 11:39:00,SIMULATED_BACKTEST
1194,EaseMyTrip,HYD,BOM,2026-09-23,30,2874.92,810.88,3685.8,2026-08-24 11:39:00,SIMULATED_BACKTEST
1195,EaseMyTrip,HYD,BOM,2026-10-08,45,2614.56,737.44,3352.0,2026-08-24 11:39:00,SIMULATED_BACKTEST
1196,EaseMyTrip,BLR,CCU,2026-08-25,1,7006.35,1976.15,8982.5,2026-08-24 11:39:00,SIMULATED_BACKTEST
1197,EaseMyTrip,BLR,CCU,2026-08-31,7,5496.08,1550.18,7046.26,2026-08-24 11:39:00,SIMULATED_BACKTEST
1198,EaseMyTrip,BLR,CCU,2026-09-08,15,4595.76,1296.24,5892.0,2026-08-24 11:39:00,SIMULATED_BACKTEST
1199,EaseMyTrip,BLR,CCU,2026-09-23,30,4120.86,1162.3,5283.16,2026-08-24 11:39:00,SIMULATED_BACKTEST
1200,EaseMyTrip,BLR,CCU,2026-10-08,45,3696.89,1042.71,4739.6,2026-08-24 11:39:00,SIMULATED_BACKTEST
1201,EaseMyTrip,DEL,BOM,2026-08-26,1,7312.5,2062.5,9375.0,2026-08-25 08:42:00,SIMULATED_BACKTEST
1202,EaseMyTrip,DEL,BOM,2026-09-01,7,5762.2,1625.24,7387.44,2026-08-25 08:42:00,SIMULATED_BACKTEST
1203,EaseMyTrip,DEL,BOM,2026-09-09,15,4835.22,1363.78,6199.0,2026-08-25 08:42:00,SIMULATED_BACKTEST
1204,EaseMyTrip,DEL,BOM,2026-09-24,30,4226.07,1191.97,5418.04,2026-08-25 08:42:00,SIMULATED_BACKTEST
1205,EaseMyTrip,DEL,BOM,2026-10-09,45,3875.35,1093.05,4968.4,2026-08-25 08:42:00,SIMULATED_BACKTEST
1206,EaseMyTrip,BLR,DEL,2026-08-26,1,7921.68,2234.32,10156.0,2026-08-25 08:42:00,SIMULATED_BACKTEST
1207,EaseMyTrip,BLR,DEL,2026-09-01,7,6204.84,1750.08,7954.92,2026-08-25 08:42:00,SIMULATED_BACKTEST
1208,EaseMyTrip,BLR,DEL,2026-09-09,15,5233.02,1475.98,6709.0,2026-08-25 08:42:00,SIMULATED_BACKTEST
1209,EaseMyTrip,BLR,DEL,2026-09-24,30,4590.08,1294.64,5884.72,2026-08-25 08:42:00,SIMULATED_BACKTEST
1210,EaseMyTrip,BLR,DEL,2026-10-09,45,4187.2,1181.0,5368.2,2026-08-25 08:42:00,SIMULATED_BACKTEST
1211,EaseMyTrip,BLR,BOM,2026-08-26,1,4684.88,1321.37,6006.25,2026-08-25 08:42:00,SIMULATED_BACKTEST
1212,EaseMyTrip,BLR,BOM,2026-09-01,7,3693.03,1041.62,4734.65,2026-08-25 08:42:00,SIMULATED_BACKTEST
1213,EaseMyTrip,BLR,BOM,2026-09-09,15,3084.51,869.99,3954.5,2026-08-25 08:42:00,SIMULATED_BACKTEST
1214,EaseMyTrip,BLR,BOM,2026-09-24,30,2731.09,770.31,3501.4,2026-08-25 08:42:00,SIMULATED_BACKTEST
1215,EaseMyTrip,BLR,BOM,2026-10-09,45,2499.12,704.88,3204.0,2026-08-25 08:42:00,SIMULATED_BACKTEST
1216,EaseMyTrip,DEL,HYD,2026-08-26,1,5874.65,1656.95,7531.6,2026-08-25 08:42:00,SIMULATED_BACKTEST
1217,EaseMyTrip,DEL,HYD,2026-09-01,7,4604.46,1298.69,5903.15,2026-08-25 08:42:00,SIMULATED_BACKTEST
1218,EaseMyTrip,DEL,HYD,2026-09-09,15,3951.79,1114.61,5066.4,2026-08-25 08:42:00,SIMULATED_BACKTEST
1219,EaseMyTrip,DEL,HYD,2026-09-24,30,3480.54,981.69,4462.23,2026-08-25 08:42:00,SIMULATED_BACKTEST
1220,EaseMyTrip,DEL,HYD,2026-10-09,45,3138.81,885.31,4024.12,2026-08-25 08:42:00,SIMULATED_BACKTEST
1221,EaseMyTrip,DEL,PNQ,2026-08-26,1,5284.7,1490.55,6775.25,2026-08-25 08:42:00,SIMULATED_BACKTEST
1222,EaseMyTrip,DEL,PNQ,2026-09-01,7,4136.13,1166.6,5302.73,2026-08-25 08:42:00,SIMULATED_BACKTEST
1223,EaseMyTrip,DEL,PNQ,2026-09-09,15,3447.99,972.51,4420.5,2026-08-25 08:42:00,SIMULATED_BACKTEST
1224,EaseMyTrip,DEL,PNQ,2026-09-24,30,3090.89,871.79,3962.68,2026-08-25 08:42:00,SIMULATED_BACKTEST
1225,EaseMyTrip,DEL,PNQ,2026-10-09,45,2812.52,793.28,3605.8,2026-08-25 08:42:00,SIMULATED_BACKTEST
1226,EaseMyTrip,DEL,CCU,2026-08-26,1,6754.41,1905.09,8659.5,2026-08-25 08:42:00,SIMULATED_BACKTEST
1227,EaseMyTrip,DEL,CCU,2026-09-01,7,5250.07,1480.79,6730.86,2026-08-25 08:42:00,SIMULATED_BACKTEST
1228,EaseMyTrip,DEL,CCU,2026-09-09,15,4499.82,1269.18,5769.0,2026-08-25 08:42:00,SIMULATED_BACKTEST
1229,EaseMyTrip,DEL,CCU,2026-09-24,30,3973.91,1120.85,5094.76,2026-08-25 08:42:00,SIMULATED_BACKTEST
1230,EaseMyTrip,DEL,CCU,2026-10-09,45,3594.71,1013.89,4608.6,2026-08-25 08:42:00,SIMULATED_BACKTEST
1231,EaseMyTrip,AMD,DEL,2026-08-26,1,5040.16,1421.59,6461.75,2026-08-25 08:42:00,SIMULATED_BACKTEST
1232,EaseMyTrip,AMD,DEL,2026-09-01,7,3953.62,1115.13,5068.75,2026-08-25 08:42:00,SIMULATED_BACKTEST
1233,EaseMyTrip,AMD,DEL,2026-09-09,15,3381.69,953.81,4335.5,2026-08-25 08:42:00,SIMULATED_BACKTEST
1234,EaseMyTrip,AMD,DEL,2026-09-24,30,2939.82,829.18,3769.0,2026-08-25 08:42:00,SIMULATED_BACKTEST
1235,EaseMyTrip,AMD,DEL,2026-10-09,45,2665.26,751.74,3417.0,2026-08-25 08:42:00,SIMULATED_BACKTEST
1236,EaseMyTrip,MAA,DEL,2026-08-26,1,7234.31,2040.44,9274.75,2026-08-25 08:42:00,SIMULATED_BACKTEST
1237,EaseMyTrip,MAA,DEL,2026-09-01,7,5715.02,1611.93,7326.95,2026-08-25 08:42:00,SIMULATED_BACKTEST
1238,EaseMyTrip,MAA,DEL,2026-09-09,15,4773.21,1346.29,6119.5,2026-08-25 08:42:00,SIMULATED_BACKTEST
1239,EaseMyTrip,MAA,DEL,2026-09-24,30,4266.76,1203.44,5470.2,2026-08-25 08:42:00,SIMULATED_BACKTEST
1240,EaseMyTrip,MAA,DEL,2026-10-09,45,3841.5,1083.5,4925.0,2026-08-25 08:42:00,SIMULATED_BACKTEST
1241,EaseMyTrip,HYD,BOM,2026-08-26,1,4928.24,1390.01,6318.25,2026-08-25 08:42:00,SIMULATED_BACKTEST
1242,EaseMyTrip,HYD,BOM,2026-09-01,7,3826.72,1079.33,4906.05,2026-08-25 08:42:00,SIMULATED_BACKTEST
1243,EaseMyTrip,HYD,BOM,2026-09-09,15,3291.21,928.29,4219.5,2026-08-25 08:42:00,SIMULATED_BACKTEST
1244,EaseMyTrip,HYD,BOM,2026-09-24,30,2835.92,799.88,3635.8,2026-08-25 08:42:00,SIMULATED_BACKTEST
1245,EaseMyTrip,HYD,BOM,2026-10-09,45,2579.46,727.54,3307.0,2026-08-25 08:42:00,SIMULATED_BACKTEST
1246,EaseMyTrip,BLR,CCU,2026-08-26,1,6920.55,1951.95,8872.5,2026-08-25 08:42:00,SIMULATED_BACKTEST
1247,EaseMyTrip,BLR,CCU,2026-09-01,7,5517.14,1556.12,7073.26,2026-08-25 08:42:00,SIMULATED_BACKTEST
1248,EaseMyTrip,BLR,CCU,2026-09-09,15,4594.2,1295.8,5890.0,2026-08-25 08:42:00,SIMULATED_BACKTEST
1249,EaseMyTrip,BLR,CCU,2026-09-24,30,4120.08,1162.08,5282.16,2026-08-25 08:42:00,SIMULATED_BACKTEST
1250,EaseMyTrip,BLR,CCU,2026-10-09,45,3733.55,1053.05,4786.6,2026-08-25 08:42:00,SIMULATED_BACKTEST
1251,EaseMyTrip,DEL,BOM,2026-08-27,1,7287.54,2055.46,9343.0,2026-08-26 09:45:00,SIMULATED_BACKTEST
1252,EaseMyTrip,DEL,BOM,2026-09-02,7,5708.38,1610.06,7318.44,2026-08-26 09:45:00,SIMULATED_BACKTEST
1253,EaseMyTrip,DEL,BOM,2026-09-10,15,4818.06,1358.94,6177.0,2026-08-26 09:45:00,SIMULATED_BACKTEST
1254,EaseMyTrip,DEL,BOM,2026-09-25,30,4214.37,1188.67,5403.04,2026-08-26 09:45:00,SIMULATED_BACKTEST
1255,EaseMyTrip,DEL,BOM,2026-10-10,45,3850.39,1086.01,4936.4,2026-08-26 09:45:00,SIMULATED_BACKTEST
1256,EaseMyTrip,BLR,DEL,2026-08-27,1,7903.74,2229.26,10133.0,2026-08-26 09:45:00,SIMULATED_BACKTEST
1257,EaseMyTrip,BLR,DEL,2026-09-02,7,6180.66,1743.26,7923.92,2026-08-26 09:45:00,SIMULATED_BACKTEST
1258,EaseMyTrip,BLR,DEL,2026-09-10,15,5243.16,1478.84,6722.0,2026-08-26 09:45:00,SIMULATED_BACKTEST
1259,EaseMyTrip,BLR,DEL,2026-09-25,30,4661.06,1314.66,5975.72,2026-08-26 09:45:00,SIMULATED_BACKTEST
1260,EaseMyTrip,BLR,DEL,2026-10-10,45,4185.64,1180.56,5366.2,2026-08-26 09:45:00,SIMULATED_BACKTEST
1261,EaseMyTrip,BLR,BOM,2026-08-27,1,4695.02,1324.23,6019.25,2026-08-26 09:45:00,SIMULATED_BACKTEST
1262,EaseMyTrip,BLR,BOM,2026-09-02,7,3664.95,1033.7,4698.65,2026-08-26 09:45:00,SIMULATED_BACKTEST
1263,EaseMyTrip,BLR,BOM,2026-09-10,15,3132.87,883.63,4016.5,2026-08-26 09:45:00,SIMULATED_BACKTEST
1264,EaseMyTrip,BLR,BOM,2026-09-25,30,2769.31,781.09,3550.4,2026-08-26 09:45:00,SIMULATED_BACKTEST
1265,EaseMyTrip,BLR,BOM,2026-10-10,45,2436.72,687.28,3124.0,2026-08-26 09:45:00,SIMULATED_BACKTEST
1266,EaseMyTrip,DEL,HYD,2026-08-27,1,5926.13,1671.47,7597.6,2026-08-26 09:45:00,SIMULATED_BACKTEST
1267,EaseMyTrip,DEL,HYD,2026-09-02,7,4621.62,1303.53,5925.15,2026-08-26 09:45:00,SIMULATED_BACKTEST
1268,EaseMyTrip,DEL,HYD,2026-09-10,15,3870.67,1091.73,4962.4,2026-08-26 09:45:00,SIMULATED_BACKTEST
1269,EaseMyTrip,DEL,HYD,2026-09-25,30,3396.3,957.93,4354.23,2026-08-26 09:45:00,SIMULATED_BACKTEST
1270,EaseMyTrip,DEL,HYD,2026-10-10,45,3096.69,873.43,3970.12,2026-08-26 09:45:00,SIMULATED_BACKTEST
1271,EaseMyTrip,DEL,PNQ,2026-08-27,1,5274.56,1487.69,6762.25,2026-08-26 09:45:00,SIMULATED_BACKTEST
1272,EaseMyTrip,DEL,PNQ,2026-09-02,7,4086.21,1152.52,5238.73,2026-08-26 09:45:00,SIMULATED_BACKTEST
1273,EaseMyTrip,DEL,PNQ,2026-09-10,15,3480.75,981.75,4462.5,2026-08-26 09:45:00,SIMULATED_BACKTEST
1274,EaseMyTrip,DEL,PNQ,2026-09-25,30,3089.33,871.35,3960.68,2026-08-26 09:45:00,SIMULATED_BACKTEST
1275,EaseMyTrip,DEL,PNQ,2026-10-10,45,2768.06,780.74,3548.8,2026-08-26 09:45:00,SIMULATED_BACKTEST
1276,EaseMyTrip,DEL,CCU,2026-08-27,1,6752.85,1904.65,8657.5,2026-08-26 09:45:00,SIMULATED_BACKTEST
1277,EaseMyTrip,DEL,CCU,2026-09-02,7,5314.03,1498.83,6812.86,2026-08-26 09:45:00,SIMULATED_BACKTEST
1278,EaseMyTrip,DEL,CCU,2026-09-10,15,4485.78,1265.22,5751.0,2026-08-26 09:45:00,SIMULATED_BACKTEST
1279,EaseMyTrip,DEL,CCU,2026-09-25,30,3957.53,1116.23,5073.76,2026-08-26 09:45:00,SIMULATED_BACKTEST
1280,EaseMyTrip,DEL,CCU,2026-10-10,45,3525.29,994.31,4519.6,2026-08-26 09:45:00,SIMULATED_BACKTEST
1281,EaseMyTrip,AMD,DEL,2026-08-27,1,5093.2,1436.55,6529.75,2026-08-26 09:45:00,SIMULATED_BACKTEST
1282,EaseMyTrip,AMD,DEL,2026-09-02,7,4014.47,1132.28,5146.75,2026-08-26 09:45:00,SIMULATED_BACKTEST
1283,EaseMyTrip,AMD,DEL,2026-09-10,15,3357.51,946.99,4304.5,2026-08-26 09:45:00,SIMULATED_BACKTEST
1284,EaseMyTrip,AMD,DEL,2026-09-25,30,2996.76,845.24,3842.0,2026-08-26 09:45:00,SIMULATED_BACKTEST
1285,EaseMyTrip,AMD,DEL,2026-10-10,45,2668.38,752.62,3421.0,2026-08-26 09:45:00,SIMULATED_BACKTEST
1286,EaseMyTrip,MAA,DEL,2026-08-27,1,7185.16,2026.59,9211.75,2026-08-26 09:45:00,SIMULATED_BACKTEST
1287,EaseMyTrip,MAA,DEL,2026-09-02,7,5644.04,1591.91,7235.95,2026-08-26 09:45:00,SIMULATED_BACKTEST
1288,EaseMyTrip,MAA,DEL,2026-09-10,15,4778.67,1347.83,6126.5,2026-08-26 09:45:00,SIMULATED_BACKTEST
1289,EaseMyTrip,MAA,DEL,2026-09-25,30,4191.88,1182.32,5374.2,2026-08-26 09:45:00,SIMULATED_BACKTEST
1290,EaseMyTrip,MAA,DEL,2026-10-10,45,3816.54,1076.46,4893.0,2026-08-26 09:45:00,SIMULATED_BACKTEST
1291,EaseMyTrip,HYD,BOM,2026-08-27,1,4877.53,1375.72,6253.25,2026-08-26 09:45:00,SIMULATED_BACKTEST
1292,EaseMyTrip,HYD,BOM,2026-09-02,7,3845.44,1084.61,4930.05,2026-08-26 09:45:00,SIMULATED_BACKTEST
1293,EaseMyTrip,HYD,BOM,2026-09-10,15,3293.55,928.95,4222.5,2026-08-26 09:45:00,SIMULATED_BACKTEST
1294,EaseMyTrip,HYD,BOM,2026-09-25,30,2895.2,816.6,3711.8,2026-08-26 09:45:00,SIMULATED_BACKTEST
1295,EaseMyTrip,HYD,BOM,2026-10-10,45,2623.92,740.08,3364.0,2026-08-26 09:45:00,SIMULATED_BACKTEST
1296,EaseMyTrip,BLR,CCU,2026-08-27,1,6936.15,1956.35,8892.5,2026-08-26 09:45:00,SIMULATED_BACKTEST
1297,EaseMyTrip,BLR,CCU,2026-09-02,7,5511.68,1554.58,7066.26,2026-08-26 09:45:00,SIMULATED_BACKTEST
1298,EaseMyTrip,BLR,CCU,2026-09-10,15,4696.38,1324.62,6021.0,2026-08-26 09:45:00,SIMULATED_BACKTEST
1299,EaseMyTrip,BLR,CCU,2026-09-25,30,4081.86,1151.3,5233.16,2026-08-26 09:45:00,SIMULATED_BACKTEST
1300,EaseMyTrip,BLR,CCU,2026-10-10,45,3767.09,1062.51,4829.6,2026-08-26 09:45:00,SIMULATED_BACKTEST
1301,EaseMyTrip,DEL,BOM,2026-08-28,1,5863.26,1653.74,7517.0,2026-08-27 10:48:00,SIMULATED_BACKTEST
1302,EaseMyTrip,DEL,BOM,2026-09-03,7,4587.9,1294.02,5881.92,2026-08-27 10:48:00,SIMULATED_BACKTEST
1303,EaseMyTrip,DEL,BOM,2026-09-11,15,3896.1,1098.9,4995.0,2026-08-27 10:48:00,SIMULATED_BACKTEST
1304,EaseMyTrip,DEL,BOM,2026-09-26,30,3487.94,983.78,4471.72,2026-08-27 10:48:00,SIMULATED_BACKTEST
1305,EaseMyTrip,DEL,BOM,2026-10-11,45,3156.04,890.16,4046.2,2026-08-27 10:48:00,SIMULATED_BACKTEST
1306,EaseMyTrip,BLR,DEL,2026-08-28,1,6841.54,1929.66,8771.2,2026-08-27 10:48:00,SIMULATED_BACKTEST
1307,EaseMyTrip,BLR,DEL,2026-09-03,7,5330.41,1503.45,6833.86,2026-08-27 10:48:00,SIMULATED_BACKTEST
1308,EaseMyTrip,BLR,DEL,2026-09-11,15,4547.24,1282.56,5829.8,2026-08-27 10:48:00,SIMULATED_BACKTEST
1309,EaseMyTrip,BLR,DEL,2026-09-26,30,3982.23,1123.19,5105.42,2026-08-27 10:48:00,SIMULATED_BACKTEST
1310,EaseMyTrip,BLR,DEL,2026-10-11,45,3665.88,1033.96,4699.84,2026-08-27 10:48:00,SIMULATED_BACKTEST
1311,EaseMyTrip,BLR,BOM,2026-08-28,1,4247.88,1198.12,5446.0,2026-08-27 10:48:00,SIMULATED_BACKTEST
1312,EaseMyTrip,BLR,BOM,2026-09-03,7,3266.52,921.32,4187.84,2026-08-27 10:48:00,SIMULATED_BACKTEST
1313,EaseMyTrip,BLR,BOM,2026-09-11,15,2829.84,798.16,3628.0,2026-08-27 10:48:00,SIMULATED_BACKTEST
1314,EaseMyTrip,BLR,BOM,2026-09-26,30,2513.5,708.94,3222.44,2026-08-27 10:48:00,SIMULATED_BACKTEST
1315,EaseMyTrip,BLR,BOM,2026-10-11,45,2248.27,634.13,2882.4,2026-08-27 10:48:00,SIMULATED_BACKTEST
1316,EaseMyTrip,DEL,HYD,2026-08-28,1,5004.64,1411.56,6416.2,2026-08-27 10:48:00,SIMULATED_BACKTEST
1317,EaseMyTrip,DEL,HYD,2026-09-03,7,3973.37,1120.69,5094.06,2026-08-27 10:48:00,SIMULATED_BACKTEST
1318,EaseMyTrip,DEL,HYD,2026-09-11,15,3395.96,957.84,4353.8,2026-08-27 10:48:00,SIMULATED_BACKTEST
1319,EaseMyTrip,DEL,HYD,2026-09-26,30,2937.18,828.44,3765.62,2026-08-27 10:48:00,SIMULATED_BACKTEST
1320,EaseMyTrip,DEL,HYD,2026-10-11,45,2691.66,759.18,3450.84,2026-08-27 10:48:00,SIMULATED_BACKTEST
1321,EaseMyTrip,DEL,PNQ,2026-08-28,1,4725.55,1332.85,6058.4,2026-08-27 10:48:00,SIMULATED_BACKTEST
1322,EaseMyTrip,DEL,PNQ,2026-09-03,7,3668.97,1034.84,4703.81,2026-08-27 10:48:00,SIMULATED_BACKTEST
1323,EaseMyTrip,DEL,PNQ,2026-09-11,15,3138.41,885.19,4023.6,2026-08-27 10:48:00,SIMULATED_BACKTEST
1324,EaseMyTrip,DEL,PNQ,2026-09-26,30,2785.48,785.65,3571.13,2026-08-27 10:48:00,SIMULATED_BACKTEST
1325,EaseMyTrip,DEL,PNQ,2026-10-11,45,2486.23,701.25,3187.48,2026-08-27 10:48:00,SIMULATED_BACKTEST
1326,EaseMyTrip,DEL,CCU,2026-08-28,1,6019.88,1697.92,7717.8,2026-08-27 10:48:00,SIMULATED_BACKTEST
1327,EaseMyTrip,DEL,CCU,2026-09-03,7,4798.92,1353.54,6152.46,2026-08-27 10:48:00,SIMULATED_BACKTEST
1328,EaseMyTrip,DEL,CCU,2026-09-11,15,4061.62,1145.58,5207.2,2026-08-27 10:48:00,SIMULATED_BACKTEST
1329,EaseMyTrip,DEL,CCU,2026-09-26,30,3528.49,995.21,4523.7,2026-08-27 10:48:00,SIMULATED_BACKTEST
1330,EaseMyTrip,DEL,CCU,2026-10-11,45,3195.16,901.2,4096.36,2026-08-27 10:48:00,SIMULATED_BACKTEST
1331,EaseMyTrip,AMD,DEL,2026-08-28,1,4550.52,1283.48,5834.0,2026-08-27 10:48:00,SIMULATED_BACKTEST
1332,EaseMyTrip,AMD,DEL,2026-09-03,7,3585.66,1011.34,4597.0,2026-08-27 10:48:00,SIMULATED_BACKTEST
1333,EaseMyTrip,AMD,DEL,2026-09-11,15,3034.98,856.02,3891.0,2026-08-27 10:48:00,SIMULATED_BACKTEST
1334,EaseMyTrip,AMD,DEL,2026-09-26,30,2669.94,753.06,3423.0,2026-08-27 10:48:00,SIMULATED_BACKTEST
1335,EaseMyTrip,AMD,DEL,2026-10-11,45,2485.08,700.92,3186.0,2026-08-27 10:48:00,SIMULATED_BACKTEST
1336,EaseMyTrip,MAA,DEL,2026-08-28,1,6517.68,1838.32,8356.0,2026-08-27 10:48:00,SIMULATED_BACKTEST
1337,EaseMyTrip,MAA,DEL,2026-09-03,7,5107.07,1440.45,6547.52,2026-08-27 10:48:00,SIMULATED_BACKTEST
1338,EaseMyTrip,MAA,DEL,2026-09-11,15,4298.58,1212.42,5511.0,2026-08-27 10:48:00,SIMULATED_BACKTEST
1339,EaseMyTrip,MAA,DEL,2026-09-26,30,3852.67,1086.65,4939.32,2026-08-27 10:48:00,SIMULATED_BACKTEST
1340,EaseMyTrip,MAA,DEL,2026-10-11,45,3521.86,993.34,4515.2,2026-08-27 10:48:00,SIMULATED_BACKTEST
1341,EaseMyTrip,HYD,BOM,2026-08-28,1,4390.62,1238.38,5629.0,2026-08-27 10:48:00,SIMULATED_BACKTEST
1342,EaseMyTrip,HYD,BOM,2026-09-03,7,3485.26,983.02,4468.28,2026-08-27 10:48:00,SIMULATED_BACKTEST
1343,EaseMyTrip,HYD,BOM,2026-09-11,15,2959.32,834.68,3794.0,2026-08-27 10:48:00,SIMULATED_BACKTEST
1344,EaseMyTrip,HYD,BOM,2026-09-26,30,2645.35,746.13,3391.48,2026-08-27 10:48:00,SIMULATED_BACKTEST
1345,EaseMyTrip,HYD,BOM,2026-10-11,45,2348.42,662.38,3010.8,2026-08-27 10:48:00,SIMULATED_BACKTEST
1346,EaseMyTrip,BLR,CCU,2026-08-28,1,6356.84,1792.96,8149.8,2026-08-27 10:48:00,SIMULATED_BACKTEST
1347,EaseMyTrip,BLR,CCU,2026-09-03,7,5008.3,1412.6,6420.9,2026-08-27 10:48:00,SIMULATED_BACKTEST
1348,EaseMyTrip,BLR,CCU,2026-09-11,15,4180.96,1179.24,5360.2,2026-08-27 10:48:00,SIMULATED_BACKTEST
1349,EaseMyTrip,BLR,CCU,2026-09-26,30,3685.3,1039.44,4724.74,2026-08-27 10:48:00,SIMULATED_BACKTEST
1350,EaseMyTrip,BLR,CCU,2026-10-11,45,3378.77,952.99,4331.76,2026-08-27 10:48:00,SIMULATED_BACKTEST
1351,EaseMyTrip,DEL,BOM,2026-08-29,1,5993.68,1690.52,7684.2,2026-08-28 11:51:00,SIMULATED_BACKTEST
1352,EaseMyTrip,DEL,BOM,2026-09-04,7,4663.39,1315.31,5978.7,2026-08-28 11:51:00,SIMULATED_BACKTEST
1353,EaseMyTrip,DEL,BOM,2026-09-12,15,3966.14,1118.66,5084.8,2026-08-28 11:51:00,SIMULATED_BACKTEST
1354,EaseMyTrip,DEL,BOM,2026-09-27,30,3482.59,982.27,4464.86,2026-08-28 11:51:00,SIMULATED_BACKTEST
1355,EaseMyTrip,DEL,BOM,2026-10-12,45,3185.71,898.53,4084.24,2026-08-28 11:51:00,SIMULATED_BACKTEST
1356,EaseMyTrip,BLR,DEL,2026-08-29,1,6852.02,1932.62,8784.64,2026-08-28 11:51:00,SIMULATED_BACKTEST
1357,EaseMyTrip,BLR,DEL,2026-09-04,7,5455.26,1538.66,6993.92,2026-08-28 11:51:00,SIMULATED_BACKTEST
1358,EaseMyTrip,BLR,DEL,2026-09-12,15,4646.27,1310.49,5956.76,2026-08-28 11:51:00,SIMULATED_BACKTEST
1359,EaseMyTrip,BLR,DEL,2026-09-27,30,4035.71,1138.28,5173.99,2026-08-28 11:51:00,SIMULATED_BACKTEST
1360,EaseMyTrip,BLR,DEL,2026-10-12,45,3655.71,1031.1,4686.81,2026-08-28 11:51:00,SIMULATED_BACKTEST
1361,EaseMyTrip,BLR,BOM,2026-08-29,1,4277.83,1206.57,5484.4,2026-08-28 11:51:00,SIMULATED_BACKTEST
1362,EaseMyTrip,BLR,BOM,2026-09-04,7,3285.68,926.73,4212.41,2026-08-28 11:51:00,SIMULATED_BACKTEST
1363,EaseMyTrip,BLR,BOM,2026-09-12,15,2771.03,781.57,3552.6,2026-08-28 11:51:00,SIMULATED_BACKTEST
1364,EaseMyTrip,BLR,BOM,2026-09-27,30,2534.01,714.72,3248.73,2026-08-28 11:51:00,SIMULATED_BACKTEST
1365,EaseMyTrip,BLR,BOM,2026-10-12,45,2294.35,647.13,2941.48,2026-08-28 11:51:00,SIMULATED_BACKTEST
1366,EaseMyTrip,DEL,HYD,2026-08-29,1,5054.12,1425.52,6479.64,2026-08-28 11:51:00,SIMULATED_BACKTEST
1367,EaseMyTrip,DEL,HYD,2026-09-04,7,4002.15,1128.81,5130.96,2026-08-28 11:51:00,SIMULATED_BACKTEST
1368,EaseMyTrip,DEL,HYD,2026-09-12,15,3338.21,941.55,4279.76,2026-08-28 11:51:00,SIMULATED_BACKTEST
1369,EaseMyTrip,DEL,HYD,2026-09-27,30,3008.95,848.68,3857.63,2026-08-28 11:51:00,SIMULATED_BACKTEST
1370,EaseMyTrip,DEL,HYD,2026-10-12,45,2654.5,748.71,3403.21,2026-08-28 11:51:00,SIMULATED_BACKTEST
1371,EaseMyTrip,DEL,PNQ,2026-08-29,1,4763.52,1343.56,6107.08,2026-08-28 11:51:00,SIMULATED_BACKTEST
1372,EaseMyTrip,DEL,PNQ,2026-09-04,7,3699.95,1043.58,4743.53,2026-08-28 11:51:00,SIMULATED_BACKTEST
1373,EaseMyTrip,DEL,PNQ,2026-09-12,15,3233.66,912.06,4145.72,2026-08-28 11:51:00,SIMULATED_BACKTEST
1374,EaseMyTrip,DEL,PNQ,2026-09-27,30,2813.08,793.43,3606.51,2026-08-28 11:51:00,SIMULATED_BACKTEST
1375,EaseMyTrip,DEL,PNQ,2026-10-12,45,2547.78,718.6,3266.38,2026-08-28 11:51:00,SIMULATED_BACKTEST
1376,EaseMyTrip,DEL,CCU,2026-08-29,1,6080.54,1715.02,7795.56,2026-08-28 11:51:00,SIMULATED_BACKTEST
1377,EaseMyTrip,DEL,CCU,2026-09-04,7,4824.67,1360.8,6185.47,2026-08-28 11:51:00,SIMULATED_BACKTEST
1378,EaseMyTrip,DEL,CCU,2026-09-12,15,4101.27,1156.77,5258.04,2026-08-28 11:51:00,SIMULATED_BACKTEST
1379,EaseMyTrip,DEL,CCU,2026-09-27,30,3554.27,1002.49,4556.76,2026-08-28 11:51:00,SIMULATED_BACKTEST
1380,EaseMyTrip,DEL,CCU,2026-10-12,45,3266.82,921.41,4188.23,2026-08-28 11:51:00,SIMULATED_BACKTEST
1381,EaseMyTrip,AMD,DEL,2026-08-29,1,4586.4,1293.6,5880.0,2026-08-28 11:51:00,SIMULATED_BACKTEST
1382,EaseMyTrip,AMD,DEL,2026-09-04,7,3612.49,1018.91,4631.4,2026-08-28 11:51:00,SIMULATED_BACKTEST
1383,EaseMyTrip,AMD,DEL,2026-09-12,15,3052.92,861.08,3914.0,2026-08-28 11:51:00,SIMULATED_BACKTEST
1384,EaseMyTrip,AMD,DEL,2026-09-27,30,2726.41,768.99,3495.4,2026-08-28 11:51:00,SIMULATED_BACKTEST
1385,EaseMyTrip,AMD,DEL,2026-10-12,45,2414.1,680.9,3095.0,2026-08-28 11:51:00,SIMULATED_BACKTEST
1386,EaseMyTrip,MAA,DEL,2026-08-29,1,6547.48,1846.72,8394.2,2026-08-28 11:51:00,SIMULATED_BACKTEST
1387,EaseMyTrip,MAA,DEL,2026-09-04,7,5187.8,1463.22,6651.02,2026-08-28 11:51:00,SIMULATED_BACKTEST
1388,EaseMyTrip,MAA,DEL,2026-09-12,15,4407.62,1243.18,5650.8,2026-08-28 11:51:00,SIMULATED_BACKTEST
1389,EaseMyTrip,MAA,DEL,2026-09-27,30,3844.6,1084.38,4928.98,2026-08-28 11:51:00,SIMULATED_BACKTEST
1390,EaseMyTrip,MAA,DEL,2026-10-12,45,3461.2,976.24,4437.44,2026-08-28 11:51:00,SIMULATED_BACKTEST
1391,EaseMyTrip,HYD,BOM,2026-08-29,1,4425.56,1248.24,5673.8,2026-08-28 11:51:00,SIMULATED_BACKTEST
1392,EaseMyTrip,HYD,BOM,2026-09-04,7,3487.18,983.56,4470.74,2026-08-28 11:51:00,SIMULATED_BACKTEST
1393,EaseMyTrip,HYD,BOM,2026-09-12,15,2929.84,826.36,3756.2,2026-08-28 11:51:00,SIMULATED_BACKTEST
1394,EaseMyTrip,HYD,BOM,2026-09-27,30,2591.3,730.88,3322.18,2026-08-28 11:51:00,SIMULATED_BACKTEST
1395,EaseMyTrip,HYD,BOM,2026-10-12,45,2351.82,663.34,3015.16,2026-08-28 11:51:00,SIMULATED_BACKTEST
1396,EaseMyTrip,BLR,CCU,2026-08-29,1,6353.85,1792.11,8145.96,2026-08-28 11:51:00,SIMULATED_BACKTEST
1397,EaseMyTrip,BLR,CCU,2026-09-04,7,4980.14,1404.66,6384.8,2026-08-28 11:51:00,SIMULATED_BACKTEST
1398,EaseMyTrip,BLR,CCU,2026-09-12,15,4227.32,1192.32,5419.64,2026-08-28 11:51:00,SIMULATED_BACKTEST
1399,EaseMyTrip,BLR,CCU,2026-09-27,30,3779.26,1065.94,4845.2,2026-08-28 11:51:00,SIMULATED_BACKTEST
1400,EaseMyTrip,BLR,CCU,2026-10-12,45,3419.45,964.46,4383.91,2026-08-28 11:51:00,SIMULATED_BACKTEST
1401,EaseMyTrip,DEL,BOM,2026-08-30,1,5704.92,1609.08,7314.0,2026-08-29 08:54:00,SIMULATED_BACKTEST
1402,EaseMyTrip,DEL,BOM,2026-09-05,7,4444.44,1253.56,5698.0,2026-08-29 08:54:00,SIMULATED_BACKTEST
1403,EaseMyTrip,DEL,BOM,2026-09-13,15,3802.5,1072.5,4875.0,2026-08-29 08:54:00,SIMULATED_BACKTEST
1404,EaseMyTrip,DEL,BOM,2026-09-28,30,3297.06,929.94,4227.0,2026-08-29 08:54:00,SIMULATED_BACKTEST
1405,EaseMyTrip,DEL,BOM,2026-10-13,45,3016.26,850.74,3867.0,2026-08-29 08:54:00,SIMULATED_BACKTEST
1406,EaseMyTrip,BLR,DEL,2026-08-30,1,6530.16,1841.84,8372.0,2026-08-29 08:54:00,SIMULATED_BACKTEST
1407,EaseMyTrip,BLR,DEL,2026-09-05,7,5222.57,1473.03,6695.6,2026-08-29 08:54:00,SIMULATED_BACKTEST
1408,EaseMyTrip,BLR,DEL,2026-09-13,15,4380.48,1235.52,5616.0,2026-08-29 08:54:00,SIMULATED_BACKTEST
1409,EaseMyTrip,BLR,DEL,2026-09-28,30,3898.13,1099.47,4997.6,2026-08-29 08:54:00,SIMULATED_BACKTEST
1410,EaseMyTrip,BLR,DEL,2026-10-13,45,3543.54,999.46,4543.0,2026-08-29 08:54:00,SIMULATED_BACKTEST
1411,EaseMyTrip,BLR,BOM,2026-08-30,1,4076.28,1149.72,5226.0,2026-08-29 08:54:00,SIMULATED_BACKTEST
1412,EaseMyTrip,BLR,BOM,2026-09-05,7,3126.24,881.76,4008.0,2026-08-29 08:54:00,SIMULATED_BACKTEST
1413,EaseMyTrip,BLR,BOM,2026-09-13,15,2664.48,751.52,3416.0,2026-08-29 08:54:00,SIMULATED_BACKTEST
1414,EaseMyTrip,BLR,BOM,2026-09-28,30,2408.64,679.36,3088.0,2026-08-29 08:54:00,SIMULATED_BACKTEST
1415,EaseMyTrip,BLR,BOM,2026-10-13,45,2162.94,610.06,2773.0,2026-08-29 08:54:00,SIMULATED_BACKTEST
1416,EaseMyTrip,DEL,HYD,2026-08-30,1,4829.76,1362.24,6192.0,2026-08-29 08:54:00,SIMULATED_BACKTEST
1417,EaseMyTrip,DEL,HYD,2026-09-05,7,3829.49,1080.11,4909.6,2026-08-29 08:54:00,SIMULATED_BACKTEST
1418,EaseMyTrip,DEL,HYD,2026-09-13,15,3237.78,913.22,4151.0,2026-08-29 08:54:00,SIMULATED_BACKTEST
1419,EaseMyTrip,DEL,HYD,2026-09-28,30,2808.47,792.13,3600.6,2026-08-29 08:54:00,SIMULATED_BACKTEST
1420,EaseMyTrip,DEL,HYD,2026-10-13,45,2554.5,720.5,3275.0,2026-08-29 08:54:00,SIMULATED_BACKTEST
1421,EaseMyTrip,DEL,PNQ,2026-08-30,1,4601.22,1297.78,5899.0,2026-08-29 08:54:00,SIMULATED_BACKTEST
1422,EaseMyTrip,DEL,PNQ,2026-09-05,7,3623.26,1021.94,4645.2,2026-08-29 08:54:00,SIMULATED_BACKTEST
1423,EaseMyTrip,DEL,PNQ,2026-09-13,15,3040.44,857.56,3898.0,2026-08-29 08:54:00,SIMULATED_BACKTEST
1424,EaseMyTrip,DEL,PNQ,2026-09-28,30,2662.3,750.9,3413.2,2026-08-29 08:54:00,SIMULATED_BACKTEST
1425,EaseMyTrip,DEL,PNQ,2026-10-13,45,2400.84,677.16,3078.0,2026-08-29 08:54:00,SIMULATED_BACKTEST
1426,EaseMyTrip,DEL,CCU,2026-08-30,1,5803.2,1636.8,7440.0,2026-08-29 08:54:00,SIMULATED_BACKTEST
1427,EaseMyTrip,DEL,CCU,2026-09-05,7,4589.83,1294.57,5884.4,2026-08-29 08:54:00,SIMULATED_BACKTEST
1428,EaseMyTrip,DEL,CCU,2026-09-13,15,3845.4,1084.6,4930.0,2026-08-29 08:54:00,SIMULATED_BACKTEST
1429,EaseMyTrip,DEL,CCU,2026-09-28,30,3447.13,972.27,4419.4,2026-08-29 08:54:00,SIMULATED_BACKTEST
1430,EaseMyTrip,DEL,CCU,2026-10-13,45,3137.16,884.84,4022.0,2026-08-29 08:54:00,SIMULATED_BACKTEST
1431,EaseMyTrip,AMD,DEL,2026-08-30,1,4371.9,1233.1,5605.0,2026-08-29 08:54:00,SIMULATED_BACKTEST
1432,EaseMyTrip,AMD,DEL,2026-09-05,7,3400.8,959.2,4360.0,2026-08-29 08:54:00,SIMULATED_BACKTEST
1433,EaseMyTrip,AMD,DEL,2026-09-13,15,2952.3,832.7,3785.0,2026-08-29 08:54:00,SIMULATED_BACKTEST
1434,EaseMyTrip,AMD,DEL,2026-09-28,30,2627.82,741.18,3369.0,2026-08-29 08:54:00,SIMULATED_BACKTEST
1435,EaseMyTrip,AMD,DEL,2026-10-13,45,2303.34,649.66,2953.0,2026-08-29 08:54:00,SIMULATED_BACKTEST
1436,EaseMyTrip,MAA,DEL,2026-08-30,1,6264.96,1767.04,8032.0,2026-08-29 08:54:00,SIMULATED_BACKTEST
1437,EaseMyTrip,MAA,DEL,2026-09-05,7,4930.38,1390.62,6321.0,2026-08-29 08:54:00,SIMULATED_BACKTEST
1438,EaseMyTrip,MAA,DEL,2026-09-13,15,4141.8,1168.2,5310.0,2026-08-29 08:54:00,SIMULATED_BACKTEST
1439,EaseMyTrip,MAA,DEL,2026-09-28,30,3690.96,1041.04,4732.0,2026-08-29 08:54:00,SIMULATED_BACKTEST
1440,EaseMyTrip,MAA,DEL,2026-10-13,45,3346.2,943.8,4290.0,2026-08-29 08:54:00,SIMULATED_BACKTEST
1441,EaseMyTrip,HYD,BOM,2026-08-30,1,4305.6,1214.4,5520.0,2026-08-29 08:54:00,SIMULATED_BACKTEST
1442,EaseMyTrip,HYD,BOM,2026-09-05,7,3312.66,934.34,4247.0,2026-08-29 08:54:00,SIMULATED_BACKTEST
1443,EaseMyTrip,HYD,BOM,2026-09-13,15,2850.9,804.1,3655.0,2026-08-29 08:54:00,SIMULATED_BACKTEST
1444,EaseMyTrip,HYD,BOM,2026-09-28,30,2480.4,699.6,3180.0,2026-08-29 08:54:00,SIMULATED_BACKTEST
1445,EaseMyTrip,HYD,BOM,2026-10-13,45,2329.08,656.92,2986.0,2026-08-29 08:54:00,SIMULATED_BACKTEST
1446,EaseMyTrip,BLR,CCU,2026-08-30,1,6012.24,1695.76,7708.0,2026-08-29 08:54:00,SIMULATED_BACKTEST
1447,EaseMyTrip,BLR,CCU,2026-09-05,7,4737.25,1336.15,6073.4,2026-08-29 08:54:00,SIMULATED_BACKTEST
1448,EaseMyTrip,BLR,CCU,2026-09-13,15,4083.3,1151.7,5235.0,2026-08-29 08:54:00,SIMULATED_BACKTEST
1449,EaseMyTrip,BLR,CCU,2026-09-28,30,3571.93,1007.47,4579.4,2026-08-29 08:54:00,SIMULATED_BACKTEST
1450,EaseMyTrip,BLR,CCU,2026-10-13,45,3279.9,925.1,4205.0,2026-08-29 08:54:00,SIMULATED_BACKTEST
1451,EaseMyTrip,DEL,BOM,2026-08-31,1,5719.12,1613.08,7332.2,2026-08-30 09:57:00,SIMULATED_BACKTEST
1452,EaseMyTrip,DEL,BOM,2026-09-06,7,4530.07,1277.71,5807.78,2026-08-30 09:57:00,SIMULATED_BACKTEST
1453,EaseMyTrip,DEL,BOM,2026-09-14,15,3780.5,1066.3,4846.8,2026-08-30 09:57:00,SIMULATED_BACKTEST
1454,EaseMyTrip,DEL,BOM,2026-09-29,30,3375.17,951.97,4327.14,2026-08-30 09:57:00,SIMULATED_BACKTEST
1455,EaseMyTrip,DEL,BOM,2026-10-14,45,3077.13,867.91,3945.04,2026-08-30 09:57:00,SIMULATED_BACKTEST
1456,EaseMyTrip,BLR,DEL,2026-08-31,1,6637.36,1872.08,8509.44,2026-08-30 09:57:00,SIMULATED_BACKTEST
1457,EaseMyTrip,BLR,DEL,2026-09-06,7,5208.57,1469.08,6677.65,2026-08-30 09:57:00,SIMULATED_BACKTEST
1458,EaseMyTrip,BLR,DEL,2026-09-14,15,4384.35,1236.61,5620.96,2026-08-30 09:57:00,SIMULATED_BACKTEST
1459,EaseMyTrip,BLR,DEL,2026-09-29,30,3924.3,1106.86,5031.16,2026-08-30 09:57:00,SIMULATED_BACKTEST
1460,EaseMyTrip,BLR,DEL,2026-10-14,45,3505.3,988.67,4493.97,2026-08-30 09:57:00,SIMULATED_BACKTEST
1461,EaseMyTrip,BLR,BOM,2026-08-31,1,4020.43,1133.97,5154.4,2026-08-30 09:57:00,SIMULATED_BACKTEST
1462,EaseMyTrip,BLR,BOM,2026-09-06,7,3253.04,917.53,4170.57,2026-08-30 09:57:00,SIMULATED_BACKTEST
1463,EaseMyTrip,BLR,BOM,2026-09-14,15,2696.93,760.67,3457.6,2026-08-30 09:57:00,SIMULATED_BACKTEST
1464,EaseMyTrip,BLR,BOM,2026-09-29,30,2417.45,681.84,3099.29,2026-08-30 09:57:00,SIMULATED_BACKTEST
1465,EaseMyTrip,BLR,BOM,2026-10-14,45,2198.88,620.2,2819.08,2026-08-30 09:57:00,SIMULATED_BACKTEST
1466,EaseMyTrip,DEL,HYD,2026-08-31,1,4823.08,1360.36,6183.44,2026-08-30 09:57:00,SIMULATED_BACKTEST
1467,EaseMyTrip,DEL,HYD,2026-09-06,7,3850.46,1086.03,4936.49,2026-08-30 09:57:00,SIMULATED_BACKTEST
1468,EaseMyTrip,DEL,HYD,2026-09-14,15,3289.23,927.73,4216.96,2026-08-30 09:57:00,SIMULATED_BACKTEST
1469,EaseMyTrip,DEL,HYD,2026-09-29,30,2849.81,803.79,3653.6,2026-08-30 09:57:00,SIMULATED_BACKTEST
1470,EaseMyTrip,DEL,HYD,2026-10-14,45,2581.31,728.06,3309.37,2026-08-30 09:57:00,SIMULATED_BACKTEST
1471,EaseMyTrip,DEL,PNQ,2026-08-31,1,4561.19,1286.49,5847.68,2026-08-30 09:57:00,SIMULATED_BACKTEST
1472,EaseMyTrip,DEL,PNQ,2026-09-06,7,3632.4,1024.52,4656.92,2026-08-30 09:57:00,SIMULATED_BACKTEST
1473,EaseMyTrip,DEL,PNQ,2026-09-14,15,3104.49,875.63,3980.12,2026-08-30 09:57:00,SIMULATED_BACKTEST
1474,EaseMyTrip,DEL,PNQ,2026-09-29,30,2639.2,744.39,3383.59,2026-08-30 09:57:00,SIMULATED_BACKTEST
1475,EaseMyTrip,DEL,PNQ,2026-10-14,45,2429.62,685.28,3114.9,2026-08-30 09:57:00,SIMULATED_BACKTEST
1476,EaseMyTrip,DEL,CCU,2026-08-31,1,5875.55,1657.21,7532.76,2026-08-30 09:57:00,SIMULATED_BACKTEST
1477,EaseMyTrip,DEL,CCU,2026-09-06,7,4658.48,1313.93,5972.41,2026-08-30 09:57:00,SIMULATED_BACKTEST
1478,EaseMyTrip,DEL,CCU,2026-09-14,15,3968.52,1119.32,5087.84,2026-08-30 09:57:00,SIMULATED_BACKTEST
1479,EaseMyTrip,DEL,CCU,2026-09-29,30,3465.9,977.56,4443.46,2026-08-30 09:57:00,SIMULATED_BACKTEST
1480,EaseMyTrip,DEL,CCU,2026-10-14,45,3111.32,877.55,3988.87,2026-08-30 09:57:00,SIMULATED_BACKTEST
1481,EaseMyTrip,AMD,DEL,2026-08-31,1,4449.12,1254.88,5704.0,2026-08-30 09:57:00,SIMULATED_BACKTEST
1482,EaseMyTrip,AMD,DEL,2026-09-06,7,3532.93,996.47,4529.4,2026-08-30 09:57:00,SIMULATED_BACKTEST
1483,EaseMyTrip,AMD,DEL,2026-09-14,15,2987.4,842.6,3830.0,2026-08-30 09:57:00,SIMULATED_BACKTEST
1484,EaseMyTrip,AMD,DEL,2026-09-29,30,2635.93,743.47,3379.4,2026-08-30 09:57:00,SIMULATED_BACKTEST
1485,EaseMyTrip,AMD,DEL,2026-10-14,45,2351.7,663.3,3015.0,2026-08-30 09:57:00,SIMULATED_BACKTEST
1486,EaseMyTrip,MAA,DEL,2026-08-31,1,6277.6,1770.6,8048.2,2026-08-30 09:57:00,SIMULATED_BACKTEST
1487,EaseMyTrip,MAA,DEL,2026-09-06,7,4916.73,1386.77,6303.5,2026-08-30 09:57:00,SIMULATED_BACKTEST
1488,EaseMyTrip,MAA,DEL,2026-09-14,15,4199.36,1184.44,5383.8,2026-08-30 09:57:00,SIMULATED_BACKTEST
1489,EaseMyTrip,MAA,DEL,2026-09-29,30,3650.91,1029.75,4680.66,2026-08-30 09:57:00,SIMULATED_BACKTEST
1490,EaseMyTrip,MAA,DEL,2026-10-14,45,3370.57,950.67,4321.24,2026-08-30 09:57:00,SIMULATED_BACKTEST
1491,EaseMyTrip,HYD,BOM,2026-08-31,1,4270.34,1204.46,5474.8,2026-08-30 09:57:00,SIMULATED_BACKTEST
1492,EaseMyTrip,HYD,BOM,2026-09-06,7,3345.78,943.68,4289.46,2026-08-30 09:57:00,SIMULATED_BACKTEST
1493,EaseMyTrip,HYD,BOM,2026-09-14,15,2836.24,799.96,3636.2,2026-08-30 09:57:00,SIMULATED_BACKTEST
1494,EaseMyTrip,HYD,BOM,2026-09-29,30,2488.75,701.95,3190.7,2026-08-30 09:57:00,SIMULATED_BACKTEST
1495,EaseMyTrip,HYD,BOM,2026-10-14,45,2251.36,635.0,2886.36,2026-08-30 09:57:00,SIMULATED_BACKTEST
1496,EaseMyTrip,BLR,CCU,2026-08-31,1,6130.92,1729.24,7860.16,2026-08-30 09:57:00,SIMULATED_BACKTEST
1497,EaseMyTrip,BLR,CCU,2026-09-06,7,4822.97,1360.33,6183.3,2026-08-30 09:57:00,SIMULATED_BACKTEST
1498,EaseMyTrip,BLR,CCU,2026-09-14,15,4073.5,1148.94,5222.44,2026-08-30 09:57:00,SIMULATED_BACKTEST
1499,EaseMyTrip,BLR,CCU,2026-09-29,30,3552.02,1001.85,4553.87,2026-08-30 09:57:00,SIMULATED_BACKTEST
1500,EaseMyTrip,BLR,CCU,2026-10-14,45,3301.86,931.29,4233.15,2026-08-30 09:57:00,SIMULATED_BACKTEST
